split,model,site,origin,target_month,horizon,actual_m3,forecast_m3,scale_m3,model_details
development,seasonal_naive,"1507 Suutarilan ala-asteen koulu, Päiväkoti Seulanen, Suutarilan monitoimitalo",2015-12,2016-01,1,267.0,280.0,25.183333333333334,{'seasonalPeriod': 12}
development,seasonal_naive,"1507 Suutarilan ala-asteen koulu, Päiväkoti Seulanen, Suutarilan monitoimitalo",2015-12,2016-02,2,226.0,267.0,25.183333333333334,{'seasonalPeriod': 12}
development,seasonal_naive,"1507 Suutarilan ala-asteen koulu, Päiväkoti Seulanen, Suutarilan monitoimitalo",2015-12,2016-03,3,259.0,388.0,25.183333333333334,{'seasonalPeriod': 12}
development,seasonal_naive,"1507 Suutarilan ala-asteen koulu, Päiväkoti Seulanen, Suutarilan monitoimitalo",2015-12,2016-04,4,272.0,306.0,25.183333333333334,{'seasonalPeriod': 12}
development,seasonal_naive,"1507 Suutarilan ala-asteen koulu, Päiväkoti Seulanen, Suutarilan monitoimitalo",2015-12,2016-05,5,265.0,266.0,25.183333333333334,{'seasonalPeriod': 12}
development,seasonal_naive,"1507 Suutarilan ala-asteen koulu, Päiväkoti Seulanen, Suutarilan monitoimitalo",2015-12,2016-06,6,263.0,161.0,25.183333333333334,{'seasonalPeriod': 12}
development,ets,"1507 Suutarilan ala-asteen koulu, Päiväkoti Seulanen, Suutarilan monitoimitalo",2015-12,2016-01,1,267.0,281.1050297753829,25.183333333333334,"{'specification': 'ETS(A,Ad,A), deterministic grid', 'sse': 73891.73075189139, 'alpha': 0.1, 'beta': 0.01, 'gamma': 0.4, 'phi': 0.9}"
development,ets,"1507 Suutarilan ala-asteen koulu, Päiväkoti Seulanen, Suutarilan monitoimitalo",2015-12,2016-02,2,226.0,258.3571483124593,25.183333333333334,"{'specification': 'ETS(A,Ad,A), deterministic grid', 'sse': 73891.73075189139, 'alpha': 0.1, 'beta': 0.01, 'gamma': 0.4, 'phi': 0.9}"
development,ets,"1507 Suutarilan ala-asteen koulu, Päiväkoti Seulanen, Suutarilan monitoimitalo",2015-12,2016-03,3,259.0,346.20471332542365,25.183333333333334,"{'specification': 'ETS(A,Ad,A), deterministic grid', 'sse': 73891.73075189139, 'alpha': 0.1, 'beta': 0.01, 'gamma': 0.4, 'phi': 0.9}"
development,ets,"1507 Suutarilan ala-asteen koulu, Päiväkoti Seulanen, Suutarilan monitoimitalo",2015-12,2016-04,4,272.0,293.79687720882913,25.183333333333334,"{'specification': 'ETS(A,Ad,A), deterministic grid', 'sse': 73891.73075189139, 'alpha': 0.1, 'beta': 0.01, 'gamma': 0.4, 'phi': 0.9}"
development,ets,"1507 Suutarilan ala-asteen koulu, Päiväkoti Seulanen, Suutarilan monitoimitalo",2015-12,2016-05,5,265.0,289.79993773737647,25.183333333333334,"{'specification': 'ETS(A,Ad,A), deterministic grid', 'sse': 73891.73075189139, 'alpha': 0.1, 'beta': 0.01, 'gamma': 0.4, 'phi': 0.9}"
development,ets,"1507 Suutarilan ala-asteen koulu, Päiväkoti Seulanen, Suutarilan monitoimitalo",2015-12,2016-06,6,263.0,162.88902445283173,25.183333333333334,"{'specification': 'ETS(A,Ad,A), deterministic grid', 'sse': 73891.73075189139, 'alpha': 0.1, 'beta': 0.01, 'gamma': 0.4, 'phi': 0.9}"
development,sarima_paper,"1507 Suutarilan ala-asteen koulu, Päiväkoti Seulanen, Suutarilan monitoimitalo",2015-12,2016-01,1,267.0,276.8110694607424,25.183333333333334,"{'aic': 416.2981237762416, 'order': '(0, 1, 2)', 'seasonalOrder': '(0, 1, 1, 12)'}"
development,sarima_paper,"1507 Suutarilan ala-asteen koulu, Päiväkoti Seulanen, Suutarilan monitoimitalo",2015-12,2016-02,2,226.0,256.2511784646139,25.183333333333334,"{'aic': 416.2981237762416, 'order': '(0, 1, 2)', 'seasonalOrder': '(0, 1, 1, 12)'}"
development,sarima_paper,"1507 Suutarilan ala-asteen koulu, Päiväkoti Seulanen, Suutarilan monitoimitalo",2015-12,2016-03,3,259.0,356.66049571391875,25.183333333333334,"{'aic': 416.2981237762416, 'order': '(0, 1, 2)', 'seasonalOrder': '(0, 1, 1, 12)'}"
development,sarima_paper,"1507 Suutarilan ala-asteen koulu, Päiväkoti Seulanen, Suutarilan monitoimitalo",2015-12,2016-04,4,272.0,293.03496158388134,25.183333333333334,"{'aic': 416.2981237762416, 'order': '(0, 1, 2)', 'seasonalOrder': '(0, 1, 1, 12)'}"
development,sarima_paper,"1507 Suutarilan ala-asteen koulu, Päiväkoti Seulanen, Suutarilan monitoimitalo",2015-12,2016-05,5,265.0,276.14245055763456,25.183333333333334,"{'aic': 416.2981237762416, 'order': '(0, 1, 2)', 'seasonalOrder': '(0, 1, 1, 12)'}"
development,sarima_paper,"1507 Suutarilan ala-asteen koulu, Päiväkoti Seulanen, Suutarilan monitoimitalo",2015-12,2016-06,6,263.0,152.12307320099,25.183333333333334,"{'aic': 416.2981237762416, 'order': '(0, 1, 2)', 'seasonalOrder': '(0, 1, 1, 12)'}"
development,harmonic_ridge,"1507 Suutarilan ala-asteen koulu, Päiväkoti Seulanen, Suutarilan monitoimitalo",2015-12,2016-01,1,267.0,280.25964010107833,25.183333333333334,"{'alpha': 10.0, 'features': 8}"
development,harmonic_ridge,"1507 Suutarilan ala-asteen koulu, Päiväkoti Seulanen, Suutarilan monitoimitalo",2015-12,2016-02,2,226.0,280.74765922383426,25.183333333333334,"{'alpha': 10.0, 'features': 8}"
development,harmonic_ridge,"1507 Suutarilan ala-asteen koulu, Päiväkoti Seulanen, Suutarilan monitoimitalo",2015-12,2016-03,3,259.0,353.9310531461773,25.183333333333334,"{'alpha': 10.0, 'features': 8}"
development,harmonic_ridge,"1507 Suutarilan ala-asteen koulu, Päiväkoti Seulanen, Suutarilan monitoimitalo",2015-12,2016-04,4,272.0,288.4361222720938,25.183333333333334,"{'alpha': 10.0, 'features': 8}"
development,harmonic_ridge,"1507 Suutarilan ala-asteen koulu, Päiväkoti Seulanen, Suutarilan monitoimitalo",2015-12,2016-05,5,265.0,239.90211493002715,25.183333333333334,"{'alpha': 10.0, 'features': 8}"
development,harmonic_ridge,"1507 Suutarilan ala-asteen koulu, Päiväkoti Seulanen, Suutarilan monitoimitalo",2015-12,2016-06,6,263.0,162.58847987750784,25.183333333333334,"{'alpha': 10.0, 'features': 8}"
development,seasonal_naive,"1507 Suutarilan ala-asteen koulu, Päiväkoti Seulanen, Suutarilan monitoimitalo",2016-03,2016-04,1,272.0,306.0,26.88888888888889,{'seasonalPeriod': 12}
development,seasonal_naive,"1507 Suutarilan ala-asteen koulu, Päiväkoti Seulanen, Suutarilan monitoimitalo",2016-03,2016-05,2,265.0,266.0,26.88888888888889,{'seasonalPeriod': 12}
development,seasonal_naive,"1507 Suutarilan ala-asteen koulu, Päiväkoti Seulanen, Suutarilan monitoimitalo",2016-03,2016-06,3,263.0,161.0,26.88888888888889,{'seasonalPeriod': 12}
development,seasonal_naive,"1507 Suutarilan ala-asteen koulu, Päiväkoti Seulanen, Suutarilan monitoimitalo",2016-03,2016-07,4,269.0,82.0,26.88888888888889,{'seasonalPeriod': 12}
development,seasonal_naive,"1507 Suutarilan ala-asteen koulu, Päiväkoti Seulanen, Suutarilan monitoimitalo",2016-03,2016-08,5,241.0,266.0,26.88888888888889,{'seasonalPeriod': 12}
development,seasonal_naive,"1507 Suutarilan ala-asteen koulu, Päiväkoti Seulanen, Suutarilan monitoimitalo",2016-03,2016-09,6,314.0,315.0,26.88888888888889,{'seasonalPeriod': 12}
development,ets,"1507 Suutarilan ala-asteen koulu, Päiväkoti Seulanen, Suutarilan monitoimitalo",2016-03,2016-04,1,272.0,276.6320960489289,26.88888888888889,"{'specification': 'ETS(A,Ad,A), deterministic grid', 'sse': 81580.68276849904, 'alpha': 0.1, 'beta': 0.05, 'gamma': 0.4, 'phi': 0.98}"
development,ets,"1507 Suutarilan ala-asteen koulu, Päiväkoti Seulanen, Suutarilan monitoimitalo",2016-03,2016-05,2,265.0,271.51209753973956,26.88888888888889,"{'specification': 'ETS(A,Ad,A), deterministic grid', 'sse': 81580.68276849904, 'alpha': 0.1, 'beta': 0.05, 'gamma': 0.4, 'phi': 0.98}"
development,ets,"1507 Suutarilan ala-asteen koulu, Päiväkoti Seulanen, Suutarilan monitoimitalo",2016-03,2016-06,3,263.0,143.61997344735232,26.88888888888889,"{'specification': 'ETS(A,Ad,A), deterministic grid', 'sse': 81580.68276849904, 'alpha': 0.1, 'beta': 0.05, 'gamma': 0.4, 'phi': 0.98}"
development,ets,"1507 Suutarilan ala-asteen koulu, Päiväkoti Seulanen, Suutarilan monitoimitalo",2016-03,2016-07,4,269.0,70.84995723984485,26.88888888888889,"{'specification': 'ETS(A,Ad,A), deterministic grid', 'sse': 81580.68276849904, 'alpha': 0.1, 'beta': 0.05, 'gamma': 0.4, 'phi': 0.98}"
development,ets,"1507 Suutarilan ala-asteen koulu, Päiväkoti Seulanen, Suutarilan monitoimitalo",2016-03,2016-08,5,241.0,232.8730698287,26.88888888888889,"{'specification': 'ETS(A,Ad,A), deterministic grid', 'sse': 81580.68276849904, 'alpha': 0.1, 'beta': 0.05, 'gamma': 0.4, 'phi': 0.98}"
development,ets,"1507 Suutarilan ala-asteen koulu, Päiväkoti Seulanen, Suutarilan monitoimitalo",2016-03,2016-09,6,314.0,296.31138709907236,26.88888888888889,"{'specification': 'ETS(A,Ad,A), deterministic grid', 'sse': 81580.68276849904, 'alpha': 0.1, 'beta': 0.05, 'gamma': 0.4, 'phi': 0.98}"
development,sarima_paper,"1507 Suutarilan ala-asteen koulu, Päiväkoti Seulanen, Suutarilan monitoimitalo",2016-03,2016-04,1,272.0,276.57801277847096,26.88888888888889,"{'aic': 454.5419452269866, 'order': '(0, 1, 2)', 'seasonalOrder': '(0, 1, 1, 12)'}"
development,sarima_paper,"1507 Suutarilan ala-asteen koulu, Päiväkoti Seulanen, Suutarilan monitoimitalo",2016-03,2016-05,2,265.0,263.86267985311775,26.88888888888889,"{'aic': 454.5419452269866, 'order': '(0, 1, 2)', 'seasonalOrder': '(0, 1, 1, 12)'}"
development,sarima_paper,"1507 Suutarilan ala-asteen koulu, Päiväkoti Seulanen, Suutarilan monitoimitalo",2016-03,2016-06,3,263.0,136.9712013148699,26.88888888888889,"{'aic': 454.5419452269866, 'order': '(0, 1, 2)', 'seasonalOrder': '(0, 1, 1, 12)'}"
development,sarima_paper,"1507 Suutarilan ala-asteen koulu, Päiväkoti Seulanen, Suutarilan monitoimitalo",2016-03,2016-07,4,269.0,59.66791971046454,26.88888888888889,"{'aic': 454.5419452269866, 'order': '(0, 1, 2)', 'seasonalOrder': '(0, 1, 1, 12)'}"
development,sarima_paper,"1507 Suutarilan ala-asteen koulu, Päiväkoti Seulanen, Suutarilan monitoimitalo",2016-03,2016-08,5,241.0,230.22832552231716,26.88888888888889,"{'aic': 454.5419452269866, 'order': '(0, 1, 2)', 'seasonalOrder': '(0, 1, 1, 12)'}"
development,sarima_paper,"1507 Suutarilan ala-asteen koulu, Päiväkoti Seulanen, Suutarilan monitoimitalo",2016-03,2016-09,6,314.0,289.9134848134933,26.88888888888889,"{'aic': 454.5419452269866, 'order': '(0, 1, 2)', 'seasonalOrder': '(0, 1, 1, 12)'}"
development,harmonic_ridge,"1507 Suutarilan ala-asteen koulu, Päiväkoti Seulanen, Suutarilan monitoimitalo",2016-03,2016-04,1,272.0,269.76446679580187,26.88888888888889,"{'alpha': 10.0, 'features': 8}"
development,harmonic_ridge,"1507 Suutarilan ala-asteen koulu, Päiväkoti Seulanen, Suutarilan monitoimitalo",2016-03,2016-05,2,265.0,233.31374166255205,26.88888888888889,"{'alpha': 10.0, 'features': 8}"
development,harmonic_ridge,"1507 Suutarilan ala-asteen koulu, Päiväkoti Seulanen, Suutarilan monitoimitalo",2016-03,2016-06,3,263.0,153.30603891734,26.88888888888889,"{'alpha': 10.0, 'features': 8}"
development,harmonic_ridge,"1507 Suutarilan ala-asteen koulu, Päiväkoti Seulanen, Suutarilan monitoimitalo",2016-03,2016-07,4,269.0,99.47481572848321,26.88888888888889,"{'alpha': 10.0, 'features': 8}"
development,harmonic_ridge,"1507 Suutarilan ala-asteen koulu, Päiväkoti Seulanen, Suutarilan monitoimitalo",2016-03,2016-08,5,241.0,228.69390017394159,26.88888888888889,"{'alpha': 10.0, 'features': 8}"
development,harmonic_ridge,"1507 Suutarilan ala-asteen koulu, Päiväkoti Seulanen, Suutarilan monitoimitalo",2016-03,2016-09,6,314.0,284.9643152361326,26.88888888888889,"{'alpha': 10.0, 'features': 8}"
development,seasonal_naive,"1507 Suutarilan ala-asteen koulu, Päiväkoti Seulanen, Suutarilan monitoimitalo",2016-06,2016-07,1,269.0,82.0,27.742424242424242,{'seasonalPeriod': 12}
development,seasonal_naive,"1507 Suutarilan ala-asteen koulu, Päiväkoti Seulanen, Suutarilan monitoimitalo",2016-06,2016-08,2,241.0,266.0,27.742424242424242,{'seasonalPeriod': 12}
development,seasonal_naive,"1507 Suutarilan ala-asteen koulu, Päiväkoti Seulanen, Suutarilan monitoimitalo",2016-06,2016-09,3,314.0,315.0,27.742424242424242,{'seasonalPeriod': 12}
development,seasonal_naive,"1507 Suutarilan ala-asteen koulu, Päiväkoti Seulanen, Suutarilan monitoimitalo",2016-06,2016-10,4,291.0,326.0,27.742424242424242,{'seasonalPeriod': 12}
development,seasonal_naive,"1507 Suutarilan ala-asteen koulu, Päiväkoti Seulanen, Suutarilan monitoimitalo",2016-06,2016-11,5,313.0,314.0,27.742424242424242,{'seasonalPeriod': 12}
development,seasonal_naive,"1507 Suutarilan ala-asteen koulu, Päiväkoti Seulanen, Suutarilan monitoimitalo",2016-06,2016-12,6,209.0,239.0,27.742424242424242,{'seasonalPeriod': 12}
development,ets,"1507 Suutarilan ala-asteen koulu, Päiväkoti Seulanen, Suutarilan monitoimitalo",2016-06,2016-07,1,269.0,87.44022021492447,27.742424242424242,"{'specification': 'ETS(A,Ad,A), deterministic grid', 'sse': 95352.88210094912, 'alpha': 0.1, 'beta': 0.01, 'gamma': 0.4, 'phi': 0.9}"
development,ets,"1507 Suutarilan ala-asteen koulu, Päiväkoti Seulanen, Suutarilan monitoimitalo",2016-06,2016-08,2,241.0,250.26455929317376,27.742424242424242,"{'specification': 'ETS(A,Ad,A), deterministic grid', 'sse': 95352.88210094912, 'alpha': 0.1, 'beta': 0.01, 'gamma': 0.4, 'phi': 0.9}"
development,ets,"1507 Suutarilan ala-asteen koulu, Päiväkoti Seulanen, Suutarilan monitoimitalo",2016-06,2016-09,3,314.0,314.58887425488706,27.742424242424242,"{'specification': 'ETS(A,Ad,A), deterministic grid', 'sse': 95352.88210094912, 'alpha': 0.1, 'beta': 0.01, 'gamma': 0.4, 'phi': 0.9}"
development,ets,"1507 Suutarilan ala-asteen koulu, Päiväkoti Seulanen, Suutarilan monitoimitalo",2016-06,2016-10,4,291.0,327.7241760360012,27.742424242424242,"{'specification': 'ETS(A,Ad,A), deterministic grid', 'sse': 95352.88210094912, 'alpha': 0.1, 'beta': 0.01, 'gamma': 0.4, 'phi': 0.9}"
development,ets,"1507 Suutarilan ala-asteen koulu, Päiväkoti Seulanen, Suutarilan monitoimitalo",2016-06,2016-11,5,313.0,316.83363589130545,27.742424242424242,"{'specification': 'ETS(A,Ad,A), deterministic grid', 'sse': 95352.88210094912, 'alpha': 0.1, 'beta': 0.01, 'gamma': 0.4, 'phi': 0.9}"
development,ets,"1507 Suutarilan ala-asteen koulu, Päiväkoti Seulanen, Suutarilan monitoimitalo",2016-06,2016-12,6,209.0,234.74220213679766,27.742424242424242,"{'specification': 'ETS(A,Ad,A), deterministic grid', 'sse': 95352.88210094912, 'alpha': 0.1, 'beta': 0.01, 'gamma': 0.4, 'phi': 0.9}"
development,sarima_paper,"1507 Suutarilan ala-asteen koulu, Päiväkoti Seulanen, Suutarilan monitoimitalo",2016-06,2016-07,1,269.0,81.9218535272125,27.742424242424242,"{'aic': 497.3393031262559, 'order': '(0, 1, 2)', 'seasonalOrder': '(0, 1, 1, 12)'}"
development,sarima_paper,"1507 Suutarilan ala-asteen koulu, Päiväkoti Seulanen, Suutarilan monitoimitalo",2016-06,2016-08,2,241.0,245.37156136611833,27.742424242424242,"{'aic': 497.3393031262559, 'order': '(0, 1, 2)', 'seasonalOrder': '(0, 1, 1, 12)'}"
development,sarima_paper,"1507 Suutarilan ala-asteen koulu, Päiväkoti Seulanen, Suutarilan monitoimitalo",2016-06,2016-09,3,314.0,310.5480267939044,27.742424242424242,"{'aic': 497.3393031262559, 'order': '(0, 1, 2)', 'seasonalOrder': '(0, 1, 1, 12)'}"
development,sarima_paper,"1507 Suutarilan ala-asteen koulu, Päiväkoti Seulanen, Suutarilan monitoimitalo",2016-06,2016-10,4,291.0,322.3642841752917,27.742424242424242,"{'aic': 497.3393031262559, 'order': '(0, 1, 2)', 'seasonalOrder': '(0, 1, 1, 12)'}"
development,sarima_paper,"1507 Suutarilan ala-asteen koulu, Päiväkoti Seulanen, Suutarilan monitoimitalo",2016-06,2016-11,5,313.0,313.553388216711,27.742424242424242,"{'aic': 497.3393031262559, 'order': '(0, 1, 2)', 'seasonalOrder': '(0, 1, 1, 12)'}"
development,sarima_paper,"1507 Suutarilan ala-asteen koulu, Päiväkoti Seulanen, Suutarilan monitoimitalo",2016-06,2016-12,6,209.0,229.89160582106513,27.742424242424242,"{'aic': 497.3393031262559, 'order': '(0, 1, 2)', 'seasonalOrder': '(0, 1, 1, 12)'}"
development,harmonic_ridge,"1507 Suutarilan ala-asteen koulu, Päiväkoti Seulanen, Suutarilan monitoimitalo",2016-06,2016-07,1,269.0,128.2373757464219,27.742424242424242,"{'alpha': 10.0, 'features': 8}"
development,harmonic_ridge,"1507 Suutarilan ala-asteen koulu, Päiväkoti Seulanen, Suutarilan monitoimitalo",2016-06,2016-08,2,241.0,232.2269287421918,27.742424242424242,"{'alpha': 10.0, 'features': 8}"
development,harmonic_ridge,"1507 Suutarilan ala-asteen koulu, Päiväkoti Seulanen, Suutarilan monitoimitalo",2016-06,2016-09,3,314.0,292.0704249513709,27.742424242424242,"{'alpha': 10.0, 'features': 8}"
development,harmonic_ridge,"1507 Suutarilan ala-asteen koulu, Päiväkoti Seulanen, Suutarilan monitoimitalo",2016-06,2016-10,4,291.0,309.0881522814196,27.742424242424242,"{'alpha': 10.0, 'features': 8}"
development,harmonic_ridge,"1507 Suutarilan ala-asteen koulu, Päiväkoti Seulanen, Suutarilan monitoimitalo",2016-06,2016-11,5,313.0,296.49562062506635,27.742424242424242,"{'alpha': 10.0, 'features': 8}"
development,harmonic_ridge,"1507 Suutarilan ala-asteen koulu, Päiväkoti Seulanen, Suutarilan monitoimitalo",2016-06,2016-12,6,209.0,248.49223856100554,27.742424242424242,"{'alpha': 10.0, 'features': 8}"
development,seasonal_naive,"1507 Suutarilan ala-asteen koulu, Päiväkoti Seulanen, Suutarilan monitoimitalo",2016-09,2016-10,1,291.0,326.0,29.6231884057971,{'seasonalPeriod': 12}
development,seasonal_naive,"1507 Suutarilan ala-asteen koulu, Päiväkoti Seulanen, Suutarilan monitoimitalo",2016-09,2016-11,2,313.0,314.0,29.6231884057971,{'seasonalPeriod': 12}
development,seasonal_naive,"1507 Suutarilan ala-asteen koulu, Päiväkoti Seulanen, Suutarilan monitoimitalo",2016-09,2016-12,3,209.0,239.0,29.6231884057971,{'seasonalPeriod': 12}
development,seasonal_naive,"1507 Suutarilan ala-asteen koulu, Päiväkoti Seulanen, Suutarilan monitoimitalo",2016-09,2017-01,4,229.0,267.0,29.6231884057971,{'seasonalPeriod': 12}
development,seasonal_naive,"1507 Suutarilan ala-asteen koulu, Päiväkoti Seulanen, Suutarilan monitoimitalo",2016-09,2017-02,5,225.0,226.0,29.6231884057971,{'seasonalPeriod': 12}
development,seasonal_naive,"1507 Suutarilan ala-asteen koulu, Päiväkoti Seulanen, Suutarilan monitoimitalo",2016-09,2017-03,6,291.0,259.0,29.6231884057971,{'seasonalPeriod': 12}
development,ets,"1507 Suutarilan ala-asteen koulu, Päiväkoti Seulanen, Suutarilan monitoimitalo",2016-09,2016-10,1,291.0,341.8755608007466,29.6231884057971,"{'specification': 'ETS(A,Ad,A), deterministic grid', 'sse': 129342.49077368282, 'alpha': 0.1, 'beta': 0.01, 'gamma': 0.4, 'phi': 0.9}"
development,ets,"1507 Suutarilan ala-asteen koulu, Päiväkoti Seulanen, Suutarilan monitoimitalo",2016-09,2016-11,2,313.0,331.0708529336852,29.6231884057971,"{'specification': 'ETS(A,Ad,A), deterministic grid', 'sse': 129342.49077368282, 'alpha': 0.1, 'beta': 0.01, 'gamma': 0.4, 'phi': 0.9}"
development,ets,"1507 Suutarilan ala-asteen koulu, Päiväkoti Seulanen, Suutarilan monitoimitalo",2016-09,2016-12,3,209.0,249.05666822904837,29.6231884057971,"{'specification': 'ETS(A,Ad,A), deterministic grid', 'sse': 129342.49077368282, 'alpha': 0.1, 'beta': 0.01, 'gamma': 0.4, 'phi': 0.9}"
development,ets,"1507 Suutarilan ala-asteen koulu, Päiväkoti Seulanen, Suutarilan monitoimitalo",2016-09,2017-01,4,229.0,286.4414453057756,29.6231884057971,"{'specification': 'ETS(A,Ad,A), deterministic grid', 'sse': 129342.49077368282, 'alpha': 0.1, 'beta': 0.01, 'gamma': 0.4, 'phi': 0.9}"
development,ets,"1507 Suutarilan ala-asteen koulu, Päiväkoti Seulanen, Suutarilan monitoimitalo",2016-09,2017-02,5,225.0,257.74369777370157,29.6231884057971,"{'specification': 'ETS(A,Ad,A), deterministic grid', 'sse': 129342.49077368282, 'alpha': 0.1, 'beta': 0.01, 'gamma': 0.4, 'phi': 0.9}"
development,ets,"1507 Suutarilan ala-asteen koulu, Päiväkoti Seulanen, Suutarilan monitoimitalo",2016-09,2017-03,6,291.0,327.071588190208,29.6231884057971,"{'specification': 'ETS(A,Ad,A), deterministic grid', 'sse': 129342.49077368282, 'alpha': 0.1, 'beta': 0.01, 'gamma': 0.4, 'phi': 0.9}"
development,sarima_paper,"1507 Suutarilan ala-asteen koulu, Päiväkoti Seulanen, Suutarilan monitoimitalo",2016-09,2016-10,1,291.0,337.12384765064536,29.6231884057971,"{'aic': 548.7792432848578, 'order': '(0, 1, 2)', 'seasonalOrder': '(0, 1, 1, 12)'}"
development,sarima_paper,"1507 Suutarilan ala-asteen koulu, Päiväkoti Seulanen, Suutarilan monitoimitalo",2016-09,2016-11,2,313.0,326.5844387009436,29.6231884057971,"{'aic': 548.7792432848578, 'order': '(0, 1, 2)', 'seasonalOrder': '(0, 1, 1, 12)'}"
development,sarima_paper,"1507 Suutarilan ala-asteen koulu, Päiväkoti Seulanen, Suutarilan monitoimitalo",2016-09,2016-12,3,209.0,242.99672001400157,29.6231884057971,"{'aic': 548.7792432848578, 'order': '(0, 1, 2)', 'seasonalOrder': '(0, 1, 1, 12)'}"
development,sarima_paper,"1507 Suutarilan ala-asteen koulu, Päiväkoti Seulanen, Suutarilan monitoimitalo",2016-09,2017-01,4,229.0,281.2616191279736,29.6231884057971,"{'aic': 548.7792432848578, 'order': '(0, 1, 2)', 'seasonalOrder': '(0, 1, 1, 12)'}"
development,sarima_paper,"1507 Suutarilan ala-asteen koulu, Päiväkoti Seulanen, Suutarilan monitoimitalo",2016-09,2017-02,5,225.0,251.74109378598888,29.6231884057971,"{'aic': 548.7792432848578, 'order': '(0, 1, 2)', 'seasonalOrder': '(0, 1, 1, 12)'}"
development,sarima_paper,"1507 Suutarilan ala-asteen koulu, Päiväkoti Seulanen, Suutarilan monitoimitalo",2016-09,2017-03,6,291.0,320.5785673453978,29.6231884057971,"{'aic': 548.7792432848578, 'order': '(0, 1, 2)', 'seasonalOrder': '(0, 1, 1, 12)'}"
development,harmonic_ridge,"1507 Suutarilan ala-asteen koulu, Päiväkoti Seulanen, Suutarilan monitoimitalo",2016-09,2016-10,1,291.0,308.02745600875926,29.6231884057971,"{'alpha': 10.0, 'features': 8}"
development,harmonic_ridge,"1507 Suutarilan ala-asteen koulu, Päiväkoti Seulanen, Suutarilan monitoimitalo",2016-09,2016-11,2,313.0,300.91192804953397,29.6231884057971,"{'alpha': 10.0, 'features': 8}"
development,harmonic_ridge,"1507 Suutarilan ala-asteen koulu, Päiväkoti Seulanen, Suutarilan monitoimitalo",2016-09,2016-12,3,209.0,258.7558828102269,29.6231884057971,"{'alpha': 10.0, 'features': 8}"
development,harmonic_ridge,"1507 Suutarilan ala-asteen koulu, Päiväkoti Seulanen, Suutarilan monitoimitalo",2016-09,2017-01,4,229.0,270.54611723627346,29.6231884057971,"{'alpha': 10.0, 'features': 8}"
development,harmonic_ridge,"1507 Suutarilan ala-asteen koulu, Päiväkoti Seulanen, Suutarilan monitoimitalo",2016-09,2017-02,5,225.0,251.78113821337018,29.6231884057971,"{'alpha': 10.0, 'features': 8}"
development,harmonic_ridge,"1507 Suutarilan ala-asteen koulu, Päiväkoti Seulanen, Suutarilan monitoimitalo",2016-09,2017-03,6,291.0,262.51792166086744,29.6231884057971,"{'alpha': 10.0, 'features': 8}"
development,seasonal_naive,"1507 Suutarilan ala-asteen koulu, Päiväkoti Seulanen, Suutarilan monitoimitalo",2016-12,2017-01,1,229.0,267.0,29.305555555555557,{'seasonalPeriod': 12}
development,seasonal_naive,"1507 Suutarilan ala-asteen koulu, Päiväkoti Seulanen, Suutarilan monitoimitalo",2016-12,2017-02,2,225.0,226.0,29.305555555555557,{'seasonalPeriod': 12}
development,seasonal_naive,"1507 Suutarilan ala-asteen koulu, Päiväkoti Seulanen, Suutarilan monitoimitalo",2016-12,2017-03,3,291.0,259.0,29.305555555555557,{'seasonalPeriod': 12}
development,seasonal_naive,"1507 Suutarilan ala-asteen koulu, Päiväkoti Seulanen, Suutarilan monitoimitalo",2016-12,2017-04,4,240.0,272.0,29.305555555555557,{'seasonalPeriod': 12}
development,seasonal_naive,"1507 Suutarilan ala-asteen koulu, Päiväkoti Seulanen, Suutarilan monitoimitalo",2016-12,2017-05,5,268.0,265.0,29.305555555555557,{'seasonalPeriod': 12}
development,seasonal_naive,"1507 Suutarilan ala-asteen koulu, Päiväkoti Seulanen, Suutarilan monitoimitalo",2016-12,2017-06,6,152.0,263.0,29.305555555555557,{'seasonalPeriod': 12}
development,ets,"1507 Suutarilan ala-asteen koulu, Päiväkoti Seulanen, Suutarilan monitoimitalo",2016-12,2017-01,1,229.0,276.52603862990475,29.305555555555557,"{'specification': 'ETS(A,Ad,A), deterministic grid', 'sse': 133225.58874160153, 'alpha': 0.1, 'beta': 0.01, 'gamma': 0.4, 'phi': 0.9}"
development,ets,"1507 Suutarilan ala-asteen koulu, Päiväkoti Seulanen, Suutarilan monitoimitalo",2016-12,2017-02,2,225.0,247.75828305499783,29.305555555555557,"{'specification': 'ETS(A,Ad,A), deterministic grid', 'sse': 133225.58874160153, 'alpha': 0.1, 'beta': 0.01, 'gamma': 0.4, 'phi': 0.9}"
development,ets,"1507 Suutarilan ala-asteen koulu, Päiväkoti Seulanen, Suutarilan monitoimitalo",2016-12,2017-03,3,291.0,317.0231662329546,29.305555555555557,"{'specification': 'ETS(A,Ad,A), deterministic grid', 'sse': 133225.58874160153, 'alpha': 0.1, 'beta': 0.01, 'gamma': 0.4, 'phi': 0.9}"
development,ets,"1507 Suutarilan ala-asteen koulu, Päiväkoti Seulanen, Suutarilan monitoimitalo",2016-12,2017-04,4,240.0,291.2082255378759,29.305555555555557,"{'specification': 'ETS(A,Ad,A), deterministic grid', 'sse': 133225.58874160153, 'alpha': 0.1, 'beta': 0.01, 'gamma': 0.4, 'phi': 0.9}"
development,ets,"1507 Suutarilan ala-asteen koulu, Päiväkoti Seulanen, Suutarilan monitoimitalo",2016-12,2017-05,5,268.0,286.51589184120843,29.305555555555557,"{'specification': 'ETS(A,Ad,A), deterministic grid', 'sse': 133225.58874160153, 'alpha': 0.1, 'beta': 0.01, 'gamma': 0.4, 'phi': 0.9}"
development,ets,"1507 Suutarilan ala-asteen koulu, Päiväkoti Seulanen, Suutarilan monitoimitalo",2016-12,2017-06,6,152.0,205.02783588481844,29.305555555555557,"{'specification': 'ETS(A,Ad,A), deterministic grid', 'sse': 133225.58874160153, 'alpha': 0.1, 'beta': 0.01, 'gamma': 0.4, 'phi': 0.9}"
development,sarima_paper,"1507 Suutarilan ala-asteen koulu, Päiväkoti Seulanen, Suutarilan monitoimitalo",2016-12,2017-01,1,229.0,268.8118458660928,29.305555555555557,"{'aic': 578.2509672077003, 'order': '(0, 1, 2)', 'seasonalOrder': '(0, 1, 1, 12)'}"
development,sarima_paper,"1507 Suutarilan ala-asteen koulu, Päiväkoti Seulanen, Suutarilan monitoimitalo",2016-12,2017-02,2,225.0,246.69624476568293,29.305555555555557,"{'aic': 578.2509672077003, 'order': '(0, 1, 2)', 'seasonalOrder': '(0, 1, 1, 12)'}"
development,sarima_paper,"1507 Suutarilan ala-asteen koulu, Päiväkoti Seulanen, Suutarilan monitoimitalo",2016-12,2017-03,3,291.0,315.3355377911735,29.305555555555557,"{'aic': 578.2509672077003, 'order': '(0, 1, 2)', 'seasonalOrder': '(0, 1, 1, 12)'}"
development,sarima_paper,"1507 Suutarilan ala-asteen koulu, Päiväkoti Seulanen, Suutarilan monitoimitalo",2016-12,2017-04,4,240.0,287.4065540087225,29.305555555555557,"{'aic': 578.2509672077003, 'order': '(0, 1, 2)', 'seasonalOrder': '(0, 1, 1, 12)'}"
development,sarima_paper,"1507 Suutarilan ala-asteen koulu, Päiväkoti Seulanen, Suutarilan monitoimitalo",2016-12,2017-05,5,268.0,281.7485050475961,29.305555555555557,"{'aic': 578.2509672077003, 'order': '(0, 1, 2)', 'seasonalOrder': '(0, 1, 1, 12)'}"
development,sarima_paper,"1507 Suutarilan ala-asteen koulu, Päiväkoti Seulanen, Suutarilan monitoimitalo",2016-12,2017-06,6,152.0,194.30457729087263,29.305555555555557,"{'aic': 578.2509672077003, 'order': '(0, 1, 2)', 'seasonalOrder': '(0, 1, 1, 12)'}"
development,harmonic_ridge,"1507 Suutarilan ala-asteen koulu, Päiväkoti Seulanen, Suutarilan monitoimitalo",2016-12,2017-01,1,229.0,262.3610987429101,29.305555555555557,"{'alpha': 10.0, 'features': 8}"
development,harmonic_ridge,"1507 Suutarilan ala-asteen koulu, Päiväkoti Seulanen, Suutarilan monitoimitalo",2016-12,2017-02,2,225.0,252.45332972032108,29.305555555555557,"{'alpha': 10.0, 'features': 8}"
development,harmonic_ridge,"1507 Suutarilan ala-asteen koulu, Päiväkoti Seulanen, Suutarilan monitoimitalo",2016-12,2017-03,3,291.0,266.07582123415983,29.305555555555557,"{'alpha': 10.0, 'features': 8}"
development,harmonic_ridge,"1507 Suutarilan ala-asteen koulu, Päiväkoti Seulanen, Suutarilan monitoimitalo",2016-12,2017-04,4,240.0,264.3376937133411,29.305555555555557,"{'alpha': 10.0, 'features': 8}"
development,harmonic_ridge,"1507 Suutarilan ala-asteen koulu, Päiväkoti Seulanen, Suutarilan monitoimitalo",2016-12,2017-05,5,268.0,252.96790406729485,29.305555555555557,"{'alpha': 10.0, 'features': 8}"
development,harmonic_ridge,"1507 Suutarilan ala-asteen koulu, Päiväkoti Seulanen, Suutarilan monitoimitalo",2016-12,2017-06,6,152.0,245.36348855528294,29.305555555555557,"{'alpha': 10.0, 'features': 8}"
development,seasonal_naive,"1507 Suutarilan ala-asteen koulu, Päiväkoti Seulanen, Suutarilan monitoimitalo",2017-03,2017-04,1,240.0,272.0,29.08,{'seasonalPeriod': 12}
development,seasonal_naive,"1507 Suutarilan ala-asteen koulu, Päiväkoti Seulanen, Suutarilan monitoimitalo",2017-03,2017-05,2,268.0,265.0,29.08,{'seasonalPeriod': 12}
development,seasonal_naive,"1507 Suutarilan ala-asteen koulu, Päiväkoti Seulanen, Suutarilan monitoimitalo",2017-03,2017-06,3,152.0,263.0,29.08,{'seasonalPeriod': 12}
development,seasonal_naive,"1507 Suutarilan ala-asteen koulu, Päiväkoti Seulanen, Suutarilan monitoimitalo",2017-03,2017-07,4,167.0,269.0,29.08,{'seasonalPeriod': 12}
development,seasonal_naive,"1507 Suutarilan ala-asteen koulu, Päiväkoti Seulanen, Suutarilan monitoimitalo",2017-03,2017-08,5,493.0,241.0,29.08,{'seasonalPeriod': 12}
development,seasonal_naive,"1507 Suutarilan ala-asteen koulu, Päiväkoti Seulanen, Suutarilan monitoimitalo",2017-03,2017-09,6,409.0,314.0,29.08,{'seasonalPeriod': 12}
development,ets,"1507 Suutarilan ala-asteen koulu, Päiväkoti Seulanen, Suutarilan monitoimitalo",2017-03,2017-04,1,240.0,282.5575758047102,29.08,"{'specification': 'ETS(A,Ad,A), deterministic grid', 'sse': 136182.44083261964, 'alpha': 0.1, 'beta': 0.01, 'gamma': 0.4, 'phi': 0.9}"
development,ets,"1507 Suutarilan ala-asteen koulu, Päiväkoti Seulanen, Suutarilan monitoimitalo",2017-03,2017-05,2,268.0,277.80527007892175,29.08,"{'specification': 'ETS(A,Ad,A), deterministic grid', 'sse': 136182.44083261964, 'alpha': 0.1, 'beta': 0.01, 'gamma': 0.4, 'phi': 0.9}"
development,ets,"1507 Suutarilan ala-asteen koulu, Päiväkoti Seulanen, Suutarilan monitoimitalo",2017-03,2017-06,3,152.0,196.2632392963228,29.08,"{'specification': 'ETS(A,Ad,A), deterministic grid', 'sse': 136182.44083261964, 'alpha': 0.1, 'beta': 0.01, 'gamma': 0.4, 'phi': 0.9}"
development,ets,"1507 Suutarilan ala-asteen koulu, Päiväkoti Seulanen, Suutarilan monitoimitalo",2017-03,2017-07,4,167.0,148.25398043952072,29.08,"{'specification': 'ETS(A,Ad,A), deterministic grid', 'sse': 136182.44083261964, 'alpha': 0.1, 'beta': 0.01, 'gamma': 0.4, 'phi': 0.9}"
development,ets,"1507 Suutarilan ala-asteen koulu, Päiväkoti Seulanen, Suutarilan monitoimitalo",2017-03,2017-08,5,493.0,235.75574109974164,29.08,"{'specification': 'ETS(A,Ad,A), deterministic grid', 'sse': 136182.44083261964, 'alpha': 0.1, 'beta': 0.01, 'gamma': 0.4, 'phi': 0.9}"
development,ets,"1507 Suutarilan ala-asteen koulu, Päiväkoti Seulanen, Suutarilan monitoimitalo",2017-03,2017-09,6,409.0,304.1245639009552,29.08,"{'specification': 'ETS(A,Ad,A), deterministic grid', 'sse': 136182.44083261964, 'alpha': 0.1, 'beta': 0.01, 'gamma': 0.4, 'phi': 0.9}"
development,sarima_paper,"1507 Suutarilan ala-asteen koulu, Päiväkoti Seulanen, Suutarilan monitoimitalo",2017-03,2017-04,1,240.0,277.0660840150365,29.08,"{'aic': 606.8931434724586, 'order': '(0, 1, 2)', 'seasonalOrder': '(0, 1, 1, 12)'}"
development,sarima_paper,"1507 Suutarilan ala-asteen koulu, Päiväkoti Seulanen, Suutarilan monitoimitalo",2017-03,2017-05,2,268.0,273.0077235065597,29.08,"{'aic': 606.8931434724586, 'order': '(0, 1, 2)', 'seasonalOrder': '(0, 1, 1, 12)'}"
development,sarima_paper,"1507 Suutarilan ala-asteen koulu, Päiväkoti Seulanen, Suutarilan monitoimitalo",2017-03,2017-06,3,152.0,195.49319843222816,29.08,"{'aic': 606.8931434724586, 'order': '(0, 1, 2)', 'seasonalOrder': '(0, 1, 1, 12)'}"
development,sarima_paper,"1507 Suutarilan ala-asteen koulu, Päiväkoti Seulanen, Suutarilan monitoimitalo",2017-03,2017-07,4,167.0,151.12073061425804,29.08,"{'aic': 606.8931434724586, 'order': '(0, 1, 2)', 'seasonalOrder': '(0, 1, 1, 12)'}"
development,sarima_paper,"1507 Suutarilan ala-asteen koulu, Päiväkoti Seulanen, Suutarilan monitoimitalo",2017-03,2017-08,5,493.0,242.27832000869893,29.08,"{'aic': 606.8931434724586, 'order': '(0, 1, 2)', 'seasonalOrder': '(0, 1, 1, 12)'}"
development,sarima_paper,"1507 Suutarilan ala-asteen koulu, Päiväkoti Seulanen, Suutarilan monitoimitalo",2017-03,2017-09,6,409.0,307.79663779936186,29.08,"{'aic': 606.8931434724586, 'order': '(0, 1, 2)', 'seasonalOrder': '(0, 1, 1, 12)'}"
development,harmonic_ridge,"1507 Suutarilan ala-asteen koulu, Päiväkoti Seulanen, Suutarilan monitoimitalo",2017-03,2017-04,1,240.0,272.5897296988759,29.08,"{'alpha': 10.0, 'features': 8}"
development,harmonic_ridge,"1507 Suutarilan ala-asteen koulu, Päiväkoti Seulanen, Suutarilan monitoimitalo",2017-03,2017-05,2,268.0,253.31144081926294,29.08,"{'alpha': 10.0, 'features': 8}"
development,harmonic_ridge,"1507 Suutarilan ala-asteen koulu, Päiväkoti Seulanen, Suutarilan monitoimitalo",2017-03,2017-06,3,152.0,242.59831897305952,29.08,"{'alpha': 10.0, 'features': 8}"
development,harmonic_ridge,"1507 Suutarilan ala-asteen koulu, Päiväkoti Seulanen, Suutarilan monitoimitalo",2017-03,2017-07,4,167.0,247.50073827037107,29.08,"{'alpha': 10.0, 'features': 8}"
development,harmonic_ridge,"1507 Suutarilan ala-asteen koulu, Päiväkoti Seulanen, Suutarilan monitoimitalo",2017-03,2017-08,5,493.0,237.2273860812735,29.08,"{'alpha': 10.0, 'features': 8}"
development,harmonic_ridge,"1507 Suutarilan ala-asteen koulu, Päiväkoti Seulanen, Suutarilan monitoimitalo",2017-03,2017-09,6,409.0,281.8909435061209,29.08,"{'alpha': 10.0, 'features': 8}"
development,seasonal_naive,"1507 Suutarilan ala-asteen koulu, Päiväkoti Seulanen, Suutarilan monitoimitalo",2017-06,2017-07,1,167.0,269.0,29.833333333333332,{'seasonalPeriod': 12}
development,seasonal_naive,"1507 Suutarilan ala-asteen koulu, Päiväkoti Seulanen, Suutarilan monitoimitalo",2017-06,2017-08,2,493.0,241.0,29.833333333333332,{'seasonalPeriod': 12}
development,seasonal_naive,"1507 Suutarilan ala-asteen koulu, Päiväkoti Seulanen, Suutarilan monitoimitalo",2017-06,2017-09,3,409.0,314.0,29.833333333333332,{'seasonalPeriod': 12}
development,seasonal_naive,"1507 Suutarilan ala-asteen koulu, Päiväkoti Seulanen, Suutarilan monitoimitalo",2017-06,2017-10,4,300.0,291.0,29.833333333333332,{'seasonalPeriod': 12}
development,seasonal_naive,"1507 Suutarilan ala-asteen koulu, Päiväkoti Seulanen, Suutarilan monitoimitalo",2017-06,2017-11,5,311.0,313.0,29.833333333333332,{'seasonalPeriod': 12}
development,seasonal_naive,"1507 Suutarilan ala-asteen koulu, Päiväkoti Seulanen, Suutarilan monitoimitalo",2017-06,2017-12,6,205.0,209.0,29.833333333333332,{'seasonalPeriod': 12}
development,ets,"1507 Suutarilan ala-asteen koulu, Päiväkoti Seulanen, Suutarilan monitoimitalo",2017-06,2017-07,1,167.0,138.76779440003145,29.833333333333332,"{'specification': 'ETS(A,Ad,A), deterministic grid', 'sse': 139530.27181203605, 'alpha': 0.1, 'beta': 0.01, 'gamma': 0.4, 'phi': 0.98}"
development,ets,"1507 Suutarilan ala-asteen koulu, Päiväkoti Seulanen, Suutarilan monitoimitalo",2017-06,2017-08,2,493.0,226.11371263760373,29.833333333333332,"{'specification': 'ETS(A,Ad,A), deterministic grid', 'sse': 139530.27181203605, 'alpha': 0.1, 'beta': 0.01, 'gamma': 0.4, 'phi': 0.98}"
development,ets,"1507 Suutarilan ala-asteen koulu, Päiväkoti Seulanen, Suutarilan monitoimitalo",2017-06,2017-09,3,409.0,294.3214705424807,29.833333333333332,"{'specification': 'ETS(A,Ad,A), deterministic grid', 'sse': 139530.27181203605, 'alpha': 0.1, 'beta': 0.01, 'gamma': 0.4, 'phi': 0.98}"
development,ets,"1507 Suutarilan ala-asteen koulu, Päiväkoti Seulanen, Suutarilan monitoimitalo",2017-06,2017-10,4,300.0,294.8105913016085,29.833333333333332,"{'specification': 'ETS(A,Ad,A), deterministic grid', 'sse': 139530.27181203605, 'alpha': 0.1, 'beta': 0.01, 'gamma': 0.4, 'phi': 0.98}"
development,ets,"1507 Suutarilan ala-asteen koulu, Päiväkoti Seulanen, Suutarilan monitoimitalo",2017-06,2017-11,5,311.0,297.39120450126404,29.833333333333332,"{'specification': 'ETS(A,Ad,A), deterministic grid', 'sse': 139530.27181203605, 'alpha': 0.1, 'beta': 0.01, 'gamma': 0.4, 'phi': 0.98}"
development,ets,"1507 Suutarilan ala-asteen koulu, Päiväkoti Seulanen, Suutarilan monitoimitalo",2017-06,2017-12,6,205.0,207.6860767147471,29.833333333333332,"{'specification': 'ETS(A,Ad,A), deterministic grid', 'sse': 139530.27181203605, 'alpha': 0.1, 'beta': 0.01, 'gamma': 0.4, 'phi': 0.98}"
development,sarima_paper,"1507 Suutarilan ala-asteen koulu, Päiväkoti Seulanen, Suutarilan monitoimitalo",2017-06,2017-07,1,167.0,110.26107547474324,29.833333333333332,"{'aic': 635.9422453073545, 'order': '(0, 1, 2)', 'seasonalOrder': '(0, 1, 1, 12)'}"
development,sarima_paper,"1507 Suutarilan ala-asteen koulu, Päiväkoti Seulanen, Suutarilan monitoimitalo",2017-06,2017-08,2,493.0,231.46070012040113,29.833333333333332,"{'aic': 635.9422453073545, 'order': '(0, 1, 2)', 'seasonalOrder': '(0, 1, 1, 12)'}"
development,sarima_paper,"1507 Suutarilan ala-asteen koulu, Päiväkoti Seulanen, Suutarilan monitoimitalo",2017-06,2017-09,3,409.0,302.5283810647453,29.833333333333332,"{'aic': 635.9422453073545, 'order': '(0, 1, 2)', 'seasonalOrder': '(0, 1, 1, 12)'}"
development,sarima_paper,"1507 Suutarilan ala-asteen koulu, Päiväkoti Seulanen, Suutarilan monitoimitalo",2017-06,2017-10,4,300.0,305.44730534853136,29.833333333333332,"{'aic': 635.9422453073545, 'order': '(0, 1, 2)', 'seasonalOrder': '(0, 1, 1, 12)'}"
development,sarima_paper,"1507 Suutarilan ala-asteen koulu, Päiväkoti Seulanen, Suutarilan monitoimitalo",2017-06,2017-11,5,311.0,304.50309594832913,29.833333333333332,"{'aic': 635.9422453073545, 'order': '(0, 1, 2)', 'seasonalOrder': '(0, 1, 1, 12)'}"
development,sarima_paper,"1507 Suutarilan ala-asteen koulu, Päiväkoti Seulanen, Suutarilan monitoimitalo",2017-06,2017-12,6,205.0,216.32353166956568,29.833333333333332,"{'aic': 635.9422453073545, 'order': '(0, 1, 2)', 'seasonalOrder': '(0, 1, 1, 12)'}"
development,harmonic_ridge,"1507 Suutarilan ala-asteen koulu, Päiväkoti Seulanen, Suutarilan monitoimitalo",2017-06,2017-07,1,167.0,234.22245940965928,29.833333333333332,"{'alpha': 10.0, 'features': 8}"
development,harmonic_ridge,"1507 Suutarilan ala-asteen koulu, Päiväkoti Seulanen, Suutarilan monitoimitalo",2017-06,2017-08,2,493.0,238.58475459228495,29.833333333333332,"{'alpha': 10.0, 'features': 8}"
development,harmonic_ridge,"1507 Suutarilan ala-asteen koulu, Päiväkoti Seulanen, Suutarilan monitoimitalo",2017-06,2017-09,3,409.0,287.7080513468154,29.833333333333332,"{'alpha': 10.0, 'features': 8}"
development,harmonic_ridge,"1507 Suutarilan ala-asteen koulu, Päiväkoti Seulanen, Suutarilan monitoimitalo",2017-06,2017-10,4,300.0,278.42797087093663,29.833333333333332,"{'alpha': 10.0, 'features': 8}"
development,harmonic_ridge,"1507 Suutarilan ala-asteen koulu, Päiväkoti Seulanen, Suutarilan monitoimitalo",2017-06,2017-11,5,311.0,290.687243426018,29.833333333333332,"{'alpha': 10.0, 'features': 8}"
development,harmonic_ridge,"1507 Suutarilan ala-asteen koulu, Päiväkoti Seulanen, Suutarilan monitoimitalo",2017-06,2017-12,6,205.0,234.05478111239728,29.833333333333332,"{'alpha': 10.0, 'features': 8}"
development,seasonal_naive,2183 Latokartanon peruskoulu,2015-12,2016-01,1,165.0,145.0,23.783333333333335,{'seasonalPeriod': 12}
development,seasonal_naive,2183 Latokartanon peruskoulu,2015-12,2016-02,2,147.0,113.0,23.783333333333335,{'seasonalPeriod': 12}
development,seasonal_naive,2183 Latokartanon peruskoulu,2015-12,2016-03,3,189.0,178.0,23.783333333333335,{'seasonalPeriod': 12}
development,seasonal_naive,2183 Latokartanon peruskoulu,2015-12,2016-04,4,199.0,161.0,23.783333333333335,{'seasonalPeriod': 12}
development,seasonal_naive,2183 Latokartanon peruskoulu,2015-12,2016-05,5,182.0,140.0,23.783333333333335,{'seasonalPeriod': 12}
development,seasonal_naive,2183 Latokartanon peruskoulu,2015-12,2016-06,6,46.0,29.0,23.783333333333335,{'seasonalPeriod': 12}
development,ets,2183 Latokartanon peruskoulu,2015-12,2016-01,1,165.0,139.04280140069378,23.783333333333335,"{'specification': 'ETS(A,Ad,A), deterministic grid', 'sse': 46860.539631841006, 'alpha': 0.1, 'beta': 0.15, 'gamma': 0.4, 'phi': 0.9}"
development,ets,2183 Latokartanon peruskoulu,2015-12,2016-02,2,147.0,114.1329824869206,23.783333333333335,"{'specification': 'ETS(A,Ad,A), deterministic grid', 'sse': 46860.539631841006, 'alpha': 0.1, 'beta': 0.15, 'gamma': 0.4, 'phi': 0.9}"
development,ets,2183 Latokartanon peruskoulu,2015-12,2016-03,3,189.0,176.04992334576838,23.783333333333335,"{'specification': 'ETS(A,Ad,A), deterministic grid', 'sse': 46860.539631841006, 'alpha': 0.1, 'beta': 0.15, 'gamma': 0.4, 'phi': 0.9}"
development,ets,2183 Latokartanon peruskoulu,2015-12,2016-04,4,199.0,166.6083876013857,23.783333333333335,"{'specification': 'ETS(A,Ad,A), deterministic grid', 'sse': 46860.539631841006, 'alpha': 0.1, 'beta': 0.15, 'gamma': 0.4, 'phi': 0.9}"
development,ets,2183 Latokartanon peruskoulu,2015-12,2016-05,5,182.0,149.11775216586184,23.783333333333335,"{'specification': 'ETS(A,Ad,A), deterministic grid', 'sse': 46860.539631841006, 'alpha': 0.1, 'beta': 0.15, 'gamma': 0.4, 'phi': 0.9}"
development,ets,2183 Latokartanon peruskoulu,2015-12,2016-06,6,46.0,11.719039303419208,23.783333333333335,"{'specification': 'ETS(A,Ad,A), deterministic grid', 'sse': 46860.539631841006, 'alpha': 0.1, 'beta': 0.15, 'gamma': 0.4, 'phi': 0.9}"
development,sarima_paper,2183 Latokartanon peruskoulu,2015-12,2016-01,1,165.0,135.35249362188668,23.783333333333335,"{'aic': 413.0799768070924, 'order': '(0, 1, 2)', 'seasonalOrder': '(0, 1, 1, 12)'}"
development,sarima_paper,2183 Latokartanon peruskoulu,2015-12,2016-02,2,147.0,104.78665587636374,23.783333333333335,"{'aic': 413.0799768070924, 'order': '(0, 1, 2)', 'seasonalOrder': '(0, 1, 1, 12)'}"
development,sarima_paper,2183 Latokartanon peruskoulu,2015-12,2016-03,3,189.0,164.57165755370173,23.783333333333335,"{'aic': 413.0799768070924, 'order': '(0, 1, 2)', 'seasonalOrder': '(0, 1, 1, 12)'}"
development,sarima_paper,2183 Latokartanon peruskoulu,2015-12,2016-04,4,199.0,151.41948573833596,23.783333333333335,"{'aic': 413.0799768070924, 'order': '(0, 1, 2)', 'seasonalOrder': '(0, 1, 1, 12)'}"
development,sarima_paper,2183 Latokartanon peruskoulu,2015-12,2016-05,5,182.0,134.45959638377053,23.783333333333335,"{'aic': 413.0799768070924, 'order': '(0, 1, 2)', 'seasonalOrder': '(0, 1, 1, 12)'}"
development,sarima_paper,2183 Latokartanon peruskoulu,2015-12,2016-06,6,46.0,10.219863297980343,23.783333333333335,"{'aic': 413.0799768070924, 'order': '(0, 1, 2)', 'seasonalOrder': '(0, 1, 1, 12)'}"
development,harmonic_ridge,2183 Latokartanon peruskoulu,2015-12,2016-01,1,165.0,134.32843478342622,23.783333333333335,"{'alpha': 10.0, 'features': 8}"
development,harmonic_ridge,2183 Latokartanon peruskoulu,2015-12,2016-02,2,147.0,118.19481034507405,23.783333333333335,"{'alpha': 10.0, 'features': 8}"
development,harmonic_ridge,2183 Latokartanon peruskoulu,2015-12,2016-03,3,189.0,150.27416917316185,23.783333333333335,"{'alpha': 10.0, 'features': 8}"
development,harmonic_ridge,2183 Latokartanon peruskoulu,2015-12,2016-04,4,199.0,139.38523769594335,23.783333333333335,"{'alpha': 10.0, 'features': 8}"
development,harmonic_ridge,2183 Latokartanon peruskoulu,2015-12,2016-05,5,182.0,112.8275040796358,23.783333333333335,"{'alpha': 10.0, 'features': 8}"
development,harmonic_ridge,2183 Latokartanon peruskoulu,2015-12,2016-06,6,46.0,34.52927054762995,23.783333333333335,"{'alpha': 10.0, 'features': 8}"
development,seasonal_naive,2183 Latokartanon peruskoulu,2016-03,2016-04,1,199.0,161.0,23.682539682539684,{'seasonalPeriod': 12}
development,seasonal_naive,2183 Latokartanon peruskoulu,2016-03,2016-05,2,182.0,140.0,23.682539682539684,{'seasonalPeriod': 12}
development,seasonal_naive,2183 Latokartanon peruskoulu,2016-03,2016-06,3,46.0,29.0,23.682539682539684,{'seasonalPeriod': 12}
development,seasonal_naive,2183 Latokartanon peruskoulu,2016-03,2016-07,4,4.0,6.0,23.682539682539684,{'seasonalPeriod': 12}
development,seasonal_naive,2183 Latokartanon peruskoulu,2016-03,2016-08,5,180.0,112.0,23.682539682539684,{'seasonalPeriod': 12}
development,seasonal_naive,2183 Latokartanon peruskoulu,2016-03,2016-09,6,252.0,173.0,23.682539682539684,{'seasonalPeriod': 12}
development,ets,2183 Latokartanon peruskoulu,2016-03,2016-04,1,199.0,174.6275123298871,23.682539682539684,"{'specification': 'ETS(A,Ad,A), deterministic grid', 'sse': 48469.17058028152, 'alpha': 0.1, 'beta': 0.15, 'gamma': 0.4, 'phi': 0.9}"
development,ets,2183 Latokartanon peruskoulu,2016-03,2016-05,2,182.0,157.7959737413677,23.682539682539684,"{'specification': 'ETS(A,Ad,A), deterministic grid', 'sse': 48469.17058028152, 'alpha': 0.1, 'beta': 0.15, 'gamma': 0.4, 'phi': 0.9}"
development,ets,2183 Latokartanon peruskoulu,2016-03,2016-06,3,46.0,20.9904480412291,23.682539682539684,"{'specification': 'ETS(A,Ad,A), deterministic grid', 'sse': 48469.17058028152, 'alpha': 0.1, 'beta': 0.15, 'gamma': 0.4, 'phi': 0.9}"
development,ets,2183 Latokartanon peruskoulu,2016-03,2016-07,4,4.0,0.0,23.682539682539684,"{'specification': 'ETS(A,Ad,A), deterministic grid', 'sse': 48469.17058028152, 'alpha': 0.1, 'beta': 0.15, 'gamma': 0.4, 'phi': 0.9}"
development,ets,2183 Latokartanon peruskoulu,2016-03,2016-08,5,180.0,108.63434004328371,23.682539682539684,"{'specification': 'ETS(A,Ad,A), deterministic grid', 'sse': 48469.17058028152, 'alpha': 0.1, 'beta': 0.15, 'gamma': 0.4, 'phi': 0.9}"
development,ets,2183 Latokartanon peruskoulu,2016-03,2016-09,6,252.0,169.63703518279684,23.682539682539684,"{'specification': 'ETS(A,Ad,A), deterministic grid', 'sse': 48469.17058028152, 'alpha': 0.1, 'beta': 0.15, 'gamma': 0.4, 'phi': 0.9}"
development,sarima_paper,2183 Latokartanon peruskoulu,2016-03,2016-04,1,199.0,171.12306465154882,23.682539682539684,"{'aic': 440.6180288864297, 'order': '(0, 1, 2)', 'seasonalOrder': '(0, 1, 1, 12)'}"
development,sarima_paper,2183 Latokartanon peruskoulu,2016-03,2016-05,2,182.0,153.85098991713454,23.682539682539684,"{'aic': 440.6180288864297, 'order': '(0, 1, 2)', 'seasonalOrder': '(0, 1, 1, 12)'}"
development,sarima_paper,2183 Latokartanon peruskoulu,2016-03,2016-06,3,46.0,25.91054599460203,23.682539682539684,"{'aic': 440.6180288864297, 'order': '(0, 1, 2)', 'seasonalOrder': '(0, 1, 1, 12)'}"
development,sarima_paper,2183 Latokartanon peruskoulu,2016-03,2016-07,4,4.0,4.828991649581021,23.682539682539684,"{'aic': 440.6180288864297, 'order': '(0, 1, 2)', 'seasonalOrder': '(0, 1, 1, 12)'}"
development,sarima_paper,2183 Latokartanon peruskoulu,2016-03,2016-08,5,180.0,115.45350300610137,23.682539682539684,"{'aic': 440.6180288864297, 'order': '(0, 1, 2)', 'seasonalOrder': '(0, 1, 1, 12)'}"
development,sarima_paper,2183 Latokartanon peruskoulu,2016-03,2016-09,6,252.0,174.02116626300602,23.682539682539684,"{'aic': 440.6180288864297, 'order': '(0, 1, 2)', 'seasonalOrder': '(0, 1, 1, 12)'}"
development,harmonic_ridge,2183 Latokartanon peruskoulu,2016-03,2016-04,1,199.0,143.6134013807878,23.682539682539684,"{'alpha': 10.0, 'features': 8}"
development,harmonic_ridge,2183 Latokartanon peruskoulu,2016-03,2016-05,2,182.0,109.65769166685854,23.682539682539684,"{'alpha': 10.0, 'features': 8}"
development,harmonic_ridge,2183 Latokartanon peruskoulu,2016-03,2016-06,3,46.0,34.501302666391325,23.682539682539684,"{'alpha': 10.0, 'features': 8}"
development,harmonic_ridge,2183 Latokartanon peruskoulu,2016-03,2016-07,4,4.0,13.461000820054664,23.682539682539684,"{'alpha': 10.0, 'features': 8}"
development,harmonic_ridge,2183 Latokartanon peruskoulu,2016-03,2016-08,5,180.0,87.7213920020344,23.682539682539684,"{'alpha': 10.0, 'features': 8}"
development,harmonic_ridge,2183 Latokartanon peruskoulu,2016-03,2016-09,6,252.0,148.06094218256578,23.682539682539684,"{'alpha': 10.0, 'features': 8}"
development,seasonal_naive,2183 Latokartanon peruskoulu,2016-06,2016-07,1,4.0,6.0,24.075757575757574,{'seasonalPeriod': 12}
development,seasonal_naive,2183 Latokartanon peruskoulu,2016-06,2016-08,2,180.0,112.0,24.075757575757574,{'seasonalPeriod': 12}
development,seasonal_naive,2183 Latokartanon peruskoulu,2016-06,2016-09,3,252.0,173.0,24.075757575757574,{'seasonalPeriod': 12}
development,seasonal_naive,2183 Latokartanon peruskoulu,2016-06,2016-10,4,206.0,150.0,24.075757575757574,{'seasonalPeriod': 12}
development,seasonal_naive,2183 Latokartanon peruskoulu,2016-06,2016-11,5,261.0,150.0,24.075757575757574,{'seasonalPeriod': 12}
development,seasonal_naive,2183 Latokartanon peruskoulu,2016-06,2016-12,6,146.0,128.0,24.075757575757574,{'seasonalPeriod': 12}
development,ets,2183 Latokartanon peruskoulu,2016-06,2016-07,1,4.0,8.131377985368061,24.075757575757574,"{'specification': 'ETS(A,Ad,A), deterministic grid', 'sse': 49903.56061965717, 'alpha': 0.1, 'beta': 0.15, 'gamma': 0.4, 'phi': 0.9}"
development,ets,2183 Latokartanon peruskoulu,2016-06,2016-08,2,180.0,117.58312266831348,24.075757575757574,"{'specification': 'ETS(A,Ad,A), deterministic grid', 'sse': 49903.56061965717, 'alpha': 0.1, 'beta': 0.15, 'gamma': 0.4, 'phi': 0.9}"
development,ets,2183 Latokartanon peruskoulu,2016-06,2016-09,3,252.0,179.22605826788697,24.075757575757574,"{'specification': 'ETS(A,Ad,A), deterministic grid', 'sse': 49903.56061965717, 'alpha': 0.1, 'beta': 0.15, 'gamma': 0.4, 'phi': 0.9}"
development,ets,2183 Latokartanon peruskoulu,2016-06,2016-10,4,206.0,181.21389106787427,24.075757575757574,"{'specification': 'ETS(A,Ad,A), deterministic grid', 'sse': 49903.56061965717, 'alpha': 0.1, 'beta': 0.15, 'gamma': 0.4, 'phi': 0.9}"
development,ets,2183 Latokartanon peruskoulu,2016-06,2016-11,5,261.0,184.62804458636367,24.075757575757574,"{'specification': 'ETS(A,Ad,A), deterministic grid', 'sse': 49903.56061965717, 'alpha': 0.1, 'beta': 0.15, 'gamma': 0.4, 'phi': 0.9}"
development,ets,2183 Latokartanon peruskoulu,2016-06,2016-12,6,146.0,140.6109866612763,24.075757575757574,"{'specification': 'ETS(A,Ad,A), deterministic grid', 'sse': 49903.56061965717, 'alpha': 0.1, 'beta': 0.15, 'gamma': 0.4, 'phi': 0.9}"
development,sarima_paper,2183 Latokartanon peruskoulu,2016-06,2016-07,1,4.0,20.267572551287586,24.075757575757574,"{'aic': 466.8572364080755, 'order': '(0, 1, 2)', 'seasonalOrder': '(0, 1, 1, 12)'}"
development,sarima_paper,2183 Latokartanon peruskoulu,2016-06,2016-08,2,180.0,130.44281919821918,24.075757575757574,"{'aic': 466.8572364080755, 'order': '(0, 1, 2)', 'seasonalOrder': '(0, 1, 1, 12)'}"
development,sarima_paper,2183 Latokartanon peruskoulu,2016-06,2016-09,3,252.0,188.96429284196833,24.075757575757574,"{'aic': 466.8572364080755, 'order': '(0, 1, 2)', 'seasonalOrder': '(0, 1, 1, 12)'}"
development,sarima_paper,2183 Latokartanon peruskoulu,2016-06,2016-10,4,206.0,179.95342749017857,24.075757575757574,"{'aic': 466.8572364080755, 'order': '(0, 1, 2)', 'seasonalOrder': '(0, 1, 1, 12)'}"
development,sarima_paper,2183 Latokartanon peruskoulu,2016-06,2016-11,5,261.0,177.91149087009552,24.075757575757574,"{'aic': 466.8572364080755, 'order': '(0, 1, 2)', 'seasonalOrder': '(0, 1, 1, 12)'}"
development,sarima_paper,2183 Latokartanon peruskoulu,2016-06,2016-12,6,146.0,144.44160644764892,24.075757575757574,"{'aic': 466.8572364080755, 'order': '(0, 1, 2)', 'seasonalOrder': '(0, 1, 1, 12)'}"
development,harmonic_ridge,2183 Latokartanon peruskoulu,2016-06,2016-07,1,4.0,2.992419140813354,24.075757575757574,"{'alpha': 10.0, 'features': 8}"
development,harmonic_ridge,2183 Latokartanon peruskoulu,2016-06,2016-08,2,180.0,80.82710701378599,24.075757575757574,"{'alpha': 10.0, 'features': 8}"
development,harmonic_ridge,2183 Latokartanon peruskoulu,2016-06,2016-09,3,252.0,150.3354159227095,24.075757575757574,"{'alpha': 10.0, 'features': 8}"
development,harmonic_ridge,2183 Latokartanon peruskoulu,2016-06,2016-10,4,206.0,144.82192198144998,24.075757575757574,"{'alpha': 10.0, 'features': 8}"
development,harmonic_ridge,2183 Latokartanon peruskoulu,2016-06,2016-11,5,261.0,134.5574522971201,24.075757575757574,"{'alpha': 10.0, 'features': 8}"
development,harmonic_ridge,2183 Latokartanon peruskoulu,2016-06,2016-12,6,146.0,122.9564985930151,24.075757575757574,"{'alpha': 10.0, 'features': 8}"
development,seasonal_naive,2183 Latokartanon peruskoulu,2016-09,2016-10,1,206.0,150.0,25.18840579710145,{'seasonalPeriod': 12}
development,seasonal_naive,2183 Latokartanon peruskoulu,2016-09,2016-11,2,261.0,150.0,25.18840579710145,{'seasonalPeriod': 12}
development,seasonal_naive,2183 Latokartanon peruskoulu,2016-09,2016-12,3,146.0,128.0,25.18840579710145,{'seasonalPeriod': 12}
development,seasonal_naive,2183 Latokartanon peruskoulu,2016-09,2017-01,4,171.0,165.0,25.18840579710145,{'seasonalPeriod': 12}
development,seasonal_naive,2183 Latokartanon peruskoulu,2016-09,2017-02,5,170.0,147.0,25.18840579710145,{'seasonalPeriod': 12}
development,seasonal_naive,2183 Latokartanon peruskoulu,2016-09,2017-03,6,250.0,189.0,25.18840579710145,{'seasonalPeriod': 12}
development,ets,2183 Latokartanon peruskoulu,2016-09,2016-10,1,206.0,213.65589436584816,25.18840579710145,"{'specification': 'ETS(A,Ad,A), deterministic grid', 'sse': 57618.48112078586, 'alpha': 0.25, 'beta': 0.01, 'gamma': 0.4, 'phi': 0.9}"
development,ets,2183 Latokartanon peruskoulu,2016-09,2016-11,2,261.0,220.1633701690398,25.18840579710145,"{'specification': 'ETS(A,Ad,A), deterministic grid', 'sse': 57618.48112078586, 'alpha': 0.25, 'beta': 0.01, 'gamma': 0.4, 'phi': 0.9}"
development,ets,2183 Latokartanon peruskoulu,2016-09,2016-12,3,146.0,173.72805756816163,25.18840579710145,"{'specification': 'ETS(A,Ad,A), deterministic grid', 'sse': 57618.48112078586, 'alpha': 0.25, 'beta': 0.01, 'gamma': 0.4, 'phi': 0.9}"
development,ets,2183 Latokartanon peruskoulu,2016-09,2017-01,4,171.0,200.62680467932336,25.18840579710145,"{'specification': 'ETS(A,Ad,A), deterministic grid', 'sse': 57618.48112078586, 'alpha': 0.25, 'beta': 0.01, 'gamma': 0.4, 'phi': 0.9}"
development,ets,2183 Latokartanon peruskoulu,2016-09,2017-02,5,170.0,176.52437970285334,25.18840579710145,"{'specification': 'ETS(A,Ad,A), deterministic grid', 'sse': 57618.48112078586, 'alpha': 0.25, 'beta': 0.01, 'gamma': 0.4, 'phi': 0.9}"
development,ets,2183 Latokartanon peruskoulu,2016-09,2017-03,6,250.0,231.52567623996552,25.18840579710145,"{'specification': 'ETS(A,Ad,A), deterministic grid', 'sse': 57618.48112078586, 'alpha': 0.25, 'beta': 0.01, 'gamma': 0.4, 'phi': 0.9}"
development,sarima_paper,2183 Latokartanon peruskoulu,2016-09,2016-10,1,206.0,214.7844203604451,25.18840579710145,"{'aic': 500.1517395256111, 'order': '(0, 1, 2)', 'seasonalOrder': '(0, 1, 1, 12)'}"
development,sarima_paper,2183 Latokartanon peruskoulu,2016-09,2016-11,2,261.0,206.57677416766174,25.18840579710145,"{'aic': 500.1517395256111, 'order': '(0, 1, 2)', 'seasonalOrder': '(0, 1, 1, 12)'}"
development,sarima_paper,2183 Latokartanon peruskoulu,2016-09,2016-12,3,146.0,173.7269336343358,25.18840579710145,"{'aic': 500.1517395256111, 'order': '(0, 1, 2)', 'seasonalOrder': '(0, 1, 1, 12)'}"
development,sarima_paper,2183 Latokartanon peruskoulu,2016-09,2017-01,4,171.0,203.72347935107726,25.18840579710145,"{'aic': 500.1517395256111, 'order': '(0, 1, 2)', 'seasonalOrder': '(0, 1, 1, 12)'}"
development,sarima_paper,2183 Latokartanon peruskoulu,2016-09,2017-02,5,170.0,182.16336296067345,25.18840579710145,"{'aic': 500.1517395256111, 'order': '(0, 1, 2)', 'seasonalOrder': '(0, 1, 1, 12)'}"
development,sarima_paper,2183 Latokartanon peruskoulu,2016-09,2017-03,6,250.0,230.6096095371444,25.18840579710145,"{'aic': 500.1517395256111, 'order': '(0, 1, 2)', 'seasonalOrder': '(0, 1, 1, 12)'}"
development,harmonic_ridge,2183 Latokartanon peruskoulu,2016-09,2016-10,1,206.0,150.58450655220054,25.18840579710145,"{'alpha': 10.0, 'features': 8}"
development,harmonic_ridge,2183 Latokartanon peruskoulu,2016-09,2016-11,2,261.0,113.56037295742865,25.18840579710145,"{'alpha': 10.0, 'features': 8}"
development,harmonic_ridge,2183 Latokartanon peruskoulu,2016-09,2016-12,3,146.0,116.53231212757538,25.18840579710145,"{'alpha': 10.0, 'features': 8}"
development,harmonic_ridge,2183 Latokartanon peruskoulu,2016-09,2017-01,4,171.0,156.9003583074048,25.18840579710145,"{'alpha': 10.0, 'features': 8}"
development,harmonic_ridge,2183 Latokartanon peruskoulu,2016-09,2017-02,5,170.0,155.1879785976377,25.18840579710145,"{'alpha': 10.0, 'features': 8}"
development,harmonic_ridge,2183 Latokartanon peruskoulu,2016-09,2017-03,6,250.0,168.53281952845103,25.18840579710145,"{'alpha': 10.0, 'features': 8}"
development,seasonal_naive,2183 Latokartanon peruskoulu,2016-12,2017-01,1,171.0,165.0,26.708333333333332,{'seasonalPeriod': 12}
development,seasonal_naive,2183 Latokartanon peruskoulu,2016-12,2017-02,2,170.0,147.0,26.708333333333332,{'seasonalPeriod': 12}
development,seasonal_naive,2183 Latokartanon peruskoulu,2016-12,2017-03,3,250.0,189.0,26.708333333333332,{'seasonalPeriod': 12}
development,seasonal_naive,2183 Latokartanon peruskoulu,2016-12,2017-04,4,196.0,199.0,26.708333333333332,{'seasonalPeriod': 12}
development,seasonal_naive,2183 Latokartanon peruskoulu,2016-12,2017-05,5,153.0,182.0,26.708333333333332,{'seasonalPeriod': 12}
development,seasonal_naive,2183 Latokartanon peruskoulu,2016-12,2017-06,6,32.0,46.0,26.708333333333332,{'seasonalPeriod': 12}
development,ets,2183 Latokartanon peruskoulu,2016-12,2017-01,1,171.0,200.316272588017,26.708333333333332,"{'specification': 'ETS(A,Ad,A), deterministic grid', 'sse': 60843.51230393577, 'alpha': 0.25, 'beta': 0.01, 'gamma': 0.4, 'phi': 0.9}"
development,ets,2183 Latokartanon peruskoulu,2016-12,2017-02,2,170.0,176.20518108112384,26.708333333333332,"{'specification': 'ETS(A,Ad,A), deterministic grid', 'sse': 60843.51230393577, 'alpha': 0.25, 'beta': 0.01, 'gamma': 0.4, 'phi': 0.9}"
development,ets,2183 Latokartanon peruskoulu,2016-12,2017-03,3,250.0,231.19867774085515,26.708333333333332,"{'specification': 'ETS(A,Ad,A), deterministic grid', 'sse': 60843.51230393577, 'alpha': 0.25, 'beta': 0.01, 'gamma': 0.4, 'phi': 0.9}"
development,ets,2183 Latokartanon peruskoulu,2016-12,2017-04,4,196.0,227.52078938223508,26.708333333333332,"{'specification': 'ETS(A,Ad,A), deterministic grid', 'sse': 60843.51230393577, 'alpha': 0.25, 'beta': 0.01, 'gamma': 0.4, 'phi': 0.9}"
development,ets,2183 Latokartanon peruskoulu,2016-12,2017-05,5,153.0,207.91561710488773,26.708333333333332,"{'specification': 'ETS(A,Ad,A), deterministic grid', 'sse': 60843.51230393577, 'alpha': 0.25, 'beta': 0.01, 'gamma': 0.4, 'phi': 0.9}"
development,ets,2183 Latokartanon peruskoulu,2016-12,2017-06,6,32.0,69.22639432688081,26.708333333333332,"{'specification': 'ETS(A,Ad,A), deterministic grid', 'sse': 60843.51230393577, 'alpha': 0.25, 'beta': 0.01, 'gamma': 0.4, 'phi': 0.9}"
development,sarima_paper,2183 Latokartanon peruskoulu,2016-12,2017-01,1,171.0,199.64948571698037,26.708333333333332,"{'aic': 534.0364846738009, 'order': '(0, 1, 2)', 'seasonalOrder': '(0, 1, 1, 12)'}"
development,sarima_paper,2183 Latokartanon peruskoulu,2016-12,2017-02,2,170.0,180.74424918108696,26.708333333333332,"{'aic': 534.0364846738009, 'order': '(0, 1, 2)', 'seasonalOrder': '(0, 1, 1, 12)'}"
development,sarima_paper,2183 Latokartanon peruskoulu,2016-12,2017-03,3,250.0,230.88977834749917,26.708333333333332,"{'aic': 534.0364846738009, 'order': '(0, 1, 2)', 'seasonalOrder': '(0, 1, 1, 12)'}"
development,sarima_paper,2183 Latokartanon peruskoulu,2016-12,2017-04,4,196.0,231.32915812173962,26.708333333333332,"{'aic': 534.0364846738009, 'order': '(0, 1, 2)', 'seasonalOrder': '(0, 1, 1, 12)'}"
development,sarima_paper,2183 Latokartanon peruskoulu,2016-12,2017-05,5,153.0,214.2023875398461,26.708333333333332,"{'aic': 534.0364846738009, 'order': '(0, 1, 2)', 'seasonalOrder': '(0, 1, 1, 12)'}"
development,sarima_paper,2183 Latokartanon peruskoulu,2016-12,2017-06,6,32.0,79.33393334916204,26.708333333333332,"{'aic': 534.0364846738009, 'order': '(0, 1, 2)', 'seasonalOrder': '(0, 1, 1, 12)'}"
development,harmonic_ridge,2183 Latokartanon peruskoulu,2016-12,2017-01,1,171.0,144.86377723377603,26.708333333333332,"{'alpha': 10.0, 'features': 8}"
development,harmonic_ridge,2183 Latokartanon peruskoulu,2016-12,2017-02,2,170.0,145.95649221200597,26.708333333333332,"{'alpha': 10.0, 'features': 8}"
development,harmonic_ridge,2183 Latokartanon peruskoulu,2016-12,2017-03,3,250.0,172.2869383239398,26.708333333333332,"{'alpha': 10.0, 'features': 8}"
development,harmonic_ridge,2183 Latokartanon peruskoulu,2016-12,2017-04,4,196.0,177.5652597800381,26.708333333333332,"{'alpha': 10.0, 'features': 8}"
development,harmonic_ridge,2183 Latokartanon peruskoulu,2016-12,2017-05,5,153.0,158.55773049243132,26.708333333333332,"{'alpha': 10.0, 'features': 8}"
development,harmonic_ridge,2183 Latokartanon peruskoulu,2016-12,2017-06,6,32.0,65.52957936710315,26.708333333333332,"{'alpha': 10.0, 'features': 8}"
development,seasonal_naive,2183 Latokartanon peruskoulu,2017-03,2017-04,1,196.0,199.0,26.84,{'seasonalPeriod': 12}
development,seasonal_naive,2183 Latokartanon peruskoulu,2017-03,2017-05,2,153.0,182.0,26.84,{'seasonalPeriod': 12}
development,seasonal_naive,2183 Latokartanon peruskoulu,2017-03,2017-06,3,32.0,46.0,26.84,{'seasonalPeriod': 12}
development,seasonal_naive,2183 Latokartanon peruskoulu,2017-03,2017-07,4,8.0,4.0,26.84,{'seasonalPeriod': 12}
development,seasonal_naive,2183 Latokartanon peruskoulu,2017-03,2017-08,5,135.0,180.0,26.84,{'seasonalPeriod': 12}
development,seasonal_naive,2183 Latokartanon peruskoulu,2017-03,2017-09,6,171.0,252.0,26.84,{'seasonalPeriod': 12}
development,ets,2183 Latokartanon peruskoulu,2017-03,2017-04,1,196.0,226.86280862238317,26.84,"{'specification': 'ETS(A,Ad,A), deterministic grid', 'sse': 62378.0639189625, 'alpha': 0.25, 'beta': 0.01, 'gamma': 0.4, 'phi': 0.9}"
development,ets,2183 Latokartanon peruskoulu,2017-03,2017-05,2,153.0,207.26427887387896,26.84,"{'specification': 'ETS(A,Ad,A), deterministic grid', 'sse': 62378.0639189625, 'alpha': 0.25, 'beta': 0.01, 'gamma': 0.4, 'phi': 0.9}"
development,ets,2183 Latokartanon peruskoulu,2017-03,2017-06,3,32.0,68.58103437183087,26.84,"{'specification': 'ETS(A,Ad,A), deterministic grid', 'sse': 62378.0639189625, 'alpha': 0.25, 'beta': 0.01, 'gamma': 0.4, 'phi': 0.9}"
development,ets,2183 Latokartanon peruskoulu,2017-03,2017-07,4,8.0,39.64495758499854,26.84,"{'specification': 'ETS(A,Ad,A), deterministic grid', 'sse': 62378.0639189625, 'alpha': 0.25, 'beta': 0.01, 'gamma': 0.4, 'phi': 0.9}"
development,ets,2183 Latokartanon peruskoulu,2017-03,2017-08,5,135.0,167.71568611961362,26.84,"{'specification': 'ETS(A,Ad,A), deterministic grid', 'sse': 62378.0639189625, 'alpha': 0.25, 'beta': 0.01, 'gamma': 0.4, 'phi': 0.9}"
development,ets,2183 Latokartanon peruskoulu,2017-03,2017-09,6,171.0,227.67585366459437,26.84,"{'specification': 'ETS(A,Ad,A), deterministic grid', 'sse': 62378.0639189625, 'alpha': 0.25, 'beta': 0.01, 'gamma': 0.4, 'phi': 0.9}"
development,sarima_paper,2183 Latokartanon peruskoulu,2017-03,2017-04,1,196.0,234.0840594288055,26.84,"{'aic': 561.2017794369401, 'order': '(0, 1, 2)', 'seasonalOrder': '(0, 1, 1, 12)'}"
development,sarima_paper,2183 Latokartanon peruskoulu,2017-03,2017-05,2,153.0,213.31405379784158,26.84,"{'aic': 561.2017794369401, 'order': '(0, 1, 2)', 'seasonalOrder': '(0, 1, 1, 12)'}"
development,sarima_paper,2183 Latokartanon peruskoulu,2017-03,2017-06,3,32.0,76.79317827160223,26.84,"{'aic': 561.2017794369401, 'order': '(0, 1, 2)', 'seasonalOrder': '(0, 1, 1, 12)'}"
development,sarima_paper,2183 Latokartanon peruskoulu,2017-03,2017-07,4,8.0,46.1661634537826,26.84,"{'aic': 561.2017794369401, 'order': '(0, 1, 2)', 'seasonalOrder': '(0, 1, 1, 12)'}"
development,sarima_paper,2183 Latokartanon peruskoulu,2017-03,2017-08,5,135.0,187.1863920315037,26.84,"{'aic': 561.2017794369401, 'order': '(0, 1, 2)', 'seasonalOrder': '(0, 1, 1, 12)'}"
development,sarima_paper,2183 Latokartanon peruskoulu,2017-03,2017-09,6,171.0,252.50483821521644,26.84,"{'aic': 561.2017794369401, 'order': '(0, 1, 2)', 'seasonalOrder': '(0, 1, 1, 12)'}"
development,harmonic_ridge,2183 Latokartanon peruskoulu,2017-03,2017-04,1,196.0,201.19737411163385,26.84,"{'alpha': 10.0, 'features': 8}"
development,harmonic_ridge,2183 Latokartanon peruskoulu,2017-03,2017-05,2,153.0,162.30848646897994,26.84,"{'alpha': 10.0, 'features': 8}"
development,harmonic_ridge,2183 Latokartanon peruskoulu,2017-03,2017-06,3,32.0,68.94012200712582,26.84,"{'alpha': 10.0, 'features': 8}"
development,harmonic_ridge,2183 Latokartanon peruskoulu,2017-03,2017-07,4,8.0,31.56118692860329,26.84,"{'alpha': 10.0, 'features': 8}"
development,harmonic_ridge,2183 Latokartanon peruskoulu,2017-03,2017-08,5,135.0,149.62146955605732,26.84,"{'alpha': 10.0, 'features': 8}"
development,harmonic_ridge,2183 Latokartanon peruskoulu,2017-03,2017-09,6,171.0,231.1093439244557,26.84,"{'alpha': 10.0, 'features': 8}"
development,seasonal_naive,2183 Latokartanon peruskoulu,2017-06,2017-07,1,8.0,4.0,26.397435897435898,{'seasonalPeriod': 12}
development,seasonal_naive,2183 Latokartanon peruskoulu,2017-06,2017-08,2,135.0,180.0,26.397435897435898,{'seasonalPeriod': 12}
development,seasonal_naive,2183 Latokartanon peruskoulu,2017-06,2017-09,3,171.0,252.0,26.397435897435898,{'seasonalPeriod': 12}
development,seasonal_naive,2183 Latokartanon peruskoulu,2017-06,2017-10,4,130.0,206.0,26.397435897435898,{'seasonalPeriod': 12}
development,seasonal_naive,2183 Latokartanon peruskoulu,2017-06,2017-11,5,184.0,261.0,26.397435897435898,{'seasonalPeriod': 12}
development,seasonal_naive,2183 Latokartanon peruskoulu,2017-06,2017-12,6,122.0,146.0,26.397435897435898,{'seasonalPeriod': 12}
development,ets,2183 Latokartanon peruskoulu,2017-06,2017-07,1,8.0,15.632059027464038,26.397435897435898,"{'specification': 'ETS(A,Ad,A), deterministic grid', 'sse': 65780.19406539574, 'alpha': 0.25, 'beta': 0.01, 'gamma': 0.4, 'phi': 0.9}"
development,ets,2183 Latokartanon peruskoulu,2017-06,2017-08,2,135.0,143.53301332656665,26.397435897435898,"{'specification': 'ETS(A,Ad,A), deterministic grid', 'sse': 65780.19406539574, 'alpha': 0.25, 'beta': 0.01, 'gamma': 0.4, 'phi': 0.9}"
development,ets,2183 Latokartanon peruskoulu,2017-06,2017-09,3,171.0,203.34038405958617,26.397435897435898,"{'specification': 'ETS(A,Ad,A), deterministic grid', 'sse': 65780.19406539574, 'alpha': 0.25, 'beta': 0.01, 'gamma': 0.4, 'phi': 0.9}"
development,ets,2183 Latokartanon peruskoulu,2017-06,2017-10,4,130.0,188.00276413497687,26.397435897435898,"{'specification': 'ETS(A,Ad,A), deterministic grid', 'sse': 65780.19406539574, 'alpha': 0.25, 'beta': 0.01, 'gamma': 0.4, 'phi': 0.9}"
development,ets,2183 Latokartanon peruskoulu,2017-06,2017-11,5,184.0,209.30305381749656,26.397435897435898,"{'specification': 'ETS(A,Ad,A), deterministic grid', 'sse': 65780.19406539574, 'alpha': 0.25, 'beta': 0.01, 'gamma': 0.4, 'phi': 0.9}"
development,ets,2183 Latokartanon peruskoulu,2017-06,2017-12,6,122.0,138.76565761188843,26.397435897435898,"{'specification': 'ETS(A,Ad,A), deterministic grid', 'sse': 65780.19406539574, 'alpha': 0.25, 'beta': 0.01, 'gamma': 0.4, 'phi': 0.9}"
development,sarima_paper,2183 Latokartanon peruskoulu,2017-06,2017-07,1,8.0,14.257139505649349,26.397435897435898,"{'aic': 591.1896672301347, 'order': '(0, 1, 2)', 'seasonalOrder': '(0, 1, 1, 12)'}"
development,sarima_paper,2183 Latokartanon peruskoulu,2017-06,2017-08,2,135.0,152.48573523445563,26.397435897435898,"{'aic': 591.1896672301347, 'order': '(0, 1, 2)', 'seasonalOrder': '(0, 1, 1, 12)'}"
development,sarima_paper,2183 Latokartanon peruskoulu,2017-06,2017-09,3,171.0,217.7078411709077,26.397435897435898,"{'aic': 591.1896672301347, 'order': '(0, 1, 2)', 'seasonalOrder': '(0, 1, 1, 12)'}"
development,sarima_paper,2183 Latokartanon peruskoulu,2017-06,2017-10,4,130.0,199.7061199128768,26.397435897435898,"{'aic': 591.1896672301347, 'order': '(0, 1, 2)', 'seasonalOrder': '(0, 1, 1, 12)'}"
development,sarima_paper,2183 Latokartanon peruskoulu,2017-06,2017-11,5,184.0,221.4180694413075,26.397435897435898,"{'aic': 591.1896672301347, 'order': '(0, 1, 2)', 'seasonalOrder': '(0, 1, 1, 12)'}"
development,sarima_paper,2183 Latokartanon peruskoulu,2017-06,2017-12,6,122.0,148.75921081338154,26.397435897435898,"{'aic': 591.1896672301347, 'order': '(0, 1, 2)', 'seasonalOrder': '(0, 1, 1, 12)'}"
development,harmonic_ridge,2183 Latokartanon peruskoulu,2017-06,2017-07,1,8.0,20.765522183541748,26.397435897435898,"{'alpha': 10.0, 'features': 8}"
development,harmonic_ridge,2183 Latokartanon peruskoulu,2017-06,2017-08,2,135.0,149.6063276912591,26.397435897435898,"{'alpha': 10.0, 'features': 8}"
development,harmonic_ridge,2183 Latokartanon peruskoulu,2017-06,2017-09,3,171.0,231.48502609275215,26.397435897435898,"{'alpha': 10.0, 'features': 8}"
development,harmonic_ridge,2183 Latokartanon peruskoulu,2017-06,2017-10,4,130.0,206.37089035544236,26.397435897435898,"{'alpha': 10.0, 'features': 8}"
development,harmonic_ridge,2183 Latokartanon peruskoulu,2017-06,2017-11,5,184.0,223.21639123132366,26.397435897435898,"{'alpha': 10.0, 'features': 8}"
development,harmonic_ridge,2183 Latokartanon peruskoulu,2017-06,2017-12,6,122.0,159.98016404953,26.397435897435898,"{'alpha': 10.0, 'features': 8}"
development,seasonal_naive,4022 Taivallahden peruskoulu,2015-12,2016-01,1,43.0,177.0,48.28333333333333,{'seasonalPeriod': 12}
development,seasonal_naive,4022 Taivallahden peruskoulu,2015-12,2016-02,2,67.0,170.0,48.28333333333333,{'seasonalPeriod': 12}
development,seasonal_naive,4022 Taivallahden peruskoulu,2015-12,2016-03,3,72.0,295.0,48.28333333333333,{'seasonalPeriod': 12}
development,seasonal_naive,4022 Taivallahden peruskoulu,2015-12,2016-04,4,96.0,198.0,48.28333333333333,{'seasonalPeriod': 12}
development,seasonal_naive,4022 Taivallahden peruskoulu,2015-12,2016-05,5,6.0,223.0,48.28333333333333,{'seasonalPeriod': 12}
development,seasonal_naive,4022 Taivallahden peruskoulu,2015-12,2016-06,6,3.0,273.0,48.28333333333333,{'seasonalPeriod': 12}
development,ets,4022 Taivallahden peruskoulu,2015-12,2016-01,1,43.0,164.65906122071036,48.28333333333333,"{'specification': 'ETS(A,Ad,A), deterministic grid', 'sse': 218604.70627935795, 'alpha': 0.1, 'beta': 0.01, 'gamma': 0.4, 'phi': 0.9}"
development,ets,4022 Taivallahden peruskoulu,2015-12,2016-02,2,67.0,161.4491533421417,48.28333333333333,"{'specification': 'ETS(A,Ad,A), deterministic grid', 'sse': 218604.70627935795, 'alpha': 0.1, 'beta': 0.01, 'gamma': 0.4, 'phi': 0.9}"
development,ets,4022 Taivallahden peruskoulu,2015-12,2016-03,3,72.0,265.92023441008047,48.28333333333333,"{'specification': 'ETS(A,Ad,A), deterministic grid', 'sse': 218604.70627935795, 'alpha': 0.1, 'beta': 0.01, 'gamma': 0.4, 'phi': 0.9}"
development,ets,4022 Taivallahden peruskoulu,2015-12,2016-04,4,96.0,216.57365995055147,48.28333333333333,"{'specification': 'ETS(A,Ad,A), deterministic grid', 'sse': 218604.70627935795, 'alpha': 0.1, 'beta': 0.01, 'gamma': 0.4, 'phi': 0.9}"
development,ets,4022 Taivallahden peruskoulu,2015-12,2016-05,5,6.0,210.83507552590473,48.28333333333333,"{'specification': 'ETS(A,Ad,A), deterministic grid', 'sse': 218604.70627935795, 'alpha': 0.1, 'beta': 0.01, 'gamma': 0.4, 'phi': 0.9}"
development,ets,4022 Taivallahden peruskoulu,2015-12,2016-06,6,3.0,140.77566876866757,48.28333333333333,"{'specification': 'ETS(A,Ad,A), deterministic grid', 'sse': 218604.70627935795, 'alpha': 0.1, 'beta': 0.01, 'gamma': 0.4, 'phi': 0.9}"
development,sarima_paper,4022 Taivallahden peruskoulu,2015-12,2016-01,1,43.0,152.11724204641968,48.28333333333333,"{'aic': 497.1016578432756, 'order': '(0, 1, 2)', 'seasonalOrder': '(0, 1, 1, 12)'}"
development,sarima_paper,4022 Taivallahden peruskoulu,2015-12,2016-02,2,67.0,170.94990311703222,48.28333333333333,"{'aic': 497.1016578432756, 'order': '(0, 1, 2)', 'seasonalOrder': '(0, 1, 1, 12)'}"
development,sarima_paper,4022 Taivallahden peruskoulu,2015-12,2016-03,3,72.0,293.11966559355966,48.28333333333333,"{'aic': 497.1016578432756, 'order': '(0, 1, 2)', 'seasonalOrder': '(0, 1, 1, 12)'}"
development,sarima_paper,4022 Taivallahden peruskoulu,2015-12,2016-04,4,96.0,218.62765025677672,48.28333333333333,"{'aic': 497.1016578432756, 'order': '(0, 1, 2)', 'seasonalOrder': '(0, 1, 1, 12)'}"
development,sarima_paper,4022 Taivallahden peruskoulu,2015-12,2016-05,5,6.0,225.65638463850235,48.28333333333333,"{'aic': 497.1016578432756, 'order': '(0, 1, 2)', 'seasonalOrder': '(0, 1, 1, 12)'}"
development,sarima_paper,4022 Taivallahden peruskoulu,2015-12,2016-06,6,3.0,194.26288812811805,48.28333333333333,"{'aic': 497.1016578432756, 'order': '(0, 1, 2)', 'seasonalOrder': '(0, 1, 1, 12)'}"
development,harmonic_ridge,4022 Taivallahden peruskoulu,2015-12,2016-01,1,43.0,173.44895742649237,48.28333333333333,"{'alpha': 10.0, 'features': 8}"
development,harmonic_ridge,4022 Taivallahden peruskoulu,2015-12,2016-02,2,67.0,195.8139651187545,48.28333333333333,"{'alpha': 10.0, 'features': 8}"
development,harmonic_ridge,4022 Taivallahden peruskoulu,2015-12,2016-03,3,72.0,236.26797814840438,48.28333333333333,"{'alpha': 10.0, 'features': 8}"
development,harmonic_ridge,4022 Taivallahden peruskoulu,2015-12,2016-04,4,96.0,207.16964185787586,48.28333333333333,"{'alpha': 10.0, 'features': 8}"
development,harmonic_ridge,4022 Taivallahden peruskoulu,2015-12,2016-05,5,6.0,200.73930802179856,48.28333333333333,"{'alpha': 10.0, 'features': 8}"
development,harmonic_ridge,4022 Taivallahden peruskoulu,2015-12,2016-06,6,3.0,214.256740434047,48.28333333333333,"{'alpha': 10.0, 'features': 8}"
development,seasonal_naive,4022 Taivallahden peruskoulu,2016-03,2016-04,1,96.0,198.0,53.285714285714285,{'seasonalPeriod': 12}
development,seasonal_naive,4022 Taivallahden peruskoulu,2016-03,2016-05,2,6.0,223.0,53.285714285714285,{'seasonalPeriod': 12}
development,seasonal_naive,4022 Taivallahden peruskoulu,2016-03,2016-06,3,3.0,273.0,53.285714285714285,{'seasonalPeriod': 12}
development,seasonal_naive,4022 Taivallahden peruskoulu,2016-03,2016-07,4,137.0,240.0,53.285714285714285,{'seasonalPeriod': 12}
development,seasonal_naive,4022 Taivallahden peruskoulu,2016-03,2016-08,5,144.0,123.0,53.285714285714285,{'seasonalPeriod': 12}
development,seasonal_naive,4022 Taivallahden peruskoulu,2016-03,2016-09,6,237.0,150.0,53.285714285714285,{'seasonalPeriod': 12}
development,ets,4022 Taivallahden peruskoulu,2016-03,2016-04,1,96.0,124.69190734776308,53.285714285714285,"{'specification': 'ETS(A,Ad,A), deterministic grid', 'sse': 250755.25456310183, 'alpha': 0.25, 'beta': 0.01, 'gamma': 0.4, 'phi': 0.9}"
development,ets,4022 Taivallahden peruskoulu,2016-03,2016-05,2,6.0,117.19798282442443,53.285714285714285,"{'specification': 'ETS(A,Ad,A), deterministic grid', 'sse': 250755.25456310183, 'alpha': 0.25, 'beta': 0.01, 'gamma': 0.4, 'phi': 0.9}"
development,ets,4022 Taivallahden peruskoulu,2016-03,2016-06,3,3.0,35.31653383331714,53.285714285714285,"{'specification': 'ETS(A,Ad,A), deterministic grid', 'sse': 250755.25456310183, 'alpha': 0.25, 'beta': 0.01, 'gamma': 0.4, 'phi': 0.9}"
development,ets,4022 Taivallahden peruskoulu,2016-03,2016-07,4,137.0,26.38790624592275,53.285714285714285,"{'specification': 'ETS(A,Ad,A), deterministic grid', 'sse': 250755.25456310183, 'alpha': 0.25, 'beta': 0.01, 'gamma': 0.4, 'phi': 0.9}"
development,ets,4022 Taivallahden peruskoulu,2016-03,2016-08,5,144.0,21.46057478609511,53.285714285714285,"{'specification': 'ETS(A,Ad,A), deterministic grid', 'sse': 250755.25456310183, 'alpha': 0.25, 'beta': 0.01, 'gamma': 0.4, 'phi': 0.9}"
development,ets,4022 Taivallahden peruskoulu,2016-03,2016-09,6,237.0,69.62828574664196,53.285714285714285,"{'specification': 'ETS(A,Ad,A), deterministic grid', 'sse': 250755.25456310183, 'alpha': 0.25, 'beta': 0.01, 'gamma': 0.4, 'phi': 0.9}"
development,sarima_paper,4022 Taivallahden peruskoulu,2016-03,2016-04,1,96.0,66.81192462646084,53.285714285714285,"{'aic': 534.6957903485467, 'order': '(0, 1, 2)', 'seasonalOrder': '(0, 1, 1, 12)'}"
development,sarima_paper,4022 Taivallahden peruskoulu,2016-03,2016-05,2,6.0,91.67977550526396,53.285714285714285,"{'aic': 534.6957903485467, 'order': '(0, 1, 2)', 'seasonalOrder': '(0, 1, 1, 12)'}"
development,sarima_paper,4022 Taivallahden peruskoulu,2016-03,2016-06,3,3.0,67.60103746560199,53.285714285714285,"{'aic': 534.6957903485467, 'order': '(0, 1, 2)', 'seasonalOrder': '(0, 1, 1, 12)'}"
development,sarima_paper,4022 Taivallahden peruskoulu,2016-03,2016-07,4,137.0,80.78415407772538,53.285714285714285,"{'aic': 534.6957903485467, 'order': '(0, 1, 2)', 'seasonalOrder': '(0, 1, 1, 12)'}"
development,sarima_paper,4022 Taivallahden peruskoulu,2016-03,2016-08,5,144.0,16.771244234846833,53.285714285714285,"{'aic': 534.6957903485467, 'order': '(0, 1, 2)', 'seasonalOrder': '(0, 1, 1, 12)'}"
development,sarima_paper,4022 Taivallahden peruskoulu,2016-03,2016-09,6,237.0,36.81117782653083,53.285714285714285,"{'aic': 534.6957903485467, 'order': '(0, 1, 2)', 'seasonalOrder': '(0, 1, 1, 12)'}"
development,harmonic_ridge,4022 Taivallahden peruskoulu,2016-03,2016-04,1,96.0,127.67326435969989,53.285714285714285,"{'alpha': 10.0, 'features': 8}"
development,harmonic_ridge,4022 Taivallahden peruskoulu,2016-03,2016-05,2,6.0,155.38974074144,53.285714285714285,"{'alpha': 10.0, 'features': 8}"
development,harmonic_ridge,4022 Taivallahden peruskoulu,2016-03,2016-06,3,3.0,180.14051551251623,53.285714285714285,"{'alpha': 10.0, 'features': 8}"
development,harmonic_ridge,4022 Taivallahden peruskoulu,2016-03,2016-07,4,137.0,176.4447691963096,53.285714285714285,"{'alpha': 10.0, 'features': 8}"
development,harmonic_ridge,4022 Taivallahden peruskoulu,2016-03,2016-08,5,144.0,132.99129257488826,53.285714285714285,"{'alpha': 10.0, 'features': 8}"
development,harmonic_ridge,4022 Taivallahden peruskoulu,2016-03,2016-09,6,237.0,127.87385510199931,53.285714285714285,"{'alpha': 10.0, 'features': 8}"
development,seasonal_naive,4022 Taivallahden peruskoulu,2016-06,2016-07,1,137.0,240.0,59.78787878787879,{'seasonalPeriod': 12}
development,seasonal_naive,4022 Taivallahden peruskoulu,2016-06,2016-08,2,144.0,123.0,59.78787878787879,{'seasonalPeriod': 12}
development,seasonal_naive,4022 Taivallahden peruskoulu,2016-06,2016-09,3,237.0,150.0,59.78787878787879,{'seasonalPeriod': 12}
development,seasonal_naive,4022 Taivallahden peruskoulu,2016-06,2016-10,4,183.0,146.0,59.78787878787879,{'seasonalPeriod': 12}
development,seasonal_naive,4022 Taivallahden peruskoulu,2016-06,2016-11,5,202.0,140.0,59.78787878787879,{'seasonalPeriod': 12}
development,seasonal_naive,4022 Taivallahden peruskoulu,2016-06,2016-12,6,159.0,97.0,59.78787878787879,{'seasonalPeriod': 12}
development,ets,4022 Taivallahden peruskoulu,2016-06,2016-07,1,137.0,0.0,59.78787878787879,"{'specification': 'ETS(A,Ad,A), deterministic grid', 'sse': 258629.1507038679, 'alpha': 0.25, 'beta': 0.15, 'gamma': 0.4, 'phi': 0.9}"
development,ets,4022 Taivallahden peruskoulu,2016-06,2016-08,2,144.0,0.0,59.78787878787879,"{'specification': 'ETS(A,Ad,A), deterministic grid', 'sse': 258629.1507038679, 'alpha': 0.25, 'beta': 0.15, 'gamma': 0.4, 'phi': 0.9}"
development,ets,4022 Taivallahden peruskoulu,2016-06,2016-09,3,237.0,0.0,59.78787878787879,"{'specification': 'ETS(A,Ad,A), deterministic grid', 'sse': 258629.1507038679, 'alpha': 0.25, 'beta': 0.15, 'gamma': 0.4, 'phi': 0.9}"
development,ets,4022 Taivallahden peruskoulu,2016-06,2016-10,4,183.0,0.0,59.78787878787879,"{'specification': 'ETS(A,Ad,A), deterministic grid', 'sse': 258629.1507038679, 'alpha': 0.25, 'beta': 0.15, 'gamma': 0.4, 'phi': 0.9}"
development,ets,4022 Taivallahden peruskoulu,2016-06,2016-11,5,202.0,0.0,59.78787878787879,"{'specification': 'ETS(A,Ad,A), deterministic grid', 'sse': 258629.1507038679, 'alpha': 0.25, 'beta': 0.15, 'gamma': 0.4, 'phi': 0.9}"
development,ets,4022 Taivallahden peruskoulu,2016-06,2016-12,6,159.0,0.0,59.78787878787879,"{'specification': 'ETS(A,Ad,A), deterministic grid', 'sse': 258629.1507038679, 'alpha': 0.25, 'beta': 0.15, 'gamma': 0.4, 'phi': 0.9}"
development,sarima_paper,4022 Taivallahden peruskoulu,2016-06,2016-07,1,137.0,34.29061055666464,59.78787878787879,"{'aic': 567.6645113533439, 'order': '(0, 1, 2)', 'seasonalOrder': '(0, 1, 1, 12)'}"
development,sarima_paper,4022 Taivallahden peruskoulu,2016-06,2016-08,2,144.0,0.0,59.78787878787879,"{'aic': 567.6645113533439, 'order': '(0, 1, 2)', 'seasonalOrder': '(0, 1, 1, 12)'}"
development,sarima_paper,4022 Taivallahden peruskoulu,2016-06,2016-09,3,237.0,0.16666103538067212,59.78787878787879,"{'aic': 567.6645113533439, 'order': '(0, 1, 2)', 'seasonalOrder': '(0, 1, 1, 12)'}"
development,sarima_paper,4022 Taivallahden peruskoulu,2016-06,2016-10,4,183.0,4.115561662792203,59.78787878787879,"{'aic': 567.6645113533439, 'order': '(0, 1, 2)', 'seasonalOrder': '(0, 1, 1, 12)'}"
development,sarima_paper,4022 Taivallahden peruskoulu,2016-06,2016-11,5,202.0,4.8973475697723154,59.78787878787879,"{'aic': 567.6645113533439, 'order': '(0, 1, 2)', 'seasonalOrder': '(0, 1, 1, 12)'}"
development,sarima_paper,4022 Taivallahden peruskoulu,2016-06,2016-12,6,159.0,0.0,59.78787878787879,"{'aic': 567.6645113533439, 'order': '(0, 1, 2)', 'seasonalOrder': '(0, 1, 1, 12)'}"
development,harmonic_ridge,4022 Taivallahden peruskoulu,2016-06,2016-07,1,137.0,50.395915399175635,59.78787878787879,"{'alpha': 10.0, 'features': 8}"
development,harmonic_ridge,4022 Taivallahden peruskoulu,2016-06,2016-08,2,144.0,21.872763662329987,59.78787878787879,"{'alpha': 10.0, 'features': 8}"
development,harmonic_ridge,4022 Taivallahden peruskoulu,2016-06,2016-09,3,237.0,13.872137618686224,59.78787878787879,"{'alpha': 10.0, 'features': 8}"
development,harmonic_ridge,4022 Taivallahden peruskoulu,2016-06,2016-10,4,183.0,7.099926569187062,59.78787878787879,"{'alpha': 10.0, 'features': 8}"
development,harmonic_ridge,4022 Taivallahden peruskoulu,2016-06,2016-11,5,202.0,0.0,59.78787878787879,"{'alpha': 10.0, 'features': 8}"
development,harmonic_ridge,4022 Taivallahden peruskoulu,2016-06,2016-12,6,159.0,0.0,59.78787878787879,"{'alpha': 10.0, 'features': 8}"
development,seasonal_naive,4022 Taivallahden peruskoulu,2016-09,2016-10,1,183.0,146.0,60.2463768115942,{'seasonalPeriod': 12}
development,seasonal_naive,4022 Taivallahden peruskoulu,2016-09,2016-11,2,202.0,140.0,60.2463768115942,{'seasonalPeriod': 12}
development,seasonal_naive,4022 Taivallahden peruskoulu,2016-09,2016-12,3,159.0,97.0,60.2463768115942,{'seasonalPeriod': 12}
development,seasonal_naive,4022 Taivallahden peruskoulu,2016-09,2017-01,4,130.0,43.0,60.2463768115942,{'seasonalPeriod': 12}
development,seasonal_naive,4022 Taivallahden peruskoulu,2016-09,2017-02,5,145.0,67.0,60.2463768115942,{'seasonalPeriod': 12}
development,seasonal_naive,4022 Taivallahden peruskoulu,2016-09,2017-03,6,234.0,72.0,60.2463768115942,{'seasonalPeriod': 12}
development,ets,4022 Taivallahden peruskoulu,2016-09,2016-10,1,183.0,144.81121827914384,60.2463768115942,"{'specification': 'ETS(A,Ad,A), deterministic grid', 'sse': 315593.4704015456, 'alpha': 0.25, 'beta': 0.01, 'gamma': 0.4, 'phi': 0.9}"
development,ets,4022 Taivallahden peruskoulu,2016-09,2016-11,2,202.0,153.78996570583166,60.2463768115942,"{'specification': 'ETS(A,Ad,A), deterministic grid', 'sse': 315593.4704015456, 'alpha': 0.25, 'beta': 0.01, 'gamma': 0.4, 'phi': 0.9}"
development,ets,4022 Taivallahden peruskoulu,2016-09,2016-12,3,159.0,115.60045860006765,60.2463768115942,"{'specification': 'ETS(A,Ad,A), deterministic grid', 'sse': 315593.4704015456, 'alpha': 0.25, 'beta': 0.01, 'gamma': 0.4, 'phi': 0.9}"
development,ets,4022 Taivallahden peruskoulu,2016-09,2017-01,4,130.0,102.65013566495891,60.2463768115942,"{'specification': 'ETS(A,Ad,A), deterministic grid', 'sse': 315593.4704015456, 'alpha': 0.25, 'beta': 0.01, 'gamma': 0.4, 'phi': 0.9}"
development,ets,4022 Taivallahden peruskoulu,2016-09,2017-02,5,145.0,117.84879695402006,60.2463768115942,"{'specification': 'ETS(A,Ad,A), deterministic grid', 'sse': 315593.4704015456, 'alpha': 0.25, 'beta': 0.01, 'gamma': 0.4, 'phi': 0.9}"
development,ets,4022 Taivallahden peruskoulu,2016-09,2017-03,6,234.0,192.88111215865797,60.2463768115942,"{'specification': 'ETS(A,Ad,A), deterministic grid', 'sse': 315593.4704015456, 'alpha': 0.25, 'beta': 0.01, 'gamma': 0.4, 'phi': 0.9}"
development,sarima_paper,4022 Taivallahden peruskoulu,2016-09,2016-10,1,183.0,166.13217884307176,60.2463768115942,"{'aic': 606.6542338862652, 'order': '(0, 1, 2)', 'seasonalOrder': '(0, 1, 1, 12)'}"
development,sarima_paper,4022 Taivallahden peruskoulu,2016-09,2016-11,2,202.0,140.95215685753521,60.2463768115942,"{'aic': 606.6542338862652, 'order': '(0, 1, 2)', 'seasonalOrder': '(0, 1, 1, 12)'}"
development,sarima_paper,4022 Taivallahden peruskoulu,2016-09,2016-12,3,159.0,99.81932822575737,60.2463768115942,"{'aic': 606.6542338862652, 'order': '(0, 1, 2)', 'seasonalOrder': '(0, 1, 1, 12)'}"
development,sarima_paper,4022 Taivallahden peruskoulu,2016-09,2017-01,4,130.0,68.40700352259762,60.2463768115942,"{'aic': 606.6542338862652, 'order': '(0, 1, 2)', 'seasonalOrder': '(0, 1, 1, 12)'}"
development,sarima_paper,4022 Taivallahden peruskoulu,2016-09,2017-02,5,145.0,77.57287955262287,60.2463768115942,"{'aic': 606.6542338862652, 'order': '(0, 1, 2)', 'seasonalOrder': '(0, 1, 1, 12)'}"
development,sarima_paper,4022 Taivallahden peruskoulu,2016-09,2017-03,6,234.0,144.75439996854857,60.2463768115942,"{'aic': 606.6542338862652, 'order': '(0, 1, 2)', 'seasonalOrder': '(0, 1, 1, 12)'}"
development,harmonic_ridge,4022 Taivallahden peruskoulu,2016-09,2016-10,1,183.0,176.09403700935295,60.2463768115942,"{'alpha': 10.0, 'features': 8}"
development,harmonic_ridge,4022 Taivallahden peruskoulu,2016-09,2016-11,2,202.0,145.3839933659487,60.2463768115942,"{'alpha': 10.0, 'features': 8}"
development,harmonic_ridge,4022 Taivallahden peruskoulu,2016-09,2016-12,3,159.0,121.35836555400698,60.2463768115942,"{'alpha': 10.0, 'features': 8}"
development,harmonic_ridge,4022 Taivallahden peruskoulu,2016-09,2017-01,4,130.0,89.57900790826396,60.2463768115942,"{'alpha': 10.0, 'features': 8}"
development,harmonic_ridge,4022 Taivallahden peruskoulu,2016-09,2017-02,5,145.0,77.99518873000852,60.2463768115942,"{'alpha': 10.0, 'features': 8}"
development,harmonic_ridge,4022 Taivallahden peruskoulu,2016-09,2017-03,6,234.0,70.73025654133197,60.2463768115942,"{'alpha': 10.0, 'features': 8}"
development,seasonal_naive,4022 Taivallahden peruskoulu,2016-12,2017-01,1,130.0,43.0,59.97222222222222,{'seasonalPeriod': 12}
development,seasonal_naive,4022 Taivallahden peruskoulu,2016-12,2017-02,2,145.0,67.0,59.97222222222222,{'seasonalPeriod': 12}
development,seasonal_naive,4022 Taivallahden peruskoulu,2016-12,2017-03,3,234.0,72.0,59.97222222222222,{'seasonalPeriod': 12}
development,seasonal_naive,4022 Taivallahden peruskoulu,2016-12,2017-04,4,235.0,96.0,59.97222222222222,{'seasonalPeriod': 12}
development,seasonal_naive,4022 Taivallahden peruskoulu,2016-12,2017-05,5,221.0,6.0,59.97222222222222,{'seasonalPeriod': 12}
development,seasonal_naive,4022 Taivallahden peruskoulu,2016-12,2017-06,6,77.0,3.0,59.97222222222222,{'seasonalPeriod': 12}
development,ets,4022 Taivallahden peruskoulu,2016-12,2017-01,1,130.0,128.28275325227526,59.97222222222222,"{'specification': 'ETS(A,Ad,A), deterministic grid', 'sse': 319114.0205040596, 'alpha': 0.25, 'beta': 0.01, 'gamma': 0.4, 'phi': 0.9}"
development,ets,4022 Taivallahden peruskoulu,2016-12,2017-02,2,145.0,143.6628751927589,59.97222222222222,"{'specification': 'ETS(A,Ad,A), deterministic grid', 'sse': 319114.0205040596, 'alpha': 0.25, 'beta': 0.01, 'gamma': 0.4, 'phi': 0.9}"
development,ets,4022 Taivallahden peruskoulu,2016-12,2017-03,3,234.0,218.85850498367702,59.97222222222222,"{'specification': 'ETS(A,Ad,A), deterministic grid', 'sse': 319114.0205040596, 'alpha': 0.25, 'beta': 0.01, 'gamma': 0.4, 'phi': 0.9}"
development,ets,4022 Taivallahden peruskoulu,2016-12,2017-04,4,235.0,206.31049988784613,59.97222222222222,"{'specification': 'ETS(A,Ad,A), deterministic grid', 'sse': 319114.0205040596, 'alpha': 0.25, 'beta': 0.01, 'gamma': 0.4, 'phi': 0.9}"
development,ets,4022 Taivallahden peruskoulu,2016-12,2017-05,5,221.0,177.23272190618815,59.97222222222222,"{'specification': 'ETS(A,Ad,A), deterministic grid', 'sse': 319114.0205040596, 'alpha': 0.25, 'beta': 0.01, 'gamma': 0.4, 'phi': 0.9}"
development,ets,4022 Taivallahden peruskoulu,2016-12,2017-06,6,77.0,127.79738312555384,59.97222222222222,"{'specification': 'ETS(A,Ad,A), deterministic grid', 'sse': 319114.0205040596, 'alpha': 0.25, 'beta': 0.01, 'gamma': 0.4, 'phi': 0.9}"
development,sarima_paper,4022 Taivallahden peruskoulu,2016-12,2017-01,1,130.0,112.39014192739216,59.97222222222222,"{'aic': 638.027697502801, 'order': '(0, 1, 2)', 'seasonalOrder': '(0, 1, 1, 12)'}"
development,sarima_paper,4022 Taivallahden peruskoulu,2016-12,2017-02,2,145.0,118.11829994092773,59.97222222222222,"{'aic': 638.027697502801, 'order': '(0, 1, 2)', 'seasonalOrder': '(0, 1, 1, 12)'}"
development,sarima_paper,4022 Taivallahden peruskoulu,2016-12,2017-03,3,234.0,185.89209143219793,59.97222222222222,"{'aic': 638.027697502801, 'order': '(0, 1, 2)', 'seasonalOrder': '(0, 1, 1, 12)'}"
development,sarima_paper,4022 Taivallahden peruskoulu,2016-12,2017-04,4,235.0,163.23527513474102,59.97222222222222,"{'aic': 638.027697502801, 'order': '(0, 1, 2)', 'seasonalOrder': '(0, 1, 1, 12)'}"
development,sarima_paper,4022 Taivallahden peruskoulu,2016-12,2017-05,5,221.0,124.77163239543862,59.97222222222222,"{'aic': 638.027697502801, 'order': '(0, 1, 2)', 'seasonalOrder': '(0, 1, 1, 12)'}"
development,sarima_paper,4022 Taivallahden peruskoulu,2016-12,2017-06,6,77.0,85.28138480293373,59.97222222222222,"{'aic': 638.027697502801, 'order': '(0, 1, 2)', 'seasonalOrder': '(0, 1, 1, 12)'}"
development,harmonic_ridge,4022 Taivallahden peruskoulu,2016-12,2017-01,1,130.0,113.5380840098696,59.97222222222222,"{'alpha': 10.0, 'features': 8}"
development,harmonic_ridge,4022 Taivallahden peruskoulu,2016-12,2017-02,2,145.0,96.39692173688121,59.97222222222222,"{'alpha': 10.0, 'features': 8}"
development,harmonic_ridge,4022 Taivallahden peruskoulu,2016-12,2017-03,3,234.0,84.57757118373755,59.97222222222222,"{'alpha': 10.0, 'features': 8}"
development,harmonic_ridge,4022 Taivallahden peruskoulu,2016-12,2017-04,4,235.0,82.43949280872712,59.97222222222222,"{'alpha': 10.0, 'features': 8}"
development,harmonic_ridge,4022 Taivallahden peruskoulu,2016-12,2017-05,5,221.0,55.76016043885525,59.97222222222222,"{'alpha': 10.0, 'features': 8}"
development,harmonic_ridge,4022 Taivallahden peruskoulu,2016-12,2017-06,6,77.0,46.41688573208887,59.97222222222222,"{'alpha': 10.0, 'features': 8}"
development,seasonal_naive,4022 Taivallahden peruskoulu,2017-03,2017-04,1,235.0,96.0,61.93333333333333,{'seasonalPeriod': 12}
development,seasonal_naive,4022 Taivallahden peruskoulu,2017-03,2017-05,2,221.0,6.0,61.93333333333333,{'seasonalPeriod': 12}
development,seasonal_naive,4022 Taivallahden peruskoulu,2017-03,2017-06,3,77.0,3.0,61.93333333333333,{'seasonalPeriod': 12}
development,seasonal_naive,4022 Taivallahden peruskoulu,2017-03,2017-07,4,105.0,137.0,61.93333333333333,{'seasonalPeriod': 12}
development,seasonal_naive,4022 Taivallahden peruskoulu,2017-03,2017-08,5,168.0,144.0,61.93333333333333,{'seasonalPeriod': 12}
development,seasonal_naive,4022 Taivallahden peruskoulu,2017-03,2017-09,6,216.0,237.0,61.93333333333333,{'seasonalPeriod': 12}
development,ets,4022 Taivallahden peruskoulu,2017-03,2017-04,1,235.0,210.6319122671175,61.93333333333333,"{'specification': 'ETS(A,Ad,A), deterministic grid', 'sse': 319327.36490774725, 'alpha': 0.25, 'beta': 0.01, 'gamma': 0.4, 'phi': 0.9}"
development,ets,4022 Taivallahden peruskoulu,2017-03,2017-05,2,221.0,181.58791400935604,61.93333333333333,"{'specification': 'ETS(A,Ad,A), deterministic grid', 'sse': 319327.36490774725, 'alpha': 0.25, 'beta': 0.01, 'gamma': 0.4, 'phi': 0.9}"
development,ets,4022 Taivallahden peruskoulu,2017-03,2017-06,3,77.0,132.18297698022857,61.93333333333333,"{'specification': 'ETS(A,Ad,A), deterministic grid', 'sse': 319327.36490774725, 'alpha': 0.25, 'beta': 0.01, 'gamma': 0.4, 'phi': 0.9}"
development,ets,4022 Taivallahden peruskoulu,2017-03,2017-07,4,105.0,166.95543046137098,61.93333333333333,"{'specification': 'ETS(A,Ad,A), deterministic grid', 'sse': 319327.36490774725, 'alpha': 0.25, 'beta': 0.01, 'gamma': 0.4, 'phi': 0.9}"
development,ets,4022 Taivallahden peruskoulu,2017-03,2017-08,5,168.0,155.52366076449545,61.93333333333333,"{'specification': 'ETS(A,Ad,A), deterministic grid', 'sse': 319327.36490774725, 'alpha': 0.25, 'beta': 0.01, 'gamma': 0.4, 'phi': 0.9}"
development,ets,4022 Taivallahden peruskoulu,2017-03,2017-09,6,216.0,208.71898138630206,61.93333333333333,"{'specification': 'ETS(A,Ad,A), deterministic grid', 'sse': 319327.36490774725, 'alpha': 0.25, 'beta': 0.01, 'gamma': 0.4, 'phi': 0.9}"
development,sarima_paper,4022 Taivallahden peruskoulu,2017-03,2017-04,1,235.0,196.47512650198553,61.93333333333333,"{'aic': 668.9583775349793, 'order': '(0, 1, 2)', 'seasonalOrder': '(0, 1, 1, 12)'}"
development,sarima_paper,4022 Taivallahden peruskoulu,2017-03,2017-05,2,221.0,153.59248793426397,61.93333333333333,"{'aic': 668.9583775349793, 'order': '(0, 1, 2)', 'seasonalOrder': '(0, 1, 1, 12)'}"
development,sarima_paper,4022 Taivallahden peruskoulu,2017-03,2017-06,3,77.0,111.41314291923317,61.93333333333333,"{'aic': 668.9583775349793, 'order': '(0, 1, 2)', 'seasonalOrder': '(0, 1, 1, 12)'}"
development,sarima_paper,4022 Taivallahden peruskoulu,2017-03,2017-07,4,105.0,172.30235286996813,61.93333333333333,"{'aic': 668.9583775349793, 'order': '(0, 1, 2)', 'seasonalOrder': '(0, 1, 1, 12)'}"
development,sarima_paper,4022 Taivallahden peruskoulu,2017-03,2017-08,5,168.0,167.98926242381637,61.93333333333333,"{'aic': 668.9583775349793, 'order': '(0, 1, 2)', 'seasonalOrder': '(0, 1, 1, 12)'}"
development,sarima_paper,4022 Taivallahden peruskoulu,2017-03,2017-09,6,216.0,222.1483912380524,61.93333333333333,"{'aic': 668.9583775349793, 'order': '(0, 1, 2)', 'seasonalOrder': '(0, 1, 1, 12)'}"
development,harmonic_ridge,4022 Taivallahden peruskoulu,2017-03,2017-04,1,235.0,161.6210841398058,61.93333333333333,"{'alpha': 10.0, 'features': 8}"
development,harmonic_ridge,4022 Taivallahden peruskoulu,2017-03,2017-05,2,221.0,105.59871135642369,61.93333333333333,"{'alpha': 10.0, 'features': 8}"
development,harmonic_ridge,4022 Taivallahden peruskoulu,2017-03,2017-06,3,77.0,86.79492835552202,61.93333333333333,"{'alpha': 10.0, 'features': 8}"
development,harmonic_ridge,4022 Taivallahden peruskoulu,2017-03,2017-07,4,105.0,110.3595087709099,61.93333333333333,"{'alpha': 10.0, 'features': 8}"
development,harmonic_ridge,4022 Taivallahden peruskoulu,2017-03,2017-08,5,168.0,124.95401790354391,61.93333333333333,"{'alpha': 10.0, 'features': 8}"
development,harmonic_ridge,4022 Taivallahden peruskoulu,2017-03,2017-09,6,216.0,154.14528453951655,61.93333333333333,"{'alpha': 10.0, 'features': 8}"
development,seasonal_naive,4022 Taivallahden peruskoulu,2017-06,2017-07,1,105.0,137.0,65.03846153846153,{'seasonalPeriod': 12}
development,seasonal_naive,4022 Taivallahden peruskoulu,2017-06,2017-08,2,168.0,144.0,65.03846153846153,{'seasonalPeriod': 12}
development,seasonal_naive,4022 Taivallahden peruskoulu,2017-06,2017-09,3,216.0,237.0,65.03846153846153,{'seasonalPeriod': 12}
development,seasonal_naive,4022 Taivallahden peruskoulu,2017-06,2017-10,4,174.0,183.0,65.03846153846153,{'seasonalPeriod': 12}
development,seasonal_naive,4022 Taivallahden peruskoulu,2017-06,2017-11,5,221.0,202.0,65.03846153846153,{'seasonalPeriod': 12}
development,seasonal_naive,4022 Taivallahden peruskoulu,2017-06,2017-12,6,136.0,159.0,65.03846153846153,{'seasonalPeriod': 12}
development,ets,4022 Taivallahden peruskoulu,2017-06,2017-07,1,105.0,164.05498936077396,65.03846153846153,"{'specification': 'ETS(A,Ad,A), deterministic grid', 'sse': 325895.6432262355, 'alpha': 0.25, 'beta': 0.01, 'gamma': 0.4, 'phi': 0.9}"
development,ets,4022 Taivallahden peruskoulu,2017-06,2017-08,2,168.0,152.58253039748294,65.03846153846153,"{'specification': 'ETS(A,Ad,A), deterministic grid', 'sse': 325895.6432262355, 'alpha': 0.25, 'beta': 0.01, 'gamma': 0.4, 'phi': 0.9}"
development,ets,4022 Taivallahden peruskoulu,2017-06,2017-09,3,216.0,205.7412306795156,65.03846153846153,"{'specification': 'ETS(A,Ad,A), deterministic grid', 'sse': 325895.6432262355, 'alpha': 0.25, 'beta': 0.01, 'gamma': 0.4, 'phi': 0.9}"
development,ets,4022 Taivallahden peruskoulu,2017-06,2017-10,4,174.0,185.4511414636943,65.03846153846153,"{'specification': 'ETS(A,Ad,A), deterministic grid', 'sse': 325895.6432262355, 'alpha': 0.25, 'beta': 0.01, 'gamma': 0.4, 'phi': 0.9}"
development,ets,4022 Taivallahden peruskoulu,2017-06,2017-11,5,221.0,194.5079097343232,65.03846153846153,"{'specification': 'ETS(A,Ad,A), deterministic grid', 'sse': 325895.6432262355, 'alpha': 0.25, 'beta': 0.01, 'gamma': 0.4, 'phi': 0.9}"
development,ets,4022 Taivallahden peruskoulu,2017-06,2017-12,6,136.0,151.89817011629674,65.03846153846153,"{'specification': 'ETS(A,Ad,A), deterministic grid', 'sse': 325895.6432262355, 'alpha': 0.25, 'beta': 0.01, 'gamma': 0.4, 'phi': 0.9}"
development,sarima_paper,4022 Taivallahden peruskoulu,2017-06,2017-07,1,105.0,140.97084227388592,65.03846153846153,"{'aic': 701.3469933896778, 'order': '(0, 1, 2)', 'seasonalOrder': '(0, 1, 1, 12)'}"
development,sarima_paper,4022 Taivallahden peruskoulu,2017-06,2017-08,2,168.0,164.5438244275142,65.03846153846153,"{'aic': 701.3469933896778, 'order': '(0, 1, 2)', 'seasonalOrder': '(0, 1, 1, 12)'}"
development,sarima_paper,4022 Taivallahden peruskoulu,2017-06,2017-09,3,216.0,218.36119832098015,65.03846153846153,"{'aic': 701.3469933896778, 'order': '(0, 1, 2)', 'seasonalOrder': '(0, 1, 1, 12)'}"
development,sarima_paper,4022 Taivallahden peruskoulu,2017-06,2017-10,4,174.0,201.33601575463376,65.03846153846153,"{'aic': 701.3469933896778, 'order': '(0, 1, 2)', 'seasonalOrder': '(0, 1, 1, 12)'}"
development,sarima_paper,4022 Taivallahden peruskoulu,2017-06,2017-11,5,221.0,208.56025519806724,65.03846153846153,"{'aic': 701.3469933896778, 'order': '(0, 1, 2)', 'seasonalOrder': '(0, 1, 1, 12)'}"
development,sarima_paper,4022 Taivallahden peruskoulu,2017-06,2017-12,6,136.0,165.437605520867,65.03846153846153,"{'aic': 701.3469933896778, 'order': '(0, 1, 2)', 'seasonalOrder': '(0, 1, 1, 12)'}"
development,harmonic_ridge,4022 Taivallahden peruskoulu,2017-06,2017-07,1,105.0,102.1767784726881,65.03846153846153,"{'alpha': 10.0, 'features': 8}"
development,harmonic_ridge,4022 Taivallahden peruskoulu,2017-06,2017-08,2,168.0,125.79218670519693,65.03846153846153,"{'alpha': 10.0, 'features': 8}"
development,harmonic_ridge,4022 Taivallahden peruskoulu,2017-06,2017-09,3,216.0,153.4089811379568,65.03846153846153,"{'alpha': 10.0, 'features': 8}"
development,harmonic_ridge,4022 Taivallahden peruskoulu,2017-06,2017-10,4,174.0,158.25450730945724,65.03846153846153,"{'alpha': 10.0, 'features': 8}"
development,harmonic_ridge,4022 Taivallahden peruskoulu,2017-06,2017-11,5,221.0,164.49475401024256,65.03846153846153,"{'alpha': 10.0, 'features': 8}"
development,harmonic_ridge,4022 Taivallahden peruskoulu,2017-06,2017-12,6,136.0,159.38839763343643,65.03846153846153,"{'alpha': 10.0, 'features': 8}"
development,seasonal_naive,4236 Itäkeskuksen peruskoulu,2015-12,2016-01,1,110.0,138.0,23.766666666666666,{'seasonalPeriod': 12}
development,seasonal_naive,4236 Itäkeskuksen peruskoulu,2015-12,2016-02,2,104.0,122.0,23.766666666666666,{'seasonalPeriod': 12}
development,seasonal_naive,4236 Itäkeskuksen peruskoulu,2015-12,2016-03,3,160.0,166.0,23.766666666666666,{'seasonalPeriod': 12}
development,seasonal_naive,4236 Itäkeskuksen peruskoulu,2015-12,2016-04,4,165.0,144.0,23.766666666666666,{'seasonalPeriod': 12}
development,seasonal_naive,4236 Itäkeskuksen peruskoulu,2015-12,2016-05,5,139.0,132.0,23.766666666666666,{'seasonalPeriod': 12}
development,seasonal_naive,4236 Itäkeskuksen peruskoulu,2015-12,2016-06,6,43.0,4.0,23.766666666666666,{'seasonalPeriod': 12}
development,ets,4236 Itäkeskuksen peruskoulu,2015-12,2016-01,1,110.0,138.20301104994374,23.766666666666666,"{'specification': 'ETS(A,Ad,A), deterministic grid', 'sse': 75495.09914834939, 'alpha': 0.1, 'beta': 0.01, 'gamma': 0.4, 'phi': 0.9}"
development,ets,4236 Itäkeskuksen peruskoulu,2015-12,2016-02,2,104.0,116.6379748977063,23.766666666666666,"{'specification': 'ETS(A,Ad,A), deterministic grid', 'sse': 75495.09914834939, 'alpha': 0.1, 'beta': 0.01, 'gamma': 0.4, 'phi': 0.9}"
development,ets,4236 Itäkeskuksen peruskoulu,2015-12,2016-03,3,160.0,164.4779310915229,23.766666666666666,"{'specification': 'ETS(A,Ad,A), deterministic grid', 'sse': 75495.09914834939, 'alpha': 0.1, 'beta': 0.01, 'gamma': 0.4, 'phi': 0.9}"
development,ets,4236 Itäkeskuksen peruskoulu,2015-12,2016-04,4,165.0,147.18797122626447,23.766666666666666,"{'specification': 'ETS(A,Ad,A), deterministic grid', 'sse': 75495.09914834939, 'alpha': 0.1, 'beta': 0.01, 'gamma': 0.4, 'phi': 0.9}"
development,ets,4236 Itäkeskuksen peruskoulu,2015-12,2016-05,5,139.0,138.86415499201007,23.766666666666666,"{'specification': 'ETS(A,Ad,A), deterministic grid', 'sse': 75495.09914834939, 'alpha': 0.1, 'beta': 0.01, 'gamma': 0.4, 'phi': 0.9}"
development,ets,4236 Itäkeskuksen peruskoulu,2015-12,2016-06,6,43.0,25.724244604324667,23.766666666666666,"{'specification': 'ETS(A,Ad,A), deterministic grid', 'sse': 75495.09914834939, 'alpha': 0.1, 'beta': 0.01, 'gamma': 0.4, 'phi': 0.9}"
development,sarima_paper,4236 Itäkeskuksen peruskoulu,2015-12,2016-01,1,110.0,138.82724730004978,23.766666666666666,"{'aic': 397.73676382087007, 'order': '(0, 1, 2)', 'seasonalOrder': '(0, 1, 1, 12)'}"
development,sarima_paper,4236 Itäkeskuksen peruskoulu,2015-12,2016-02,2,104.0,118.13326435033292,23.766666666666666,"{'aic': 397.73676382087007, 'order': '(0, 1, 2)', 'seasonalOrder': '(0, 1, 1, 12)'}"
development,sarima_paper,4236 Itäkeskuksen peruskoulu,2015-12,2016-03,3,160.0,162.94726777041993,23.766666666666666,"{'aic': 397.73676382087007, 'order': '(0, 1, 2)', 'seasonalOrder': '(0, 1, 1, 12)'}"
development,sarima_paper,4236 Itäkeskuksen peruskoulu,2015-12,2016-04,4,165.0,141.57703298319475,23.766666666666666,"{'aic': 397.73676382087007, 'order': '(0, 1, 2)', 'seasonalOrder': '(0, 1, 1, 12)'}"
development,sarima_paper,4236 Itäkeskuksen peruskoulu,2015-12,2016-05,5,139.0,130.1450739186072,23.766666666666666,"{'aic': 397.73676382087007, 'order': '(0, 1, 2)', 'seasonalOrder': '(0, 1, 1, 12)'}"
development,sarima_paper,4236 Itäkeskuksen peruskoulu,2015-12,2016-06,6,43.0,4.865506540307413,23.766666666666666,"{'aic': 397.73676382087007, 'order': '(0, 1, 2)', 'seasonalOrder': '(0, 1, 1, 12)'}"
development,harmonic_ridge,4236 Itäkeskuksen peruskoulu,2015-12,2016-01,1,110.0,144.8672735483371,23.766666666666666,"{'alpha': 10.0, 'features': 8}"
development,harmonic_ridge,4236 Itäkeskuksen peruskoulu,2015-12,2016-02,2,104.0,142.86957318656883,23.766666666666666,"{'alpha': 10.0, 'features': 8}"
development,harmonic_ridge,4236 Itäkeskuksen peruskoulu,2015-12,2016-03,3,160.0,158.37083966941088,23.766666666666666,"{'alpha': 10.0, 'features': 8}"
development,harmonic_ridge,4236 Itäkeskuksen peruskoulu,2015-12,2016-04,4,165.0,133.13864269847622,23.766666666666666,"{'alpha': 10.0, 'features': 8}"
development,harmonic_ridge,4236 Itäkeskuksen peruskoulu,2015-12,2016-05,5,139.0,114.92292412623003,23.766666666666666,"{'alpha': 10.0, 'features': 8}"
development,harmonic_ridge,4236 Itäkeskuksen peruskoulu,2015-12,2016-06,6,43.0,42.44817010747653,23.766666666666666,"{'alpha': 10.0, 'features': 8}"
development,seasonal_naive,4236 Itäkeskuksen peruskoulu,2016-03,2016-04,1,165.0,144.0,23.46031746031746,{'seasonalPeriod': 12}
development,seasonal_naive,4236 Itäkeskuksen peruskoulu,2016-03,2016-05,2,139.0,132.0,23.46031746031746,{'seasonalPeriod': 12}
development,seasonal_naive,4236 Itäkeskuksen peruskoulu,2016-03,2016-06,3,43.0,4.0,23.46031746031746,{'seasonalPeriod': 12}
development,seasonal_naive,4236 Itäkeskuksen peruskoulu,2016-03,2016-07,4,16.0,62.0,23.46031746031746,{'seasonalPeriod': 12}
development,seasonal_naive,4236 Itäkeskuksen peruskoulu,2016-03,2016-08,5,94.0,76.0,23.46031746031746,{'seasonalPeriod': 12}
development,seasonal_naive,4236 Itäkeskuksen peruskoulu,2016-03,2016-09,6,160.0,220.0,23.46031746031746,{'seasonalPeriod': 12}
development,ets,4236 Itäkeskuksen peruskoulu,2016-03,2016-04,1,165.0,143.24021375995224,23.46031746031746,"{'specification': 'ETS(A,Ad,A), deterministic grid', 'sse': 76386.78403436123, 'alpha': 0.1, 'beta': 0.01, 'gamma': 0.4, 'phi': 0.9}"
development,ets,4236 Itäkeskuksen peruskoulu,2016-03,2016-05,2,139.0,134.89025164780804,23.46031746031746,"{'specification': 'ETS(A,Ad,A), deterministic grid', 'sse': 76386.78403436123, 'alpha': 0.1, 'beta': 0.01, 'gamma': 0.4, 'phi': 0.9}"
development,ets,4236 Itäkeskuksen peruskoulu,2016-03,2016-06,3,43.0,21.726809970021833,23.46031746031746,"{'specification': 'ETS(A,Ad,A), deterministic grid', 'sse': 76386.78403436123, 'alpha': 0.1, 'beta': 0.01, 'gamma': 0.4, 'phi': 0.9}"
development,ets,4236 Itäkeskuksen peruskoulu,2016-03,2016-07,4,16.0,30.50434650584755,23.46031746031746,"{'specification': 'ETS(A,Ad,A), deterministic grid', 'sse': 76386.78403436123, 'alpha': 0.1, 'beta': 0.01, 'gamma': 0.4, 'phi': 0.9}"
development,ets,4236 Itäkeskuksen peruskoulu,2016-03,2016-08,5,94.0,93.14868524505432,23.46031746031746,"{'specification': 'ETS(A,Ad,A), deterministic grid', 'sse': 76386.78403436123, 'alpha': 0.1, 'beta': 0.01, 'gamma': 0.4, 'phi': 0.9}"
development,ets,4236 Itäkeskuksen peruskoulu,2016-03,2016-09,6,160.0,191.4528117855691,23.46031746031746,"{'specification': 'ETS(A,Ad,A), deterministic grid', 'sse': 76386.78403436123, 'alpha': 0.1, 'beta': 0.01, 'gamma': 0.4, 'phi': 0.9}"
development,sarima_paper,4236 Itäkeskuksen peruskoulu,2016-03,2016-04,1,165.0,133.499200736586,23.46031746031746,"{'aic': 423.7386850184259, 'order': '(0, 1, 2)', 'seasonalOrder': '(0, 1, 1, 12)'}"
development,sarima_paper,4236 Itäkeskuksen peruskoulu,2016-03,2016-05,2,139.0,122.57680013889886,23.46031746031746,"{'aic': 423.7386850184259, 'order': '(0, 1, 2)', 'seasonalOrder': '(0, 1, 1, 12)'}"
development,sarima_paper,4236 Itäkeskuksen peruskoulu,2016-03,2016-06,3,43.0,0.0,23.46031746031746,"{'aic': 423.7386850184259, 'order': '(0, 1, 2)', 'seasonalOrder': '(0, 1, 1, 12)'}"
development,sarima_paper,4236 Itäkeskuksen peruskoulu,2016-03,2016-07,4,16.0,40.31036255677103,23.46031746031746,"{'aic': 423.7386850184259, 'order': '(0, 1, 2)', 'seasonalOrder': '(0, 1, 1, 12)'}"
development,sarima_paper,4236 Itäkeskuksen peruskoulu,2016-03,2016-08,5,94.0,73.59279082344021,23.46031746031746,"{'aic': 423.7386850184259, 'order': '(0, 1, 2)', 'seasonalOrder': '(0, 1, 1, 12)'}"
development,sarima_paper,4236 Itäkeskuksen peruskoulu,2016-03,2016-09,6,160.0,198.12488642265492,23.46031746031746,"{'aic': 423.7386850184259, 'order': '(0, 1, 2)', 'seasonalOrder': '(0, 1, 1, 12)'}"
development,harmonic_ridge,4236 Itäkeskuksen peruskoulu,2016-03,2016-04,1,165.0,141.77750133207834,23.46031746031746,"{'alpha': 10.0, 'features': 8}"
development,harmonic_ridge,4236 Itäkeskuksen peruskoulu,2016-03,2016-05,2,139.0,121.03214696299001,23.46031746031746,"{'alpha': 10.0, 'features': 8}"
development,harmonic_ridge,4236 Itäkeskuksen peruskoulu,2016-03,2016-06,3,43.0,41.46367969661749,23.46031746031746,"{'alpha': 10.0, 'features': 8}"
development,harmonic_ridge,4236 Itäkeskuksen peruskoulu,2016-03,2016-07,4,16.0,67.24592244216828,23.46031746031746,"{'alpha': 10.0, 'features': 8}"
development,harmonic_ridge,4236 Itäkeskuksen peruskoulu,2016-03,2016-08,5,94.0,88.47040243977999,23.46031746031746,"{'alpha': 10.0, 'features': 8}"
development,harmonic_ridge,4236 Itäkeskuksen peruskoulu,2016-03,2016-09,6,160.0,178.43103215334327,23.46031746031746,"{'alpha': 10.0, 'features': 8}"
development,seasonal_naive,4236 Itäkeskuksen peruskoulu,2016-06,2016-07,1,16.0,62.0,23.40909090909091,{'seasonalPeriod': 12}
development,seasonal_naive,4236 Itäkeskuksen peruskoulu,2016-06,2016-08,2,94.0,76.0,23.40909090909091,{'seasonalPeriod': 12}
development,seasonal_naive,4236 Itäkeskuksen peruskoulu,2016-06,2016-09,3,160.0,220.0,23.40909090909091,{'seasonalPeriod': 12}
development,seasonal_naive,4236 Itäkeskuksen peruskoulu,2016-06,2016-10,4,121.0,169.0,23.40909090909091,{'seasonalPeriod': 12}
development,seasonal_naive,4236 Itäkeskuksen peruskoulu,2016-06,2016-11,5,159.0,145.0,23.40909090909091,{'seasonalPeriod': 12}
development,seasonal_naive,4236 Itäkeskuksen peruskoulu,2016-06,2016-12,6,98.0,109.0,23.40909090909091,{'seasonalPeriod': 12}
development,ets,4236 Itäkeskuksen peruskoulu,2016-06,2016-07,1,16.0,34.83175535441573,23.40909090909091,"{'specification': 'ETS(A,Ad,A), deterministic grid', 'sse': 77219.89487621613, 'alpha': 0.1, 'beta': 0.01, 'gamma': 0.4, 'phi': 0.9}"
development,ets,4236 Itäkeskuksen peruskoulu,2016-06,2016-08,2,94.0,97.5070482881685,23.40909090909091,"{'specification': 'ETS(A,Ad,A), deterministic grid', 'sse': 77219.89487621613, 'alpha': 0.1, 'beta': 0.01, 'gamma': 0.4, 'phi': 0.9}"
development,ets,4236 Itäkeskuksen peruskoulu,2016-06,2016-09,3,160.0,195.83903360377468,23.40909090909091,"{'specification': 'ETS(A,Ad,A), deterministic grid', 'sse': 77219.89487621613, 'alpha': 0.1, 'beta': 0.01, 'gamma': 0.4, 'phi': 0.9}"
development,ets,4236 Itäkeskuksen peruskoulu,2016-06,2016-10,4,121.0,169.27451152084868,23.40909090909091,"{'specification': 'ETS(A,Ad,A), deterministic grid', 'sse': 77219.89487621613, 'alpha': 0.1, 'beta': 0.01, 'gamma': 0.4, 'phi': 0.9}"
development,ets,4236 Itäkeskuksen peruskoulu,2016-06,2016-11,5,159.0,155.23119123451883,23.40909090909091,"{'specification': 'ETS(A,Ad,A), deterministic grid', 'sse': 77219.89487621613, 'alpha': 0.1, 'beta': 0.01, 'gamma': 0.4, 'phi': 0.9}"
development,ets,4236 Itäkeskuksen peruskoulu,2016-06,2016-12,6,98.0,109.06951502984387,23.40909090909091,"{'specification': 'ETS(A,Ad,A), deterministic grid', 'sse': 77219.89487621613, 'alpha': 0.1, 'beta': 0.01, 'gamma': 0.4, 'phi': 0.9}"
development,sarima_paper,4236 Itäkeskuksen peruskoulu,2016-06,2016-07,1,16.0,50.492493791561586,23.40909090909091,"{'aic': 453.5946327375155, 'order': '(0, 1, 2)', 'seasonalOrder': '(0, 1, 1, 12)'}"
development,sarima_paper,4236 Itäkeskuksen peruskoulu,2016-06,2016-08,2,94.0,91.32111636179671,23.40909090909091,"{'aic': 453.5946327375155, 'order': '(0, 1, 2)', 'seasonalOrder': '(0, 1, 1, 12)'}"
development,sarima_paper,4236 Itäkeskuksen peruskoulu,2016-06,2016-09,3,160.0,212.30777575999943,23.40909090909091,"{'aic': 453.5946327375155, 'order': '(0, 1, 2)', 'seasonalOrder': '(0, 1, 1, 12)'}"
development,sarima_paper,4236 Itäkeskuksen peruskoulu,2016-06,2016-10,4,121.0,175.24409683101888,23.40909090909091,"{'aic': 453.5946327375155, 'order': '(0, 1, 2)', 'seasonalOrder': '(0, 1, 1, 12)'}"
development,sarima_paper,4236 Itäkeskuksen peruskoulu,2016-06,2016-11,5,159.0,154.4714805651039,23.40909090909091,"{'aic': 453.5946327375155, 'order': '(0, 1, 2)', 'seasonalOrder': '(0, 1, 1, 12)'}"
development,sarima_paper,4236 Itäkeskuksen peruskoulu,2016-06,2016-12,6,98.0,115.9596927361921,23.40909090909091,"{'aic': 453.5946327375155, 'order': '(0, 1, 2)', 'seasonalOrder': '(0, 1, 1, 12)'}"
development,harmonic_ridge,4236 Itäkeskuksen peruskoulu,2016-06,2016-07,1,16.0,61.627210061277154,23.40909090909091,"{'alpha': 10.0, 'features': 8}"
development,harmonic_ridge,4236 Itäkeskuksen peruskoulu,2016-06,2016-08,2,94.0,85.32127290866609,23.40909090909091,"{'alpha': 10.0, 'features': 8}"
development,harmonic_ridge,4236 Itäkeskuksen peruskoulu,2016-06,2016-09,3,160.0,178.22967065058333,23.40909090909091,"{'alpha': 10.0, 'features': 8}"
development,harmonic_ridge,4236 Itäkeskuksen peruskoulu,2016-06,2016-10,4,121.0,163.46871967583044,23.40909090909091,"{'alpha': 10.0, 'features': 8}"
development,harmonic_ridge,4236 Itäkeskuksen peruskoulu,2016-06,2016-11,5,159.0,146.35575071718705,23.40909090909091,"{'alpha': 10.0, 'features': 8}"
development,harmonic_ridge,4236 Itäkeskuksen peruskoulu,2016-06,2016-12,6,98.0,121.32733108823935,23.40909090909091,"{'alpha': 10.0, 'features': 8}"
development,seasonal_naive,4236 Itäkeskuksen peruskoulu,2016-09,2016-10,1,121.0,169.0,24.18840579710145,{'seasonalPeriod': 12}
development,seasonal_naive,4236 Itäkeskuksen peruskoulu,2016-09,2016-11,2,159.0,145.0,24.18840579710145,{'seasonalPeriod': 12}
development,seasonal_naive,4236 Itäkeskuksen peruskoulu,2016-09,2016-12,3,98.0,109.0,24.18840579710145,{'seasonalPeriod': 12}
development,seasonal_naive,4236 Itäkeskuksen peruskoulu,2016-09,2017-01,4,110.0,110.0,24.18840579710145,{'seasonalPeriod': 12}
development,seasonal_naive,4236 Itäkeskuksen peruskoulu,2016-09,2017-02,5,101.0,104.0,24.18840579710145,{'seasonalPeriod': 12}
development,seasonal_naive,4236 Itäkeskuksen peruskoulu,2016-09,2017-03,6,175.0,160.0,24.18840579710145,{'seasonalPeriod': 12}
development,ets,4236 Itäkeskuksen peruskoulu,2016-09,2016-10,1,121.0,163.77542799930228,24.18840579710145,"{'specification': 'ETS(A,Ad,A), deterministic grid', 'sse': 78716.95212932624, 'alpha': 0.1, 'beta': 0.01, 'gamma': 0.4, 'phi': 0.9}"
development,ets,4236 Itäkeskuksen peruskoulu,2016-09,2016-11,2,159.0,149.6912339216971,24.18840579710145,"{'specification': 'ETS(A,Ad,A), deterministic grid', 'sse': 78716.95212932624, 'alpha': 0.1, 'beta': 0.01, 'gamma': 0.4, 'phi': 0.9}"
development,ets,4236 Itäkeskuksen peruskoulu,2016-09,2016-12,3,98.0,103.4927713048743,24.18840579710145,"{'specification': 'ETS(A,Ad,A), deterministic grid', 'sse': 78716.95212932624, 'alpha': 0.1, 'beta': 0.01, 'gamma': 0.4, 'phi': 0.9}"
development,ets,4236 Itäkeskuksen peruskoulu,2016-09,2017-01,4,110.0,122.7182148770824,24.18840579710145,"{'specification': 'ETS(A,Ad,A), deterministic grid', 'sse': 78716.95212932624, 'alpha': 0.1, 'beta': 0.01, 'gamma': 0.4, 'phi': 0.9}"
development,ets,4236 Itäkeskuksen peruskoulu,2016-09,2017-02,5,101.0,107.7662004439686,24.18840579710145,"{'specification': 'ETS(A,Ad,A), deterministic grid', 'sse': 78716.95212932624, 'alpha': 0.1, 'beta': 0.01, 'gamma': 0.4, 'phi': 0.9}"
development,ets,4236 Itäkeskuksen peruskoulu,2016-09,2017-03,6,175.0,158.89433786516977,24.18840579710145,"{'specification': 'ETS(A,Ad,A), deterministic grid', 'sse': 78716.95212932624, 'alpha': 0.1, 'beta': 0.01, 'gamma': 0.4, 'phi': 0.9}"
development,sarima_paper,4236 Itäkeskuksen peruskoulu,2016-09,2016-10,1,121.0,165.71175619584307,24.18840579710145,"{'aic': 483.58839255478836, 'order': '(0, 1, 2)', 'seasonalOrder': '(0, 1, 1, 12)'}"
development,sarima_paper,4236 Itäkeskuksen peruskoulu,2016-09,2016-11,2,159.0,143.5185691767938,24.18840579710145,"{'aic': 483.58839255478836, 'order': '(0, 1, 2)', 'seasonalOrder': '(0, 1, 1, 12)'}"
development,sarima_paper,4236 Itäkeskuksen peruskoulu,2016-09,2016-12,3,98.0,102.83032533072824,24.18840579710145,"{'aic': 483.58839255478836, 'order': '(0, 1, 2)', 'seasonalOrder': '(0, 1, 1, 12)'}"
development,sarima_paper,4236 Itäkeskuksen peruskoulu,2016-09,2017-01,4,110.0,112.28422333651582,24.18840579710145,"{'aic': 483.58839255478836, 'order': '(0, 1, 2)', 'seasonalOrder': '(0, 1, 1, 12)'}"
development,sarima_paper,4236 Itäkeskuksen peruskoulu,2016-09,2017-02,5,101.0,100.92377502459257,24.18840579710145,"{'aic': 483.58839255478836, 'order': '(0, 1, 2)', 'seasonalOrder': '(0, 1, 1, 12)'}"
development,sarima_paper,4236 Itäkeskuksen peruskoulu,2016-09,2017-03,6,175.0,153.059577349405,24.18840579710145,"{'aic': 483.58839255478836, 'order': '(0, 1, 2)', 'seasonalOrder': '(0, 1, 1, 12)'}"
development,harmonic_ridge,4236 Itäkeskuksen peruskoulu,2016-09,2016-10,1,121.0,167.84061251116998,24.18840579710145,"{'alpha': 10.0, 'features': 8}"
development,harmonic_ridge,4236 Itäkeskuksen peruskoulu,2016-09,2016-11,2,159.0,147.0316906380018,24.18840579710145,"{'alpha': 10.0, 'features': 8}"
development,harmonic_ridge,4236 Itäkeskuksen peruskoulu,2016-09,2016-12,3,98.0,124.21975681484506,24.18840579710145,"{'alpha': 10.0, 'features': 8}"
development,harmonic_ridge,4236 Itäkeskuksen peruskoulu,2016-09,2017-01,4,110.0,126.66377711303576,24.18840579710145,"{'alpha': 10.0, 'features': 8}"
development,harmonic_ridge,4236 Itäkeskuksen peruskoulu,2016-09,2017-02,5,101.0,126.88415127142954,24.18840579710145,"{'alpha': 10.0, 'features': 8}"
development,harmonic_ridge,4236 Itäkeskuksen peruskoulu,2016-09,2017-03,6,175.0,150.27770366326243,24.18840579710145,"{'alpha': 10.0, 'features': 8}"
development,seasonal_naive,4236 Itäkeskuksen peruskoulu,2016-12,2017-01,1,110.0,110.0,24.194444444444443,{'seasonalPeriod': 12}
development,seasonal_naive,4236 Itäkeskuksen peruskoulu,2016-12,2017-02,2,101.0,104.0,24.194444444444443,{'seasonalPeriod': 12}
development,seasonal_naive,4236 Itäkeskuksen peruskoulu,2016-12,2017-03,3,175.0,160.0,24.194444444444443,{'seasonalPeriod': 12}
development,seasonal_naive,4236 Itäkeskuksen peruskoulu,2016-12,2017-04,4,138.0,165.0,24.194444444444443,{'seasonalPeriod': 12}
development,seasonal_naive,4236 Itäkeskuksen peruskoulu,2016-12,2017-05,5,159.0,139.0,24.194444444444443,{'seasonalPeriod': 12}
development,seasonal_naive,4236 Itäkeskuksen peruskoulu,2016-12,2017-06,6,34.0,43.0,24.194444444444443,{'seasonalPeriod': 12}
development,ets,4236 Itäkeskuksen peruskoulu,2016-12,2017-01,1,110.0,119.46817420864807,24.194444444444443,"{'specification': 'ETS(A,Ad,A), deterministic grid', 'sse': 80738.65913991639, 'alpha': 0.1, 'beta': 0.01, 'gamma': 0.4, 'phi': 0.9}"
development,ets,4236 Itäkeskuksen peruskoulu,2016-12,2017-02,2,101.0,104.49598867267882,24.194444444444443,"{'specification': 'ETS(A,Ad,A), deterministic grid', 'sse': 80738.65913991639, 'alpha': 0.1, 'beta': 0.01, 'gamma': 0.4, 'phi': 0.9}"
development,ets,4236 Itäkeskuksen peruskoulu,2016-12,2017-03,3,175.0,155.6059721013101,24.194444444444443,"{'specification': 'ETS(A,Ad,A), deterministic grid', 'sse': 80738.65913991639, 'alpha': 0.1, 'beta': 0.01, 'gamma': 0.4, 'phi': 0.9}"
development,ets,4236 Itäkeskuksen peruskoulu,2016-12,2017-04,4,138.0,146.34486817947482,24.194444444444443,"{'specification': 'ETS(A,Ad,A), deterministic grid', 'sse': 80738.65913991639, 'alpha': 0.1, 'beta': 0.01, 'gamma': 0.4, 'phi': 0.9}"
development,ets,4236 Itäkeskuksen peruskoulu,2016-12,2017-05,5,159.0,130.85111458128245,24.194444444444443,"{'specification': 'ETS(A,Ad,A), deterministic grid', 'sse': 80738.65913991639, 'alpha': 0.1, 'beta': 0.01, 'gamma': 0.4, 'phi': 0.9}"
development,ets,4236 Itäkeskuksen peruskoulu,2016-12,2017-06,6,34.0,23.791198030519894,24.194444444444443,"{'specification': 'ETS(A,Ad,A), deterministic grid', 'sse': 80738.65913991639, 'alpha': 0.1, 'beta': 0.01, 'gamma': 0.4, 'phi': 0.9}"
development,sarima_paper,4236 Itäkeskuksen peruskoulu,2016-12,2017-01,1,110.0,108.76687772594671,24.194444444444443,"{'aic': 512.5576813766124, 'order': '(0, 1, 2)', 'seasonalOrder': '(0, 1, 1, 12)'}"
development,sarima_paper,4236 Itäkeskuksen peruskoulu,2016-12,2017-02,2,101.0,96.92806678332808,24.194444444444443,"{'aic': 512.5576813766124, 'order': '(0, 1, 2)', 'seasonalOrder': '(0, 1, 1, 12)'}"
development,sarima_paper,4236 Itäkeskuksen peruskoulu,2016-12,2017-03,3,175.0,148.8277423988418,24.194444444444443,"{'aic': 512.5576813766124, 'order': '(0, 1, 2)', 'seasonalOrder': '(0, 1, 1, 12)'}"
development,sarima_paper,4236 Itäkeskuksen peruskoulu,2016-12,2017-04,4,138.0,143.32596256763236,24.194444444444443,"{'aic': 512.5576813766124, 'order': '(0, 1, 2)', 'seasonalOrder': '(0, 1, 1, 12)'}"
development,sarima_paper,4236 Itäkeskuksen peruskoulu,2016-12,2017-05,5,159.0,123.73235102071212,24.194444444444443,"{'aic': 512.5576813766124, 'order': '(0, 1, 2)', 'seasonalOrder': '(0, 1, 1, 12)'}"
development,sarima_paper,4236 Itäkeskuksen peruskoulu,2016-12,2017-06,6,34.0,17.256850497206415,24.194444444444443,"{'aic': 512.5576813766124, 'order': '(0, 1, 2)', 'seasonalOrder': '(0, 1, 1, 12)'}"
development,harmonic_ridge,4236 Itäkeskuksen peruskoulu,2016-12,2017-01,1,110.0,131.02946285238235,24.194444444444443,"{'alpha': 10.0, 'features': 8}"
development,harmonic_ridge,4236 Itäkeskuksen peruskoulu,2016-12,2017-02,2,101.0,128.00701054412846,24.194444444444443,"{'alpha': 10.0, 'features': 8}"
development,harmonic_ridge,4236 Itäkeskuksen peruskoulu,2016-12,2017-03,3,175.0,154.64568521755953,24.194444444444443,"{'alpha': 10.0, 'features': 8}"
development,harmonic_ridge,4236 Itäkeskuksen peruskoulu,2016-12,2017-04,4,138.0,145.6601869880028,24.194444444444443,"{'alpha': 10.0, 'features': 8}"
development,harmonic_ridge,4236 Itäkeskuksen peruskoulu,2016-12,2017-05,5,159.0,121.2459434796481,24.194444444444443,"{'alpha': 10.0, 'features': 8}"
development,harmonic_ridge,4236 Itäkeskuksen peruskoulu,2016-12,2017-06,6,34.0,61.30543670495188,24.194444444444443,"{'alpha': 10.0, 'features': 8}"
development,seasonal_naive,4236 Itäkeskuksen peruskoulu,2017-03,2017-04,1,138.0,165.0,23.466666666666665,{'seasonalPeriod': 12}
development,seasonal_naive,4236 Itäkeskuksen peruskoulu,2017-03,2017-05,2,159.0,139.0,23.466666666666665,{'seasonalPeriod': 12}
development,seasonal_naive,4236 Itäkeskuksen peruskoulu,2017-03,2017-06,3,34.0,43.0,23.466666666666665,{'seasonalPeriod': 12}
development,seasonal_naive,4236 Itäkeskuksen peruskoulu,2017-03,2017-07,4,17.0,16.0,23.466666666666665,{'seasonalPeriod': 12}
development,seasonal_naive,4236 Itäkeskuksen peruskoulu,2017-03,2017-08,5,123.0,94.0,23.466666666666665,{'seasonalPeriod': 12}
development,seasonal_naive,4236 Itäkeskuksen peruskoulu,2017-03,2017-09,6,159.0,160.0,23.466666666666665,{'seasonalPeriod': 12}
development,ets,4236 Itäkeskuksen peruskoulu,2017-03,2017-04,1,138.0,147.19643917680264,23.466666666666665,"{'specification': 'ETS(A,Ad,A), deterministic grid', 'sse': 81259.67210771581, 'alpha': 0.1, 'beta': 0.01, 'gamma': 0.4, 'phi': 0.9}"
development,ets,4236 Itäkeskuksen peruskoulu,2017-03,2017-05,2,159.0,131.71131821959068,23.466666666666665,"{'specification': 'ETS(A,Ad,A), deterministic grid', 'sse': 81259.67210771581, 'alpha': 0.1, 'beta': 0.01, 'gamma': 0.4, 'phi': 0.9}"
development,ets,4236 Itäkeskuksen peruskoulu,2017-03,2017-06,3,34.0,24.65917104571055,23.466666666666665,"{'specification': 'ETS(A,Ad,A), deterministic grid', 'sse': 81259.67210771581, 'alpha': 0.1, 'beta': 0.01, 'gamma': 0.4, 'phi': 0.9}"
development,ets,4236 Itäkeskuksen peruskoulu,2017-03,2017-07,4,17.0,19.87270415023889,23.466666666666665,"{'specification': 'ETS(A,Ad,A), deterministic grid', 'sse': 81259.67210771581, 'alpha': 0.1, 'beta': 0.01, 'gamma': 0.4, 'phi': 0.9}"
development,ets,4236 Itäkeskuksen peruskoulu,2017-03,2017-08,5,123.0,88.72473066457752,23.466666666666665,"{'specification': 'ETS(A,Ad,A), deterministic grid', 'sse': 81259.67210771581, 'alpha': 0.1, 'beta': 0.01, 'gamma': 0.4, 'phi': 0.9}"
development,ets,4236 Itäkeskuksen peruskoulu,2017-03,2017-09,6,159.0,175.4592774398023,23.466666666666665,"{'specification': 'ETS(A,Ad,A), deterministic grid', 'sse': 81259.67210771581, 'alpha': 0.1, 'beta': 0.01, 'gamma': 0.4, 'phi': 0.9}"
development,sarima_paper,4236 Itäkeskuksen peruskoulu,2017-03,2017-04,1,138.0,147.49042308288068,23.466666666666665,"{'aic': 537.9331093653549, 'order': '(0, 1, 2)', 'seasonalOrder': '(0, 1, 1, 12)'}"
development,sarima_paper,4236 Itäkeskuksen peruskoulu,2017-03,2017-05,2,159.0,129.75501376568985,23.466666666666665,"{'aic': 537.9331093653549, 'order': '(0, 1, 2)', 'seasonalOrder': '(0, 1, 1, 12)'}"
development,sarima_paper,4236 Itäkeskuksen peruskoulu,2017-03,2017-06,3,34.0,23.31787261347383,23.466666666666665,"{'aic': 537.9331093653549, 'order': '(0, 1, 2)', 'seasonalOrder': '(0, 1, 1, 12)'}"
development,sarima_paper,4236 Itäkeskuksen peruskoulu,2017-03,2017-07,4,17.0,18.001378180251514,23.466666666666665,"{'aic': 537.9331093653549, 'order': '(0, 1, 2)', 'seasonalOrder': '(0, 1, 1, 12)'}"
development,sarima_paper,4236 Itäkeskuksen peruskoulu,2017-03,2017-08,5,123.0,85.22916998583224,23.466666666666665,"{'aic': 537.9331093653549, 'order': '(0, 1, 2)', 'seasonalOrder': '(0, 1, 1, 12)'}"
development,sarima_paper,4236 Itäkeskuksen peruskoulu,2017-03,2017-09,6,159.0,167.5010232580169,23.466666666666665,"{'aic': 537.9331093653549, 'order': '(0, 1, 2)', 'seasonalOrder': '(0, 1, 1, 12)'}"
development,harmonic_ridge,4236 Itäkeskuksen peruskoulu,2017-03,2017-04,1,138.0,153.6467838050487,23.466666666666665,"{'alpha': 10.0, 'features': 8}"
development,harmonic_ridge,4236 Itäkeskuksen peruskoulu,2017-03,2017-05,2,159.0,124.86040122320854,23.466666666666665,"{'alpha': 10.0, 'features': 8}"
development,harmonic_ridge,4236 Itäkeskuksen peruskoulu,2017-03,2017-06,3,34.0,57.78656565120659,23.466666666666665,"{'alpha': 10.0, 'features': 8}"
development,harmonic_ridge,4236 Itäkeskuksen peruskoulu,2017-03,2017-07,4,17.0,40.791057657739856,23.466666666666665,"{'alpha': 10.0, 'features': 8}"
development,harmonic_ridge,4236 Itäkeskuksen peruskoulu,2017-03,2017-08,5,123.0,89.95887128232911,23.466666666666665,"{'alpha': 10.0, 'features': 8}"
development,harmonic_ridge,4236 Itäkeskuksen peruskoulu,2017-03,2017-09,6,159.0,143.7709700770826,23.466666666666665,"{'alpha': 10.0, 'features': 8}"
development,seasonal_naive,4236 Itäkeskuksen peruskoulu,2017-06,2017-07,1,17.0,16.0,23.28205128205128,{'seasonalPeriod': 12}
development,seasonal_naive,4236 Itäkeskuksen peruskoulu,2017-06,2017-08,2,123.0,94.0,23.28205128205128,{'seasonalPeriod': 12}
development,seasonal_naive,4236 Itäkeskuksen peruskoulu,2017-06,2017-09,3,159.0,160.0,23.28205128205128,{'seasonalPeriod': 12}
development,seasonal_naive,4236 Itäkeskuksen peruskoulu,2017-06,2017-10,4,132.0,121.0,23.28205128205128,{'seasonalPeriod': 12}
development,seasonal_naive,4236 Itäkeskuksen peruskoulu,2017-06,2017-11,5,148.0,159.0,23.28205128205128,{'seasonalPeriod': 12}
development,seasonal_naive,4236 Itäkeskuksen peruskoulu,2017-06,2017-12,6,95.0,98.0,23.28205128205128,{'seasonalPeriod': 12}
development,ets,4236 Itäkeskuksen peruskoulu,2017-06,2017-07,1,17.0,22.550141345375465,23.28205128205128,"{'specification': 'ETS(A,Ad,A), deterministic grid', 'sse': 82195.61543201748, 'alpha': 0.1, 'beta': 0.01, 'gamma': 0.4, 'phi': 0.9}"
development,ets,4236 Itäkeskuksen peruskoulu,2017-06,2017-08,2,123.0,91.42272158549686,23.28205128205128,"{'specification': 'ETS(A,Ad,A), deterministic grid', 'sse': 82195.61543201748, 'alpha': 0.1, 'beta': 0.01, 'gamma': 0.4, 'phi': 0.9}"
development,ets,4236 Itäkeskuksen peruskoulu,2017-06,2017-09,3,159.0,178.17576671392612,23.28205128205128,"{'specification': 'ETS(A,Ad,A), deterministic grid', 'sse': 82195.61543201748, 'alpha': 0.1, 'beta': 0.01, 'gamma': 0.4, 'phi': 0.9}"
development,ets,4236 Itäkeskuksen peruskoulu,2017-06,2017-10,4,132.0,148.36327865922922,23.28205128205128,"{'specification': 'ETS(A,Ad,A), deterministic grid', 'sse': 82195.61543201748, 'alpha': 0.1, 'beta': 0.01, 'gamma': 0.4, 'phi': 0.9}"
development,ets,4236 Itäkeskuksen peruskoulu,2017-06,2017-11,5,148.0,154.62138063855176,23.28205128205128,"{'specification': 'ETS(A,Ad,A), deterministic grid', 'sse': 82195.61543201748, 'alpha': 0.1, 'beta': 0.01, 'gamma': 0.4, 'phi': 0.9}"
development,ets,4236 Itäkeskuksen peruskoulu,2017-06,2017-12,6,95.0,102.64632078582372,23.28205128205128,"{'specification': 'ETS(A,Ad,A), deterministic grid', 'sse': 82195.61543201748, 'alpha': 0.1, 'beta': 0.01, 'gamma': 0.4, 'phi': 0.9}"
development,sarima_paper,4236 Itäkeskuksen peruskoulu,2017-06,2017-07,1,17.0,23.202327693187748,23.28205128205128,"{'aic': 564.2053036066601, 'order': '(0, 1, 2)', 'seasonalOrder': '(0, 1, 1, 12)'}"
development,sarima_paper,4236 Itäkeskuksen peruskoulu,2017-06,2017-08,2,123.0,91.15003629205094,23.28205128205128,"{'aic': 564.2053036066601, 'order': '(0, 1, 2)', 'seasonalOrder': '(0, 1, 1, 12)'}"
development,sarima_paper,4236 Itäkeskuksen peruskoulu,2017-06,2017-09,3,159.0,173.39703191757846,23.28205128205128,"{'aic': 564.2053036066601, 'order': '(0, 1, 2)', 'seasonalOrder': '(0, 1, 1, 12)'}"
development,sarima_paper,4236 Itäkeskuksen peruskoulu,2017-06,2017-10,4,132.0,138.8772254207009,23.28205128205128,"{'aic': 564.2053036066601, 'order': '(0, 1, 2)', 'seasonalOrder': '(0, 1, 1, 12)'}"
development,sarima_paper,4236 Itäkeskuksen peruskoulu,2017-06,2017-11,5,148.0,154.3422095474369,23.28205128205128,"{'aic': 564.2053036066601, 'order': '(0, 1, 2)', 'seasonalOrder': '(0, 1, 1, 12)'}"
development,sarima_paper,4236 Itäkeskuksen peruskoulu,2017-06,2017-12,6,95.0,101.36603613040172,23.28205128205128,"{'aic': 564.2053036066601, 'order': '(0, 1, 2)', 'seasonalOrder': '(0, 1, 1, 12)'}"
development,harmonic_ridge,4236 Itäkeskuksen peruskoulu,2017-06,2017-07,1,17.0,39.36718241719004,23.28205128205128,"{'alpha': 10.0, 'features': 8}"
development,harmonic_ridge,4236 Itäkeskuksen peruskoulu,2017-06,2017-08,2,123.0,86.41871678546528,23.28205128205128,"{'alpha': 10.0, 'features': 8}"
development,harmonic_ridge,4236 Itäkeskuksen peruskoulu,2017-06,2017-09,3,159.0,147.85355224714598,23.28205128205128,"{'alpha': 10.0, 'features': 8}"
development,harmonic_ridge,4236 Itäkeskuksen peruskoulu,2017-06,2017-10,4,132.0,133.71333707053273,23.28205128205128,"{'alpha': 10.0, 'features': 8}"
development,harmonic_ridge,4236 Itäkeskuksen peruskoulu,2017-06,2017-11,5,148.0,149.3069933130982,23.28205128205128,"{'alpha': 10.0, 'features': 8}"
development,harmonic_ridge,4236 Itäkeskuksen peruskoulu,2017-06,2017-12,6,95.0,116.62973390512896,23.28205128205128,"{'alpha': 10.0, 'features': 8}"
development,seasonal_naive,4303 Kontulan ala-asteen koulu,2015-12,2016-01,1,107.0,106.0,25.05,{'seasonalPeriod': 12}
development,seasonal_naive,4303 Kontulan ala-asteen koulu,2015-12,2016-02,2,87.0,102.0,25.05,{'seasonalPeriod': 12}
development,seasonal_naive,4303 Kontulan ala-asteen koulu,2015-12,2016-03,3,280.0,129.0,25.05,{'seasonalPeriod': 12}
development,seasonal_naive,4303 Kontulan ala-asteen koulu,2015-12,2016-04,4,91.0,139.0,25.05,{'seasonalPeriod': 12}
development,seasonal_naive,4303 Kontulan ala-asteen koulu,2015-12,2016-05,5,87.0,121.0,25.05,{'seasonalPeriod': 12}
development,seasonal_naive,4303 Kontulan ala-asteen koulu,2015-12,2016-06,6,36.0,84.0,25.05,{'seasonalPeriod': 12}
development,ets,4303 Kontulan ala-asteen koulu,2015-12,2016-01,1,107.0,95.28641838117173,25.05,"{'specification': 'ETS(A,Ad,A), deterministic grid', 'sse': 94227.54954622734, 'alpha': 0.25, 'beta': 0.01, 'gamma': 0.2, 'phi': 0.9}"
development,ets,4303 Kontulan ala-asteen koulu,2015-12,2016-02,2,87.0,87.80304326413278,25.05,"{'specification': 'ETS(A,Ad,A), deterministic grid', 'sse': 94227.54954622734, 'alpha': 0.25, 'beta': 0.01, 'gamma': 0.2, 'phi': 0.9}"
development,ets,4303 Kontulan ala-asteen koulu,2015-12,2016-03,3,280.0,119.6608621871476,25.05,"{'specification': 'ETS(A,Ad,A), deterministic grid', 'sse': 94227.54954622734, 'alpha': 0.25, 'beta': 0.01, 'gamma': 0.2, 'phi': 0.9}"
development,ets,4303 Kontulan ala-asteen koulu,2015-12,2016-04,4,91.0,110.46449828240534,25.05,"{'specification': 'ETS(A,Ad,A), deterministic grid', 'sse': 94227.54954622734, 'alpha': 0.25, 'beta': 0.01, 'gamma': 0.2, 'phi': 0.9}"
development,ets,4303 Kontulan ala-asteen koulu,2015-12,2016-05,5,87.0,100.22636593793094,25.05,"{'specification': 'ETS(A,Ad,A), deterministic grid', 'sse': 94227.54954622734, 'alpha': 0.25, 'beta': 0.01, 'gamma': 0.2, 'phi': 0.9}"
development,ets,4303 Kontulan ala-asteen koulu,2015-12,2016-06,6,36.0,53.67601883097349,25.05,"{'specification': 'ETS(A,Ad,A), deterministic grid', 'sse': 94227.54954622734, 'alpha': 0.25, 'beta': 0.01, 'gamma': 0.2, 'phi': 0.9}"
development,sarima_paper,4303 Kontulan ala-asteen koulu,2015-12,2016-01,1,107.0,108.14948608571918,25.05,"{'aic': 455.6739362013991, 'order': '(0, 1, 2)', 'seasonalOrder': '(0, 1, 1, 12)'}"
development,sarima_paper,4303 Kontulan ala-asteen koulu,2015-12,2016-02,2,87.0,110.964420262866,25.05,"{'aic': 455.6739362013991, 'order': '(0, 1, 2)', 'seasonalOrder': '(0, 1, 1, 12)'}"
development,sarima_paper,4303 Kontulan ala-asteen koulu,2015-12,2016-03,3,280.0,144.81307430449843,25.05,"{'aic': 455.6739362013991, 'order': '(0, 1, 2)', 'seasonalOrder': '(0, 1, 1, 12)'}"
development,sarima_paper,4303 Kontulan ala-asteen koulu,2015-12,2016-04,4,91.0,133.97826120719668,25.05,"{'aic': 455.6739362013991, 'order': '(0, 1, 2)', 'seasonalOrder': '(0, 1, 1, 12)'}"
development,sarima_paper,4303 Kontulan ala-asteen koulu,2015-12,2016-05,5,87.0,124.8131461717571,25.05,"{'aic': 455.6739362013991, 'order': '(0, 1, 2)', 'seasonalOrder': '(0, 1, 1, 12)'}"
development,sarima_paper,4303 Kontulan ala-asteen koulu,2015-12,2016-06,6,36.0,69.32459986256087,25.05,"{'aic': 455.6739362013991, 'order': '(0, 1, 2)', 'seasonalOrder': '(0, 1, 1, 12)'}"
development,harmonic_ridge,4303 Kontulan ala-asteen koulu,2015-12,2016-01,1,107.0,112.4463436050907,25.05,"{'alpha': 10.0, 'features': 8}"
development,harmonic_ridge,4303 Kontulan ala-asteen koulu,2015-12,2016-02,2,87.0,126.611080973929,25.05,"{'alpha': 10.0, 'features': 8}"
development,harmonic_ridge,4303 Kontulan ala-asteen koulu,2015-12,2016-03,3,280.0,128.108439925546,25.05,"{'alpha': 10.0, 'features': 8}"
development,harmonic_ridge,4303 Kontulan ala-asteen koulu,2015-12,2016-04,4,91.0,123.78887714524146,25.05,"{'alpha': 10.0, 'features': 8}"
development,harmonic_ridge,4303 Kontulan ala-asteen koulu,2015-12,2016-05,5,87.0,116.49805574700912,25.05,"{'alpha': 10.0, 'features': 8}"
development,harmonic_ridge,4303 Kontulan ala-asteen koulu,2015-12,2016-06,6,36.0,107.93736873353903,25.05,"{'alpha': 10.0, 'features': 8}"
development,seasonal_naive,4303 Kontulan ala-asteen koulu,2016-03,2016-04,1,91.0,139.0,26.50793650793651,{'seasonalPeriod': 12}
development,seasonal_naive,4303 Kontulan ala-asteen koulu,2016-03,2016-05,2,87.0,121.0,26.50793650793651,{'seasonalPeriod': 12}
development,seasonal_naive,4303 Kontulan ala-asteen koulu,2016-03,2016-06,3,36.0,84.0,26.50793650793651,{'seasonalPeriod': 12}
development,seasonal_naive,4303 Kontulan ala-asteen koulu,2016-03,2016-07,4,35.0,86.0,26.50793650793651,{'seasonalPeriod': 12}
development,seasonal_naive,4303 Kontulan ala-asteen koulu,2016-03,2016-08,5,35.0,93.0,26.50793650793651,{'seasonalPeriod': 12}
development,seasonal_naive,4303 Kontulan ala-asteen koulu,2016-03,2016-09,6,318.0,135.0,26.50793650793651,{'seasonalPeriod': 12}
development,ets,4303 Kontulan ala-asteen koulu,2016-03,2016-04,1,91.0,133.58733997936278,26.50793650793651,"{'specification': 'ETS(A,Ad,A), deterministic grid', 'sse': 118105.82158652882, 'alpha': 0.1, 'beta': 0.01, 'gamma': 0.05, 'phi': 0.9}"
development,ets,4303 Kontulan ala-asteen koulu,2016-03,2016-05,2,87.0,126.5908930360877,26.50793650793651,"{'specification': 'ETS(A,Ad,A), deterministic grid', 'sse': 118105.82158652882, 'alpha': 0.1, 'beta': 0.01, 'gamma': 0.05, 'phi': 0.9}"
development,ets,4303 Kontulan ala-asteen koulu,2016-03,2016-06,3,36.0,88.19709165744533,26.50793650793651,"{'specification': 'ETS(A,Ad,A), deterministic grid', 'sse': 118105.82158652882, 'alpha': 0.1, 'beta': 0.01, 'gamma': 0.05, 'phi': 0.9}"
development,ets,4303 Kontulan ala-asteen koulu,2016-03,2016-07,4,35.0,67.78393474741635,26.50793650793651,"{'specification': 'ETS(A,Ad,A), deterministic grid', 'sse': 118105.82158652882, 'alpha': 0.1, 'beta': 0.01, 'gamma': 0.05, 'phi': 0.9}"
development,ets,4303 Kontulan ala-asteen koulu,2016-03,2016-08,5,35.0,202.87385386141534,26.50793650793651,"{'specification': 'ETS(A,Ad,A), deterministic grid', 'sse': 118105.82158652882, 'alpha': 0.1, 'beta': 0.01, 'gamma': 0.05, 'phi': 0.9}"
development,ets,4303 Kontulan ala-asteen koulu,2016-03,2016-09,6,318.0,156.5554249895984,26.50793650793651,"{'specification': 'ETS(A,Ad,A), deterministic grid', 'sse': 118105.82158652882, 'alpha': 0.1, 'beta': 0.01, 'gamma': 0.05, 'phi': 0.9}"
development,sarima_paper,4303 Kontulan ala-asteen koulu,2016-03,2016-04,1,91.0,216.754896763965,26.50793650793651,"{'aic': 497.83442195597536, 'order': '(0, 1, 2)', 'seasonalOrder': '(0, 1, 1, 12)'}"
development,sarima_paper,4303 Kontulan ala-asteen koulu,2016-03,2016-05,2,87.0,134.7604301733555,26.50793650793651,"{'aic': 497.83442195597536, 'order': '(0, 1, 2)', 'seasonalOrder': '(0, 1, 1, 12)'}"
development,sarima_paper,4303 Kontulan ala-asteen koulu,2016-03,2016-06,3,36.0,79.27413168175362,26.50793650793651,"{'aic': 497.83442195597536, 'order': '(0, 1, 2)', 'seasonalOrder': '(0, 1, 1, 12)'}"
development,sarima_paper,4303 Kontulan ala-asteen koulu,2016-03,2016-07,4,35.0,78.2737776543269,26.50793650793651,"{'aic': 497.83442195597536, 'order': '(0, 1, 2)', 'seasonalOrder': '(0, 1, 1, 12)'}"
development,sarima_paper,4303 Kontulan ala-asteen koulu,2016-03,2016-08,5,35.0,169.41978230783437,26.50793650793651,"{'aic': 497.83442195597536, 'order': '(0, 1, 2)', 'seasonalOrder': '(0, 1, 1, 12)'}"
development,sarima_paper,4303 Kontulan ala-asteen koulu,2016-03,2016-09,6,318.0,164.75643152631045,26.50793650793651,"{'aic': 497.83442195597536, 'order': '(0, 1, 2)', 'seasonalOrder': '(0, 1, 1, 12)'}"
development,harmonic_ridge,4303 Kontulan ala-asteen koulu,2016-03,2016-04,1,91.0,192.70006185323217,26.50793650793651,"{'alpha': 10.0, 'features': 8}"
development,harmonic_ridge,4303 Kontulan ala-asteen koulu,2016-03,2016-05,2,87.0,121.1213775106758,26.50793650793651,"{'alpha': 10.0, 'features': 8}"
development,harmonic_ridge,4303 Kontulan ala-asteen koulu,2016-03,2016-06,3,36.0,95.09615152650193,26.50793650793651,"{'alpha': 10.0, 'features': 8}"
development,harmonic_ridge,4303 Kontulan ala-asteen koulu,2016-03,2016-07,4,35.0,105.54674554717708,26.50793650793651,"{'alpha': 10.0, 'features': 8}"
development,harmonic_ridge,4303 Kontulan ala-asteen koulu,2016-03,2016-08,5,35.0,120.5171162517854,26.50793650793651,"{'alpha': 10.0, 'features': 8}"
development,harmonic_ridge,4303 Kontulan ala-asteen koulu,2016-03,2016-09,6,318.0,136.19842280056207,26.50793650793651,"{'alpha': 10.0, 'features': 8}"
development,seasonal_naive,4303 Kontulan ala-asteen koulu,2016-06,2016-07,1,35.0,86.0,27.272727272727273,{'seasonalPeriod': 12}
development,seasonal_naive,4303 Kontulan ala-asteen koulu,2016-06,2016-08,2,35.0,93.0,27.272727272727273,{'seasonalPeriod': 12}
development,seasonal_naive,4303 Kontulan ala-asteen koulu,2016-06,2016-09,3,318.0,135.0,27.272727272727273,{'seasonalPeriod': 12}
development,seasonal_naive,4303 Kontulan ala-asteen koulu,2016-06,2016-10,4,83.0,119.0,27.272727272727273,{'seasonalPeriod': 12}
development,seasonal_naive,4303 Kontulan ala-asteen koulu,2016-06,2016-11,5,80.0,117.0,27.272727272727273,{'seasonalPeriod': 12}
development,seasonal_naive,4303 Kontulan ala-asteen koulu,2016-06,2016-12,6,72.0,84.0,27.272727272727273,{'seasonalPeriod': 12}
development,ets,4303 Kontulan ala-asteen koulu,2016-06,2016-07,1,35.0,64.71707846408214,27.272727272727273,"{'specification': 'ETS(A,Ad,A), deterministic grid', 'sse': 122639.52522639545, 'alpha': 0.1, 'beta': 0.01, 'gamma': 0.2, 'phi': 0.9}"
development,ets,4303 Kontulan ala-asteen koulu,2016-06,2016-08,2,35.0,166.40927013917127,27.272727272727273,"{'specification': 'ETS(A,Ad,A), deterministic grid', 'sse': 122639.52522639545, 'alpha': 0.1, 'beta': 0.01, 'gamma': 0.2, 'phi': 0.9}"
development,ets,4303 Kontulan ala-asteen koulu,2016-06,2016-09,3,318.0,145.62486738979612,27.272727272727273,"{'specification': 'ETS(A,Ad,A), deterministic grid', 'sse': 122639.52522639545, 'alpha': 0.1, 'beta': 0.01, 'gamma': 0.2, 'phi': 0.9}"
development,ets,4303 Kontulan ala-asteen koulu,2016-06,2016-10,4,83.0,126.99388932057556,27.272727272727273,"{'specification': 'ETS(A,Ad,A), deterministic grid', 'sse': 122639.52522639545, 'alpha': 0.1, 'beta': 0.01, 'gamma': 0.2, 'phi': 0.9}"
development,ets,4303 Kontulan ala-asteen koulu,2016-06,2016-11,5,80.0,133.30107911345607,27.272727272727273,"{'specification': 'ETS(A,Ad,A), deterministic grid', 'sse': 122639.52522639545, 'alpha': 0.1, 'beta': 0.01, 'gamma': 0.2, 'phi': 0.9}"
development,ets,4303 Kontulan ala-asteen koulu,2016-06,2016-12,6,72.0,90.84251131066443,27.272727272727273,"{'specification': 'ETS(A,Ad,A), deterministic grid', 'sse': 122639.52522639545, 'alpha': 0.1, 'beta': 0.01, 'gamma': 0.2, 'phi': 0.9}"
development,sarima_paper,4303 Kontulan ala-asteen koulu,2016-06,2016-07,1,35.0,59.453474236695556,27.272727272727273,"{'aic': 532.9559896364105, 'order': '(0, 1, 2)', 'seasonalOrder': '(0, 1, 1, 12)'}"
development,sarima_paper,4303 Kontulan ala-asteen koulu,2016-06,2016-08,2,35.0,159.96429052334463,27.272727272727273,"{'aic': 532.9559896364105, 'order': '(0, 1, 2)', 'seasonalOrder': '(0, 1, 1, 12)'}"
development,sarima_paper,4303 Kontulan ala-asteen koulu,2016-06,2016-09,3,318.0,155.30364226465926,27.272727272727273,"{'aic': 532.9559896364105, 'order': '(0, 1, 2)', 'seasonalOrder': '(0, 1, 1, 12)'}"
development,sarima_paper,4303 Kontulan ala-asteen koulu,2016-06,2016-10,4,83.0,138.47576689909755,27.272727272727273,"{'aic': 532.9559896364105, 'order': '(0, 1, 2)', 'seasonalOrder': '(0, 1, 1, 12)'}"
development,sarima_paper,4303 Kontulan ala-asteen koulu,2016-06,2016-11,5,80.0,147.6338539781563,27.272727272727273,"{'aic': 532.9559896364105, 'order': '(0, 1, 2)', 'seasonalOrder': '(0, 1, 1, 12)'}"
development,sarima_paper,4303 Kontulan ala-asteen koulu,2016-06,2016-12,6,72.0,100.63932799972854,27.272727272727273,"{'aic': 532.9559896364105, 'order': '(0, 1, 2)', 'seasonalOrder': '(0, 1, 1, 12)'}"
development,harmonic_ridge,4303 Kontulan ala-asteen koulu,2016-06,2016-07,1,35.0,97.96262718564944,27.272727272727273,"{'alpha': 10.0, 'features': 8}"
development,harmonic_ridge,4303 Kontulan ala-asteen koulu,2016-06,2016-08,2,35.0,122.08607254853791,27.272727272727273,"{'alpha': 10.0, 'features': 8}"
development,harmonic_ridge,4303 Kontulan ala-asteen koulu,2016-06,2016-09,3,318.0,137.79781863436756,27.272727272727273,"{'alpha': 10.0, 'features': 8}"
development,harmonic_ridge,4303 Kontulan ala-asteen koulu,2016-06,2016-10,4,83.0,132.84300240266708,27.272727272727273,"{'alpha': 10.0, 'features': 8}"
development,harmonic_ridge,4303 Kontulan ala-asteen koulu,2016-06,2016-11,5,80.0,131.09360385742298,27.272727272727273,"{'alpha': 10.0, 'features': 8}"
development,harmonic_ridge,4303 Kontulan ala-asteen koulu,2016-06,2016-12,6,72.0,124.9296714411106,27.272727272727273,"{'alpha': 10.0, 'features': 8}"
development,seasonal_naive,4303 Kontulan ala-asteen koulu,2016-09,2016-10,1,83.0,119.0,30.318840579710145,{'seasonalPeriod': 12}
development,seasonal_naive,4303 Kontulan ala-asteen koulu,2016-09,2016-11,2,80.0,117.0,30.318840579710145,{'seasonalPeriod': 12}
development,seasonal_naive,4303 Kontulan ala-asteen koulu,2016-09,2016-12,3,72.0,84.0,30.318840579710145,{'seasonalPeriod': 12}
development,seasonal_naive,4303 Kontulan ala-asteen koulu,2016-09,2017-01,4,72.0,107.0,30.318840579710145,{'seasonalPeriod': 12}
development,seasonal_naive,4303 Kontulan ala-asteen koulu,2016-09,2017-02,5,128.0,87.0,30.318840579710145,{'seasonalPeriod': 12}
development,seasonal_naive,4303 Kontulan ala-asteen koulu,2016-09,2017-03,6,142.0,280.0,30.318840579710145,{'seasonalPeriod': 12}
development,ets,4303 Kontulan ala-asteen koulu,2016-09,2016-10,1,83.0,129.8939870167445,30.318840579710145,"{'specification': 'ETS(A,Ad,A), deterministic grid', 'sse': 175489.3132568445, 'alpha': 0.1, 'beta': 0.01, 'gamma': 0.2, 'phi': 0.9}"
development,ets,4303 Kontulan ala-asteen koulu,2016-09,2016-11,2,80.0,136.24063493845995,30.318840579710145,"{'specification': 'ETS(A,Ad,A), deterministic grid', 'sse': 175489.3132568445, 'alpha': 0.1, 'beta': 0.01, 'gamma': 0.2, 'phi': 0.9}"
development,ets,4303 Kontulan ala-asteen koulu,2016-09,2016-12,3,72.0,93.81757945161974,30.318840579710145,"{'specification': 'ETS(A,Ad,A), deterministic grid', 'sse': 175489.3132568445, 'alpha': 0.1, 'beta': 0.01, 'gamma': 0.2, 'phi': 0.9}"
development,ets,4303 Kontulan ala-asteen koulu,2016-09,2017-01,4,72.0,110.93381569608219,30.318840579710145,"{'specification': 'ETS(A,Ad,A), deterministic grid', 'sse': 175489.3132568445, 'alpha': 0.1, 'beta': 0.01, 'gamma': 0.2, 'phi': 0.9}"
development,ets,4303 Kontulan ala-asteen koulu,2016-09,2017-02,5,128.0,101.678590518946,30.318840579710145,"{'specification': 'ETS(A,Ad,A), deterministic grid', 'sse': 175489.3132568445, 'alpha': 0.1, 'beta': 0.01, 'gamma': 0.2, 'phi': 0.9}"
development,ets,4303 Kontulan ala-asteen koulu,2016-09,2017-03,6,142.0,163.1472499545722,30.318840579710145,"{'specification': 'ETS(A,Ad,A), deterministic grid', 'sse': 175489.3132568445, 'alpha': 0.1, 'beta': 0.01, 'gamma': 0.2, 'phi': 0.9}"
development,sarima_paper,4303 Kontulan ala-asteen koulu,2016-09,2016-10,1,83.0,162.74939755637837,30.318840579710145,"{'aic': 584.6519119304487, 'order': '(0, 1, 2)', 'seasonalOrder': '(0, 1, 1, 12)'}"
development,sarima_paper,4303 Kontulan ala-asteen koulu,2016-09,2016-11,2,80.0,148.78972292685103,30.318840579710145,"{'aic': 584.6519119304487, 'order': '(0, 1, 2)', 'seasonalOrder': '(0, 1, 1, 12)'}"
development,sarima_paper,4303 Kontulan ala-asteen koulu,2016-09,2016-12,3,72.0,101.79618479411896,30.318840579710145,"{'aic': 584.6519119304487, 'order': '(0, 1, 2)', 'seasonalOrder': '(0, 1, 1, 12)'}"
development,sarima_paper,4303 Kontulan ala-asteen koulu,2016-09,2017-01,4,72.0,116.48140428592572,30.318840579710145,"{'aic': 584.6519119304487, 'order': '(0, 1, 2)', 'seasonalOrder': '(0, 1, 1, 12)'}"
development,sarima_paper,4303 Kontulan ala-asteen koulu,2016-09,2017-02,5,128.0,112.19079053239388,30.318840579710145,"{'aic': 584.6519119304487, 'order': '(0, 1, 2)', 'seasonalOrder': '(0, 1, 1, 12)'}"
development,sarima_paper,4303 Kontulan ala-asteen koulu,2016-09,2017-03,6,142.0,169.23461205447188,30.318840579710145,"{'aic': 584.6519119304487, 'order': '(0, 1, 2)', 'seasonalOrder': '(0, 1, 1, 12)'}"
development,harmonic_ridge,4303 Kontulan ala-asteen koulu,2016-09,2016-10,1,83.0,190.73029911370276,30.318840579710145,"{'alpha': 10.0, 'features': 8}"
development,harmonic_ridge,4303 Kontulan ala-asteen koulu,2016-09,2016-11,2,80.0,128.9387195698792,30.318840579710145,"{'alpha': 10.0, 'features': 8}"
development,harmonic_ridge,4303 Kontulan ala-asteen koulu,2016-09,2016-12,3,72.0,94.96281497871209,30.318840579710145,"{'alpha': 10.0, 'features': 8}"
development,harmonic_ridge,4303 Kontulan ala-asteen koulu,2016-09,2017-01,4,72.0,120.14779173696351,30.318840579710145,"{'alpha': 10.0, 'features': 8}"
development,harmonic_ridge,4303 Kontulan ala-asteen koulu,2016-09,2017-02,5,128.0,128.5818404538154,30.318840579710145,"{'alpha': 10.0, 'features': 8}"
development,harmonic_ridge,4303 Kontulan ala-asteen koulu,2016-09,2017-03,6,142.0,174.35476111100184,30.318840579710145,"{'alpha': 10.0, 'features': 8}"
development,seasonal_naive,4303 Kontulan ala-asteen koulu,2016-12,2017-01,1,72.0,107.0,30.23611111111111,{'seasonalPeriod': 12}
development,seasonal_naive,4303 Kontulan ala-asteen koulu,2016-12,2017-02,2,128.0,87.0,30.23611111111111,{'seasonalPeriod': 12}
development,seasonal_naive,4303 Kontulan ala-asteen koulu,2016-12,2017-03,3,142.0,280.0,30.23611111111111,{'seasonalPeriod': 12}
development,seasonal_naive,4303 Kontulan ala-asteen koulu,2016-12,2017-04,4,215.0,91.0,30.23611111111111,{'seasonalPeriod': 12}
development,seasonal_naive,4303 Kontulan ala-asteen koulu,2016-12,2017-05,5,80.0,87.0,30.23611111111111,{'seasonalPeriod': 12}
development,seasonal_naive,4303 Kontulan ala-asteen koulu,2016-12,2017-06,6,77.0,36.0,30.23611111111111,{'seasonalPeriod': 12}
development,ets,4303 Kontulan ala-asteen koulu,2016-12,2017-01,1,72.0,99.69532021956142,30.23611111111111,"{'specification': 'ETS(A,Ad,A), deterministic grid', 'sse': 180481.97943557816, 'alpha': 0.1, 'beta': 0.01, 'gamma': 0.2, 'phi': 0.9}"
development,ets,4303 Kontulan ala-asteen koulu,2016-12,2017-02,2,128.0,90.36217872157337,30.23611111111111,"{'specification': 'ETS(A,Ad,A), deterministic grid', 'sse': 180481.97943557816, 'alpha': 0.1, 'beta': 0.01, 'gamma': 0.2, 'phi': 0.9}"
development,ets,4303 Kontulan ala-asteen koulu,2016-12,2017-03,3,142.0,151.7607134684329,30.23611111111111,"{'specification': 'ETS(A,Ad,A), deterministic grid', 'sse': 180481.97943557816, 'alpha': 0.1, 'beta': 0.01, 'gamma': 0.2, 'phi': 0.9}"
development,ets,4303 Kontulan ala-asteen koulu,2016-12,2017-04,4,215.0,108.03992990423926,30.23611111111111,"{'specification': 'ETS(A,Ad,A), deterministic grid', 'sse': 180481.97943557816, 'alpha': 0.1, 'beta': 0.01, 'gamma': 0.2, 'phi': 0.9}"
development,ets,4303 Kontulan ala-asteen koulu,2016-12,2017-05,5,80.0,99.55691828199227,30.23611111111111,"{'specification': 'ETS(A,Ad,A), deterministic grid', 'sse': 180481.97943557816, 'alpha': 0.1, 'beta': 0.01, 'gamma': 0.2, 'phi': 0.9}"
development,ets,4303 Kontulan ala-asteen koulu,2016-12,2017-06,6,77.0,51.50934580014021,30.23611111111111,"{'specification': 'ETS(A,Ad,A), deterministic grid', 'sse': 180481.97943557816, 'alpha': 0.1, 'beta': 0.01, 'gamma': 0.2, 'phi': 0.9}"
development,sarima_paper,4303 Kontulan ala-asteen koulu,2016-12,2017-01,1,72.0,105.75093270756496,30.23611111111111,"{'aic': 617.222697869844, 'order': '(0, 1, 2)', 'seasonalOrder': '(0, 1, 1, 12)'}"
development,sarima_paper,4303 Kontulan ala-asteen koulu,2016-12,2017-02,2,128.0,102.25836012570265,30.23611111111111,"{'aic': 617.222697869844, 'order': '(0, 1, 2)', 'seasonalOrder': '(0, 1, 1, 12)'}"
development,sarima_paper,4303 Kontulan ala-asteen koulu,2016-12,2017-03,3,142.0,160.39073173488072,30.23611111111111,"{'aic': 617.222697869844, 'order': '(0, 1, 2)', 'seasonalOrder': '(0, 1, 1, 12)'}"
development,sarima_paper,4303 Kontulan ala-asteen koulu,2016-12,2017-04,4,215.0,121.7726101498074,30.23611111111111,"{'aic': 617.222697869844, 'order': '(0, 1, 2)', 'seasonalOrder': '(0, 1, 1, 12)'}"
development,sarima_paper,4303 Kontulan ala-asteen koulu,2016-12,2017-05,5,80.0,113.1566970431979,30.23611111111111,"{'aic': 617.222697869844, 'order': '(0, 1, 2)', 'seasonalOrder': '(0, 1, 1, 12)'}"
development,sarima_paper,4303 Kontulan ala-asteen koulu,2016-12,2017-06,6,77.0,58.52077503976388,30.23611111111111,"{'aic': 617.222697869844, 'order': '(0, 1, 2)', 'seasonalOrder': '(0, 1, 1, 12)'}"
development,harmonic_ridge,4303 Kontulan ala-asteen koulu,2016-12,2017-01,1,72.0,132.25958906453388,30.23611111111111,"{'alpha': 10.0, 'features': 8}"
development,harmonic_ridge,4303 Kontulan ala-asteen koulu,2016-12,2017-02,2,128.0,129.85078832061552,30.23611111111111,"{'alpha': 10.0, 'features': 8}"
development,harmonic_ridge,4303 Kontulan ala-asteen koulu,2016-12,2017-03,3,142.0,174.69185997904071,30.23611111111111,"{'alpha': 10.0, 'features': 8}"
development,harmonic_ridge,4303 Kontulan ala-asteen koulu,2016-12,2017-04,4,215.0,110.41195719793949,30.23611111111111,"{'alpha': 10.0, 'features': 8}"
development,harmonic_ridge,4303 Kontulan ala-asteen koulu,2016-12,2017-05,5,80.0,94.65811840929597,30.23611111111111,"{'alpha': 10.0, 'features': 8}"
development,harmonic_ridge,4303 Kontulan ala-asteen koulu,2016-12,2017-06,6,77.0,78.80729181433799,30.23611111111111,"{'alpha': 10.0, 'features': 8}"
development,seasonal_naive,4303 Kontulan ala-asteen koulu,2017-03,2017-04,1,215.0,91.0,31.88,{'seasonalPeriod': 12}
development,seasonal_naive,4303 Kontulan ala-asteen koulu,2017-03,2017-05,2,80.0,87.0,31.88,{'seasonalPeriod': 12}
development,seasonal_naive,4303 Kontulan ala-asteen koulu,2017-03,2017-06,3,77.0,36.0,31.88,{'seasonalPeriod': 12}
development,seasonal_naive,4303 Kontulan ala-asteen koulu,2017-03,2017-07,4,6.0,35.0,31.88,{'seasonalPeriod': 12}
development,seasonal_naive,4303 Kontulan ala-asteen koulu,2017-03,2017-08,5,96.0,35.0,31.88,{'seasonalPeriod': 12}
development,seasonal_naive,4303 Kontulan ala-asteen koulu,2017-03,2017-09,6,124.0,318.0,31.88,{'seasonalPeriod': 12}
development,ets,4303 Kontulan ala-asteen koulu,2017-03,2017-04,1,215.0,108.20295106600517,31.88,"{'specification': 'ETS(A,Ad,A), deterministic grid', 'sse': 183005.29560634162, 'alpha': 0.1, 'beta': 0.01, 'gamma': 0.2, 'phi': 0.9}"
development,ets,4303 Kontulan ala-asteen koulu,2017-03,2017-05,2,80.0,99.72231468969646,31.88,"{'specification': 'ETS(A,Ad,A), deterministic grid', 'sse': 183005.29560634162, 'alpha': 0.1, 'beta': 0.01, 'gamma': 0.2, 'phi': 0.9}"
development,ets,4303 Kontulan ala-asteen koulu,2017-03,2017-06,3,77.0,51.67687992918886,31.88,"{'specification': 'ETS(A,Ad,A), deterministic grid', 'sse': 183005.29560634162, 'alpha': 0.1, 'beta': 0.01, 'gamma': 0.2, 'phi': 0.9}"
development,ets,4303 Kontulan ala-asteen koulu,2017-03,2017-07,4,6.0,50.81574738279346,31.88,"{'specification': 'ETS(A,Ad,A), deterministic grid', 'sse': 183005.29560634162, 'alpha': 0.1, 'beta': 0.01, 'gamma': 0.2, 'phi': 0.9}"
development,ets,4303 Kontulan ala-asteen koulu,2017-03,2017-08,5,96.0,134.74467122326936,31.88,"{'specification': 'ETS(A,Ad,A), deterministic grid', 'sse': 183005.29560634162, 'alpha': 0.1, 'beta': 0.01, 'gamma': 0.2, 'phi': 0.9}"
development,ets,4303 Kontulan ala-asteen koulu,2017-03,2017-09,6,124.0,170.97943555481618,31.88,"{'specification': 'ETS(A,Ad,A), deterministic grid', 'sse': 183005.29560634162, 'alpha': 0.1, 'beta': 0.01, 'gamma': 0.2, 'phi': 0.9}"
development,sarima_paper,4303 Kontulan ala-asteen koulu,2017-03,2017-04,1,215.0,118.7220149857078,31.88,"{'aic': 647.2783730443107, 'order': '(0, 1, 2)', 'seasonalOrder': '(0, 1, 1, 12)'}"
development,sarima_paper,4303 Kontulan ala-asteen koulu,2017-03,2017-05,2,80.0,110.89755394651988,31.88,"{'aic': 647.2783730443107, 'order': '(0, 1, 2)', 'seasonalOrder': '(0, 1, 1, 12)'}"
development,sarima_paper,4303 Kontulan ala-asteen koulu,2017-03,2017-06,3,77.0,56.055517194497774,31.88,"{'aic': 647.2783730443107, 'order': '(0, 1, 2)', 'seasonalOrder': '(0, 1, 1, 12)'}"
development,sarima_paper,4303 Kontulan ala-asteen koulu,2017-03,2017-07,4,6.0,55.05926181252507,31.88,"{'aic': 647.2783730443107, 'order': '(0, 1, 2)', 'seasonalOrder': '(0, 1, 1, 12)'}"
development,sarima_paper,4303 Kontulan ala-asteen koulu,2017-03,2017-08,5,96.0,133.18344426091323,31.88,"{'aic': 647.2783730443107, 'order': '(0, 1, 2)', 'seasonalOrder': '(0, 1, 1, 12)'}"
development,sarima_paper,4303 Kontulan ala-asteen koulu,2017-03,2017-09,6,124.0,169.60557410203003,31.88,"{'aic': 647.2783730443107, 'order': '(0, 1, 2)', 'seasonalOrder': '(0, 1, 1, 12)'}"
development,harmonic_ridge,4303 Kontulan ala-asteen koulu,2017-03,2017-04,1,215.0,109.86234902407777,31.88,"{'alpha': 10.0, 'features': 8}"
development,harmonic_ridge,4303 Kontulan ala-asteen koulu,2017-03,2017-05,2,80.0,94.33661590542647,31.88,"{'alpha': 10.0, 'features': 8}"
development,harmonic_ridge,4303 Kontulan ala-asteen koulu,2017-03,2017-06,3,77.0,80.66124605170148,31.88,"{'alpha': 10.0, 'features': 8}"
development,harmonic_ridge,4303 Kontulan ala-asteen koulu,2017-03,2017-07,4,6.0,86.1992156410185,31.88,"{'alpha': 10.0, 'features': 8}"
development,harmonic_ridge,4303 Kontulan ala-asteen koulu,2017-03,2017-08,5,96.0,93.73924051055441,31.88,"{'alpha': 10.0, 'features': 8}"
development,harmonic_ridge,4303 Kontulan ala-asteen koulu,2017-03,2017-09,6,124.0,172.72047013404642,31.88,"{'alpha': 10.0, 'features': 8}"
development,seasonal_naive,4303 Kontulan ala-asteen koulu,2017-06,2017-07,1,6.0,35.0,32.85897435897436,{'seasonalPeriod': 12}
development,seasonal_naive,4303 Kontulan ala-asteen koulu,2017-06,2017-08,2,96.0,35.0,32.85897435897436,{'seasonalPeriod': 12}
development,seasonal_naive,4303 Kontulan ala-asteen koulu,2017-06,2017-09,3,124.0,318.0,32.85897435897436,{'seasonalPeriod': 12}
development,seasonal_naive,4303 Kontulan ala-asteen koulu,2017-06,2017-10,4,100.0,83.0,32.85897435897436,{'seasonalPeriod': 12}
development,seasonal_naive,4303 Kontulan ala-asteen koulu,2017-06,2017-11,5,135.0,80.0,32.85897435897436,{'seasonalPeriod': 12}
development,seasonal_naive,4303 Kontulan ala-asteen koulu,2017-06,2017-12,6,131.0,72.0,32.85897435897436,{'seasonalPeriod': 12}
development,ets,4303 Kontulan ala-asteen koulu,2017-06,2017-07,1,6.0,60.42355444446788,32.85897435897436,"{'specification': 'ETS(A,Ad,A), deterministic grid', 'sse': 195648.62496989212, 'alpha': 0.1, 'beta': 0.01, 'gamma': 0.2, 'phi': 0.9}"
development,ets,4303 Kontulan ala-asteen koulu,2017-06,2017-08,2,96.0,144.41452051086364,32.85897435897436,"{'specification': 'ETS(A,Ad,A), deterministic grid', 'sse': 195648.62496989212, 'alpha': 0.1, 'beta': 0.01, 'gamma': 0.2, 'phi': 0.9}"
development,ets,4303 Kontulan ala-asteen koulu,2017-06,2017-09,3,124.0,180.7051228457383,32.85897435897436,"{'specification': 'ETS(A,Ad,A), deterministic grid', 'sse': 195648.62496989212, 'alpha': 0.1, 'beta': 0.01, 'gamma': 0.2, 'phi': 0.9}"
development,ets,4303 Kontulan ala-asteen koulu,2017-06,2017-10,4,100.0,119.7810059817663,32.85897435897436,"{'specification': 'ETS(A,Ad,A), deterministic grid', 'sse': 195648.62496989212, 'alpha': 0.1, 'beta': 0.01, 'gamma': 0.2, 'phi': 0.9}"
development,ets,4303 Kontulan ala-asteen koulu,2017-06,2017-11,5,135.0,125.30388663266572,32.85897435897436,"{'specification': 'ETS(A,Ad,A), deterministic grid', 'sse': 195648.62496989212, 'alpha': 0.1, 'beta': 0.01, 'gamma': 0.2, 'phi': 0.9}"
development,ets,4303 Kontulan ala-asteen koulu,2017-06,2017-12,6,131.0,90.02557199616851,32.85897435897436,"{'specification': 'ETS(A,Ad,A), deterministic grid', 'sse': 195648.62496989212, 'alpha': 0.1, 'beta': 0.01, 'gamma': 0.2, 'phi': 0.9}"
development,sarima_paper,4303 Kontulan ala-asteen koulu,2017-06,2017-07,1,6.0,63.23671869417211,32.85897435897436,"{'aic': 680.4966725726674, 'order': '(0, 1, 2)', 'seasonalOrder': '(0, 1, 1, 12)'}"
development,sarima_paper,4303 Kontulan ala-asteen koulu,2017-06,2017-08,2,96.0,141.02769172996443,32.85897435897436,"{'aic': 680.4966725726674, 'order': '(0, 1, 2)', 'seasonalOrder': '(0, 1, 1, 12)'}"
development,sarima_paper,4303 Kontulan ala-asteen koulu,2017-06,2017-09,3,124.0,177.4495151795528,32.85897435897436,"{'aic': 680.4966725726674, 'order': '(0, 1, 2)', 'seasonalOrder': '(0, 1, 1, 12)'}"
development,sarima_paper,4303 Kontulan ala-asteen koulu,2017-06,2017-10,4,100.0,129.47125444812056,32.85897435897436,"{'aic': 680.4966725726674, 'order': '(0, 1, 2)', 'seasonalOrder': '(0, 1, 1, 12)'}"
development,sarima_paper,4303 Kontulan ala-asteen koulu,2017-06,2017-11,5,135.0,136.8838061547973,32.85897435897436,"{'aic': 680.4966725726674, 'order': '(0, 1, 2)', 'seasonalOrder': '(0, 1, 1, 12)'}"
development,sarima_paper,4303 Kontulan ala-asteen koulu,2017-06,2017-12,6,131.0,95.45863614651492,32.85897435897436,"{'aic': 680.4966725726674, 'order': '(0, 1, 2)', 'seasonalOrder': '(0, 1, 1, 12)'}"
development,harmonic_ridge,4303 Kontulan ala-asteen koulu,2017-06,2017-07,1,6.0,79.37352575866723,32.85897435897436,"{'alpha': 10.0, 'features': 8}"
development,harmonic_ridge,4303 Kontulan ala-asteen koulu,2017-06,2017-08,2,96.0,99.67750117139148,32.85897435897436,"{'alpha': 10.0, 'features': 8}"
development,harmonic_ridge,4303 Kontulan ala-asteen koulu,2017-06,2017-09,3,124.0,176.02153008924608,32.85897435897436,"{'alpha': 10.0, 'features': 8}"
development,harmonic_ridge,4303 Kontulan ala-asteen koulu,2017-06,2017-10,4,100.0,127.01757937318575,32.85897435897436,"{'alpha': 10.0, 'features': 8}"
development,harmonic_ridge,4303 Kontulan ala-asteen koulu,2017-06,2017-11,5,135.0,114.87461274528549,32.85897435897436,"{'alpha': 10.0, 'features': 8}"
development,harmonic_ridge,4303 Kontulan ala-asteen koulu,2017-06,2017-12,6,131.0,109.51838847772748,32.85897435897436,"{'alpha': 10.0, 'features': 8}"
development,seasonal_naive,4320 Crusellin peruskoulu,2015-12,2016-01,1,63.0,131.0,24.516666666666666,{'seasonalPeriod': 12}
development,seasonal_naive,4320 Crusellin peruskoulu,2015-12,2016-02,2,65.0,134.0,24.516666666666666,{'seasonalPeriod': 12}
development,seasonal_naive,4320 Crusellin peruskoulu,2015-12,2016-03,3,89.0,174.0,24.516666666666666,{'seasonalPeriod': 12}
development,seasonal_naive,4320 Crusellin peruskoulu,2015-12,2016-04,4,95.0,122.0,24.516666666666666,{'seasonalPeriod': 12}
development,seasonal_naive,4320 Crusellin peruskoulu,2015-12,2016-05,5,76.0,93.0,24.516666666666666,{'seasonalPeriod': 12}
development,seasonal_naive,4320 Crusellin peruskoulu,2015-12,2016-06,6,25.0,9.0,24.516666666666666,{'seasonalPeriod': 12}
development,ets,4320 Crusellin peruskoulu,2015-12,2016-01,1,63.0,78.21758360667594,24.516666666666666,"{'specification': 'ETS(A,Ad,A), deterministic grid', 'sse': 28390.79014980498, 'alpha': 0.5, 'beta': 0.01, 'gamma': 0.4, 'phi': 0.9}"
development,ets,4320 Crusellin peruskoulu,2015-12,2016-02,2,65.0,79.84242335631782,24.516666666666666,"{'specification': 'ETS(A,Ad,A), deterministic grid', 'sse': 28390.79014980498, 'alpha': 0.5, 'beta': 0.01, 'gamma': 0.4, 'phi': 0.9}"
development,ets,4320 Crusellin peruskoulu,2015-12,2016-03,3,89.0,112.86336888492805,24.516666666666666,"{'specification': 'ETS(A,Ad,A), deterministic grid', 'sse': 28390.79014980498, 'alpha': 0.5, 'beta': 0.01, 'gamma': 0.4, 'phi': 0.9}"
development,ets,4320 Crusellin peruskoulu,2015-12,2016-04,4,95.0,98.42532304012954,24.516666666666666,"{'specification': 'ETS(A,Ad,A), deterministic grid', 'sse': 28390.79014980498, 'alpha': 0.5, 'beta': 0.01, 'gamma': 0.4, 'phi': 0.9}"
development,ets,4320 Crusellin peruskoulu,2015-12,2016-05,5,76.0,99.61917411669248,24.516666666666666,"{'specification': 'ETS(A,Ad,A), deterministic grid', 'sse': 28390.79014980498, 'alpha': 0.5, 'beta': 0.01, 'gamma': 0.4, 'phi': 0.9}"
development,ets,4320 Crusellin peruskoulu,2015-12,2016-06,6,25.0,26.944041411885372,24.516666666666666,"{'specification': 'ETS(A,Ad,A), deterministic grid', 'sse': 28390.79014980498, 'alpha': 0.5, 'beta': 0.01, 'gamma': 0.4, 'phi': 0.9}"
development,sarima_paper,4320 Crusellin peruskoulu,2015-12,2016-01,1,63.0,77.52221113594005,24.516666666666666,"{'aic': 407.8245598801821, 'order': '(0, 1, 2)', 'seasonalOrder': '(0, 1, 1, 12)'}"
development,sarima_paper,4320 Crusellin peruskoulu,2015-12,2016-02,2,65.0,76.40760621285801,24.516666666666666,"{'aic': 407.8245598801821, 'order': '(0, 1, 2)', 'seasonalOrder': '(0, 1, 1, 12)'}"
development,sarima_paper,4320 Crusellin peruskoulu,2015-12,2016-03,3,89.0,109.78762825691066,24.516666666666666,"{'aic': 407.8245598801821, 'order': '(0, 1, 2)', 'seasonalOrder': '(0, 1, 1, 12)'}"
development,sarima_paper,4320 Crusellin peruskoulu,2015-12,2016-04,4,95.0,90.85568451741494,24.516666666666666,"{'aic': 407.8245598801821, 'order': '(0, 1, 2)', 'seasonalOrder': '(0, 1, 1, 12)'}"
development,sarima_paper,4320 Crusellin peruskoulu,2015-12,2016-05,5,76.0,89.44515114542895,24.516666666666666,"{'aic': 407.8245598801821, 'order': '(0, 1, 2)', 'seasonalOrder': '(0, 1, 1, 12)'}"
development,sarima_paper,4320 Crusellin peruskoulu,2015-12,2016-06,6,25.0,14.621897807951342,24.516666666666666,"{'aic': 407.8245598801821, 'order': '(0, 1, 2)', 'seasonalOrder': '(0, 1, 1, 12)'}"
development,harmonic_ridge,4320 Crusellin peruskoulu,2015-12,2016-01,1,63.0,115.63541431234597,24.516666666666666,"{'alpha': 10.0, 'features': 8}"
development,harmonic_ridge,4320 Crusellin peruskoulu,2015-12,2016-02,2,65.0,129.93446267538803,24.516666666666666,"{'alpha': 10.0, 'features': 8}"
development,harmonic_ridge,4320 Crusellin peruskoulu,2015-12,2016-03,3,89.0,145.78517977638643,24.516666666666666,"{'alpha': 10.0, 'features': 8}"
development,harmonic_ridge,4320 Crusellin peruskoulu,2015-12,2016-04,4,95.0,125.58389467888382,24.516666666666666,"{'alpha': 10.0, 'features': 8}"
development,harmonic_ridge,4320 Crusellin peruskoulu,2015-12,2016-05,5,76.0,105.60128979762942,24.516666666666666,"{'alpha': 10.0, 'features': 8}"
development,harmonic_ridge,4320 Crusellin peruskoulu,2015-12,2016-06,6,25.0,67.18542436402191,24.516666666666666,"{'alpha': 10.0, 'features': 8}"
development,seasonal_naive,4320 Crusellin peruskoulu,2016-03,2016-04,1,95.0,122.0,26.873015873015873,{'seasonalPeriod': 12}
development,seasonal_naive,4320 Crusellin peruskoulu,2016-03,2016-05,2,76.0,93.0,26.873015873015873,{'seasonalPeriod': 12}
development,seasonal_naive,4320 Crusellin peruskoulu,2016-03,2016-06,3,25.0,9.0,26.873015873015873,{'seasonalPeriod': 12}
development,seasonal_naive,4320 Crusellin peruskoulu,2016-03,2016-07,4,5.0,99.0,26.873015873015873,{'seasonalPeriod': 12}
development,seasonal_naive,4320 Crusellin peruskoulu,2016-03,2016-08,5,59.0,78.0,26.873015873015873,{'seasonalPeriod': 12}
development,seasonal_naive,4320 Crusellin peruskoulu,2016-03,2016-09,6,103.0,89.0,26.873015873015873,{'seasonalPeriod': 12}
development,ets,4320 Crusellin peruskoulu,2016-03,2016-04,1,95.0,80.67599745381462,26.873015873015873,"{'specification': 'ETS(A,Ad,A), deterministic grid', 'sse': 28830.19568656237, 'alpha': 0.5, 'beta': 0.01, 'gamma': 0.4, 'phi': 0.9}"
development,ets,4320 Crusellin peruskoulu,2016-03,2016-05,2,76.0,81.7431461950234,26.873015873015873,"{'specification': 'ETS(A,Ad,A), deterministic grid', 'sse': 28830.19568656237, 'alpha': 0.5, 'beta': 0.01, 'gamma': 0.4, 'phi': 0.9}"
development,ets,4320 Crusellin peruskoulu,2016-03,2016-06,3,25.0,8.953981388397565,26.873015873015873,"{'specification': 'ETS(A,Ad,A), deterministic grid', 'sse': 28830.19568656237, 'alpha': 0.5, 'beta': 0.01, 'gamma': 0.4, 'phi': 0.9}"
development,ets,4320 Crusellin peruskoulu,2016-03,2016-07,4,5.0,15.791645414994804,26.873015873015873,"{'specification': 'ETS(A,Ad,A), deterministic grid', 'sse': 28830.19568656237, 'alpha': 0.5, 'beta': 0.01, 'gamma': 0.4, 'phi': 0.9}"
development,ets,4320 Crusellin peruskoulu,2016-03,2016-08,5,59.0,36.78911198178168,26.873015873015873,"{'specification': 'ETS(A,Ad,A), deterministic grid', 'sse': 28830.19568656237, 'alpha': 0.5, 'beta': 0.01, 'gamma': 0.4, 'phi': 0.9}"
development,ets,4320 Crusellin peruskoulu,2016-03,2016-09,6,103.0,66.12911104153449,26.873015873015873,"{'specification': 'ETS(A,Ad,A), deterministic grid', 'sse': 28830.19568656237, 'alpha': 0.5, 'beta': 0.01, 'gamma': 0.4, 'phi': 0.9}"
development,sarima_paper,4320 Crusellin peruskoulu,2016-03,2016-04,1,95.0,77.59821084877196,26.873015873015873,"{'aic': 432.4551011162101, 'order': '(0, 1, 2)', 'seasonalOrder': '(0, 1, 1, 12)'}"
development,sarima_paper,4320 Crusellin peruskoulu,2016-03,2016-05,2,76.0,79.56977415387149,26.873015873015873,"{'aic': 432.4551011162101, 'order': '(0, 1, 2)', 'seasonalOrder': '(0, 1, 1, 12)'}"
development,sarima_paper,4320 Crusellin peruskoulu,2016-03,2016-06,3,25.0,5.406037917830739,26.873015873015873,"{'aic': 432.4551011162101, 'order': '(0, 1, 2)', 'seasonalOrder': '(0, 1, 1, 12)'}"
development,sarima_paper,4320 Crusellin peruskoulu,2016-03,2016-07,4,5.0,9.738795629929982,26.873015873015873,"{'aic': 432.4551011162101, 'order': '(0, 1, 2)', 'seasonalOrder': '(0, 1, 1, 12)'}"
development,sarima_paper,4320 Crusellin peruskoulu,2016-03,2016-08,5,59.0,43.73777856100354,26.873015873015873,"{'aic': 432.4551011162101, 'order': '(0, 1, 2)', 'seasonalOrder': '(0, 1, 1, 12)'}"
development,sarima_paper,4320 Crusellin peruskoulu,2016-03,2016-09,6,103.0,77.73693085070695,26.873015873015873,"{'aic': 432.4551011162101, 'order': '(0, 1, 2)', 'seasonalOrder': '(0, 1, 1, 12)'}"
development,harmonic_ridge,4320 Crusellin peruskoulu,2016-03,2016-04,1,95.0,99.04878466773026,26.873015873015873,"{'alpha': 10.0, 'features': 8}"
development,harmonic_ridge,4320 Crusellin peruskoulu,2016-03,2016-05,2,76.0,92.07353256790344,26.873015873015873,"{'alpha': 10.0, 'features': 8}"
development,harmonic_ridge,4320 Crusellin peruskoulu,2016-03,2016-06,3,25.0,64.44374721342416,26.873015873015873,"{'alpha': 10.0, 'features': 8}"
development,harmonic_ridge,4320 Crusellin peruskoulu,2016-03,2016-07,4,5.0,81.27924139724863,26.873015873015873,"{'alpha': 10.0, 'features': 8}"
development,harmonic_ridge,4320 Crusellin peruskoulu,2016-03,2016-08,5,59.0,83.6842874542684,26.873015873015873,"{'alpha': 10.0, 'features': 8}"
development,harmonic_ridge,4320 Crusellin peruskoulu,2016-03,2016-09,6,103.0,91.14347518283208,26.873015873015873,"{'alpha': 10.0, 'features': 8}"
development,seasonal_naive,4320 Crusellin peruskoulu,2016-06,2016-07,1,5.0,99.0,26.560606060606062,{'seasonalPeriod': 12}
development,seasonal_naive,4320 Crusellin peruskoulu,2016-06,2016-08,2,59.0,78.0,26.560606060606062,{'seasonalPeriod': 12}
development,seasonal_naive,4320 Crusellin peruskoulu,2016-06,2016-09,3,103.0,89.0,26.560606060606062,{'seasonalPeriod': 12}
development,seasonal_naive,4320 Crusellin peruskoulu,2016-06,2016-10,4,70.0,79.0,26.560606060606062,{'seasonalPeriod': 12}
development,seasonal_naive,4320 Crusellin peruskoulu,2016-06,2016-11,5,94.0,89.0,26.560606060606062,{'seasonalPeriod': 12}
development,seasonal_naive,4320 Crusellin peruskoulu,2016-06,2016-12,6,61.0,64.0,26.560606060606062,{'seasonalPeriod': 12}
development,ets,4320 Crusellin peruskoulu,2016-06,2016-07,1,5.0,24.253862781958688,26.560606060606062,"{'specification': 'ETS(A,Ad,A), deterministic grid', 'sse': 29437.817644298684, 'alpha': 0.5, 'beta': 0.01, 'gamma': 0.4, 'phi': 0.9}"
development,ets,4320 Crusellin peruskoulu,2016-06,2016-08,2,59.0,45.31302911510407,26.560606060606062,"{'specification': 'ETS(A,Ad,A), deterministic grid', 'sse': 29437.817644298684, 'alpha': 0.5, 'beta': 0.01, 'gamma': 0.4, 'phi': 0.9}"
development,ets,4320 Crusellin peruskoulu,2016-06,2016-09,3,103.0,74.70855796457955,26.560606060606062,"{'specification': 'ETS(A,Ad,A), deterministic grid', 'sse': 29437.817644298684, 'alpha': 0.5, 'beta': 0.01, 'gamma': 0.4, 'phi': 0.9}"
development,ets,4320 Crusellin peruskoulu,2016-06,2016-10,4,70.0,74.10120792866054,26.560606060606062,"{'specification': 'ETS(A,Ad,A), deterministic grid', 'sse': 29437.817644298684, 'alpha': 0.5, 'beta': 0.01, 'gamma': 0.4, 'phi': 0.9}"
development,ets,4320 Crusellin peruskoulu,2016-06,2016-11,5,94.0,81.68711870038733,26.560606060606062,"{'specification': 'ETS(A,Ad,A), deterministic grid', 'sse': 29437.817644298684, 'alpha': 0.5, 'beta': 0.01, 'gamma': 0.4, 'phi': 0.9}"
development,ets,4320 Crusellin peruskoulu,2016-06,2016-12,6,61.0,51.5862041627315,26.560606060606062,"{'specification': 'ETS(A,Ad,A), deterministic grid', 'sse': 29437.817644298684, 'alpha': 0.5, 'beta': 0.01, 'gamma': 0.4, 'phi': 0.9}"
development,sarima_paper,4320 Crusellin peruskoulu,2016-06,2016-07,1,5.0,21.28424156199189,26.560606060606062,"{'aic': 458.03432246000006, 'order': '(0, 1, 2)', 'seasonalOrder': '(0, 1, 1, 12)'}"
development,sarima_paper,4320 Crusellin peruskoulu,2016-06,2016-08,2,59.0,53.9058440754076,26.560606060606062,"{'aic': 458.03432246000006, 'order': '(0, 1, 2)', 'seasonalOrder': '(0, 1, 1, 12)'}"
development,sarima_paper,4320 Crusellin peruskoulu,2016-06,2016-09,3,103.0,87.90501517793683,26.560606060606062,"{'aic': 458.03432246000006, 'order': '(0, 1, 2)', 'seasonalOrder': '(0, 1, 1, 12)'}"
development,sarima_paper,4320 Crusellin peruskoulu,2016-06,2016-10,4,70.0,85.90563652911226,26.560606060606062,"{'aic': 458.03432246000006, 'order': '(0, 1, 2)', 'seasonalOrder': '(0, 1, 1, 12)'}"
development,sarima_paper,4320 Crusellin peruskoulu,2016-06,2016-11,5,94.0,91.07157157263542,26.560606060606062,"{'aic': 458.03432246000006, 'order': '(0, 1, 2)', 'seasonalOrder': '(0, 1, 1, 12)'}"
development,sarima_paper,4320 Crusellin peruskoulu,2016-06,2016-12,6,61.0,60.40514003659244,26.560606060606062,"{'aic': 458.03432246000006, 'order': '(0, 1, 2)', 'seasonalOrder': '(0, 1, 1, 12)'}"
development,harmonic_ridge,4320 Crusellin peruskoulu,2016-06,2016-07,1,5.0,63.18673083560975,26.560606060606062,"{'alpha': 10.0, 'features': 8}"
development,harmonic_ridge,4320 Crusellin peruskoulu,2016-06,2016-08,2,59.0,73.38722655012535,26.560606060606062,"{'alpha': 10.0, 'features': 8}"
development,harmonic_ridge,4320 Crusellin peruskoulu,2016-06,2016-09,3,103.0,84.21981728628698,26.560606060606062,"{'alpha': 10.0, 'features': 8}"
development,harmonic_ridge,4320 Crusellin peruskoulu,2016-06,2016-10,4,70.0,87.2586631890986,26.560606060606062,"{'alpha': 10.0, 'features': 8}"
development,harmonic_ridge,4320 Crusellin peruskoulu,2016-06,2016-11,5,94.0,93.38089640126748,26.560606060606062,"{'alpha': 10.0, 'features': 8}"
development,harmonic_ridge,4320 Crusellin peruskoulu,2016-06,2016-12,6,61.0,88.51050869183202,26.560606060606062,"{'alpha': 10.0, 'features': 8}"
development,seasonal_naive,4320 Crusellin peruskoulu,2016-09,2016-10,1,70.0,79.0,27.246376811594203,{'seasonalPeriod': 12}
development,seasonal_naive,4320 Crusellin peruskoulu,2016-09,2016-11,2,94.0,89.0,27.246376811594203,{'seasonalPeriod': 12}
development,seasonal_naive,4320 Crusellin peruskoulu,2016-09,2016-12,3,61.0,64.0,27.246376811594203,{'seasonalPeriod': 12}
development,seasonal_naive,4320 Crusellin peruskoulu,2016-09,2017-01,4,75.0,63.0,27.246376811594203,{'seasonalPeriod': 12}
development,seasonal_naive,4320 Crusellin peruskoulu,2016-09,2017-02,5,88.0,65.0,27.246376811594203,{'seasonalPeriod': 12}
development,seasonal_naive,4320 Crusellin peruskoulu,2016-09,2017-03,6,112.0,89.0,27.246376811594203,{'seasonalPeriod': 12}
development,ets,4320 Crusellin peruskoulu,2016-09,2016-10,1,70.0,89.39678063987301,27.246376811594203,"{'specification': 'ETS(A,Ad,A), deterministic grid', 'sse': 31046.61712502957, 'alpha': 0.5, 'beta': 0.01, 'gamma': 0.4, 'phi': 0.9}"
development,ets,4320 Crusellin peruskoulu,2016-09,2016-11,2,94.0,97.11124764767418,27.246376811594203,"{'specification': 'ETS(A,Ad,A), deterministic grid', 'sse': 31046.61712502957, 'alpha': 0.5, 'beta': 0.01, 'gamma': 0.4, 'phi': 0.9}"
development,ets,4320 Crusellin peruskoulu,2016-09,2016-12,3,61.0,67.12603372248529,27.246376811594203,"{'specification': 'ETS(A,Ad,A), deterministic grid', 'sse': 31046.61712502957, 'alpha': 0.5, 'beta': 0.01, 'gamma': 0.4, 'phi': 0.9}"
development,ets,4320 Crusellin peruskoulu,2016-09,2017-01,4,75.0,79.8728714537268,27.246376811594203,"{'specification': 'ETS(A,Ad,A), deterministic grid', 'sse': 31046.61712502957, 'alpha': 0.5, 'beta': 0.01, 'gamma': 0.4, 'phi': 0.9}"
development,ets,4320 Crusellin peruskoulu,2016-09,2017-02,5,88.0,83.30271709878019,27.246376811594203,"{'specification': 'ETS(A,Ad,A), deterministic grid', 'sse': 31046.61712502957, 'alpha': 0.5, 'beta': 0.01, 'gamma': 0.4, 'phi': 0.9}"
development,ets,4320 Crusellin peruskoulu,2016-09,2017-03,6,112.0,115.42983133773248,27.246376811594203,"{'specification': 'ETS(A,Ad,A), deterministic grid', 'sse': 31046.61712502957, 'alpha': 0.5, 'beta': 0.01, 'gamma': 0.4, 'phi': 0.9}"
development,sarima_paper,4320 Crusellin peruskoulu,2016-09,2016-10,1,70.0,92.3051681690834,27.246376811594203,"{'aic': 483.27190762816997, 'order': '(0, 1, 2)', 'seasonalOrder': '(0, 1, 1, 12)'}"
development,sarima_paper,4320 Crusellin peruskoulu,2016-09,2016-11,2,94.0,96.4924078812682,27.246376811594203,"{'aic': 483.27190762816997, 'order': '(0, 1, 2)', 'seasonalOrder': '(0, 1, 1, 12)'}"
development,sarima_paper,4320 Crusellin peruskoulu,2016-09,2016-12,3,61.0,65.82593897433543,27.246376811594203,"{'aic': 483.27190762816997, 'order': '(0, 1, 2)', 'seasonalOrder': '(0, 1, 1, 12)'}"
development,sarima_paper,4320 Crusellin peruskoulu,2016-09,2017-01,4,75.0,74.32824394839758,27.246376811594203,"{'aic': 483.27190762816997, 'order': '(0, 1, 2)', 'seasonalOrder': '(0, 1, 1, 12)'}"
development,sarima_paper,4320 Crusellin peruskoulu,2016-09,2017-02,5,88.0,73.26781523661403,27.246376811594203,"{'aic': 483.27190762816997, 'order': '(0, 1, 2)', 'seasonalOrder': '(0, 1, 1, 12)'}"
development,sarima_paper,4320 Crusellin peruskoulu,2016-09,2017-03,6,112.0,104.33917264782407,27.246376811594203,"{'aic': 483.27190762816997, 'order': '(0, 1, 2)', 'seasonalOrder': '(0, 1, 1, 12)'}"
development,harmonic_ridge,4320 Crusellin peruskoulu,2016-09,2016-10,1,70.0,95.6610669862948,27.246376811594203,"{'alpha': 10.0, 'features': 8}"
development,harmonic_ridge,4320 Crusellin peruskoulu,2016-09,2016-11,2,94.0,94.49412158599199,27.246376811594203,"{'alpha': 10.0, 'features': 8}"
development,harmonic_ridge,4320 Crusellin peruskoulu,2016-09,2016-12,3,61.0,87.67016878028844,27.246376811594203,"{'alpha': 10.0, 'features': 8}"
development,harmonic_ridge,4320 Crusellin peruskoulu,2016-09,2017-01,4,75.0,84.58701582845097,27.246376811594203,"{'alpha': 10.0, 'features': 8}"
development,harmonic_ridge,4320 Crusellin peruskoulu,2016-09,2017-02,5,88.0,81.96394880804331,27.246376811594203,"{'alpha': 10.0, 'features': 8}"
development,harmonic_ridge,4320 Crusellin peruskoulu,2016-09,2017-03,6,112.0,84.20422163807716,27.246376811594203,"{'alpha': 10.0, 'features': 8}"
development,seasonal_naive,4320 Crusellin peruskoulu,2016-12,2017-01,1,75.0,63.0,26.34722222222222,{'seasonalPeriod': 12}
development,seasonal_naive,4320 Crusellin peruskoulu,2016-12,2017-02,2,88.0,65.0,26.34722222222222,{'seasonalPeriod': 12}
development,seasonal_naive,4320 Crusellin peruskoulu,2016-12,2017-03,3,112.0,89.0,26.34722222222222,{'seasonalPeriod': 12}
development,seasonal_naive,4320 Crusellin peruskoulu,2016-12,2017-04,4,72.0,95.0,26.34722222222222,{'seasonalPeriod': 12}
development,seasonal_naive,4320 Crusellin peruskoulu,2016-12,2017-05,5,71.0,76.0,26.34722222222222,{'seasonalPeriod': 12}
development,seasonal_naive,4320 Crusellin peruskoulu,2016-12,2017-06,6,40.0,25.0,26.34722222222222,{'seasonalPeriod': 12}
development,ets,4320 Crusellin peruskoulu,2016-12,2017-01,1,75.0,73.51936214893627,26.34722222222222,"{'specification': 'ETS(A,Ad,A), deterministic grid', 'sse': 31467.537819761, 'alpha': 0.5, 'beta': 0.01, 'gamma': 0.4, 'phi': 0.9}"
development,ets,4320 Crusellin peruskoulu,2016-12,2017-02,2,88.0,76.9114072935481,26.34722222222222,"{'specification': 'ETS(A,Ad,A), deterministic grid', 'sse': 31467.537819761, 'alpha': 0.5, 'beta': 0.01, 'gamma': 0.4, 'phi': 0.9}"
development,ets,4320 Crusellin peruskoulu,2016-12,2017-03,3,112.0,109.00450108210299,26.34722222222222,"{'specification': 'ETS(A,Ad,A), deterministic grid', 'sse': 31467.537819761, 'alpha': 0.5, 'beta': 0.01, 'gamma': 0.4, 'phi': 0.9}"
development,ets,4320 Crusellin peruskoulu,2016-12,2017-04,4,72.0,100.06012773381072,26.34722222222222,"{'specification': 'ETS(A,Ad,A), deterministic grid', 'sse': 31467.537819761, 'alpha': 0.5, 'beta': 0.01, 'gamma': 0.4, 'phi': 0.9}"
development,ets,4320 Crusellin peruskoulu,2016-12,2017-05,5,71.0,95.90950547212165,26.34722222222222,"{'specification': 'ETS(A,Ad,A), deterministic grid', 'sse': 31467.537819761, 'alpha': 0.5, 'beta': 0.01, 'gamma': 0.4, 'phi': 0.9}"
development,ets,4320 Crusellin peruskoulu,2016-12,2017-06,6,40.0,28.99205991967618,26.34722222222222,"{'specification': 'ETS(A,Ad,A), deterministic grid', 'sse': 31467.537819761, 'alpha': 0.5, 'beta': 0.01, 'gamma': 0.4, 'phi': 0.9}"
development,sarima_paper,4320 Crusellin peruskoulu,2016-12,2017-01,1,75.0,68.67208256242067,26.34722222222222,"{'aic': 508.1871444307191, 'order': '(0, 1, 2)', 'seasonalOrder': '(0, 1, 1, 12)'}"
development,sarima_paper,4320 Crusellin peruskoulu,2016-12,2017-02,2,88.0,67.5867537881967,26.34722222222222,"{'aic': 508.1871444307191, 'order': '(0, 1, 2)', 'seasonalOrder': '(0, 1, 1, 12)'}"
development,sarima_paper,4320 Crusellin peruskoulu,2016-12,2017-03,3,112.0,98.62910084023876,26.34722222222222,"{'aic': 508.1871444307191, 'order': '(0, 1, 2)', 'seasonalOrder': '(0, 1, 1, 12)'}"
development,sarima_paper,4320 Crusellin peruskoulu,2016-12,2017-04,4,72.0,85.48685059697739,26.34722222222222,"{'aic': 508.1871444307191, 'order': '(0, 1, 2)', 'seasonalOrder': '(0, 1, 1, 12)'}"
development,sarima_paper,4320 Crusellin peruskoulu,2016-12,2017-05,5,71.0,83.6287623441504,26.34722222222222,"{'aic': 508.1871444307191, 'order': '(0, 1, 2)', 'seasonalOrder': '(0, 1, 1, 12)'}"
development,sarima_paper,4320 Crusellin peruskoulu,2016-12,2017-06,6,40.0,12.773866396555267,26.34722222222222,"{'aic': 508.1871444307191, 'order': '(0, 1, 2)', 'seasonalOrder': '(0, 1, 1, 12)'}"
development,harmonic_ridge,4320 Crusellin peruskoulu,2016-12,2017-01,1,75.0,71.01936698776964,26.34722222222222,"{'alpha': 10.0, 'features': 8}"
development,harmonic_ridge,4320 Crusellin peruskoulu,2016-12,2017-02,2,88.0,73.48854630757599,26.34722222222222,"{'alpha': 10.0, 'features': 8}"
development,harmonic_ridge,4320 Crusellin peruskoulu,2016-12,2017-03,3,112.0,78.59406061654123,26.34722222222222,"{'alpha': 10.0, 'features': 8}"
development,harmonic_ridge,4320 Crusellin peruskoulu,2016-12,2017-04,4,72.0,78.0695115078132,26.34722222222222,"{'alpha': 10.0, 'features': 8}"
development,harmonic_ridge,4320 Crusellin peruskoulu,2016-12,2017-05,5,71.0,69.2679720207621,26.34722222222222,"{'alpha': 10.0, 'features': 8}"
development,harmonic_ridge,4320 Crusellin peruskoulu,2016-12,2017-06,6,40.0,50.19481637527528,26.34722222222222,"{'alpha': 10.0, 'features': 8}"
development,seasonal_naive,4320 Crusellin peruskoulu,2017-03,2017-04,1,72.0,95.0,26.066666666666666,{'seasonalPeriod': 12}
development,seasonal_naive,4320 Crusellin peruskoulu,2017-03,2017-05,2,71.0,76.0,26.066666666666666,{'seasonalPeriod': 12}
development,seasonal_naive,4320 Crusellin peruskoulu,2017-03,2017-06,3,40.0,25.0,26.066666666666666,{'seasonalPeriod': 12}
development,seasonal_naive,4320 Crusellin peruskoulu,2017-03,2017-07,4,37.0,5.0,26.066666666666666,{'seasonalPeriod': 12}
development,seasonal_naive,4320 Crusellin peruskoulu,2017-03,2017-08,5,62.0,59.0,26.066666666666666,{'seasonalPeriod': 12}
development,seasonal_naive,4320 Crusellin peruskoulu,2017-03,2017-09,6,72.0,103.0,26.066666666666666,{'seasonalPeriod': 12}
development,ets,4320 Crusellin peruskoulu,2017-03,2017-04,1,72.0,104.5769314839444,26.066666666666666,"{'specification': 'ETS(A,Ad,A), deterministic grid', 'sse': 31585.52859135031, 'alpha': 0.5, 'beta': 0.01, 'gamma': 0.4, 'phi': 0.9}"
development,ets,4320 Crusellin peruskoulu,2017-03,2017-05,2,71.0,100.45681359672396,26.066666666666666,"{'specification': 'ETS(A,Ad,A), deterministic grid', 'sse': 31585.52859135031, 'alpha': 0.5, 'beta': 0.01, 'gamma': 0.4, 'phi': 0.9}"
development,ets,4320 Crusellin peruskoulu,2017-03,2017-06,3,40.0,33.56682198130025,26.066666666666666,"{'specification': 'ETS(A,Ad,A), deterministic grid', 'sse': 31585.52859135031, 'alpha': 0.5, 'beta': 0.01, 'gamma': 0.4, 'phi': 0.9}"
development,ets,4320 Crusellin peruskoulu,2017-03,2017-07,4,37.0,33.71264936641411,26.066666666666666,"{'specification': 'ETS(A,Ad,A), deterministic grid', 'sse': 31585.52859135031, 'alpha': 0.5, 'beta': 0.01, 'gamma': 0.4, 'phi': 0.9}"
development,ets,4320 Crusellin peruskoulu,2017-03,2017-08,5,62.0,63.43888809930233,26.066666666666666,"{'specification': 'ETS(A,Ad,A), deterministic grid', 'sse': 31585.52859135031, 'alpha': 0.5, 'beta': 0.01, 'gamma': 0.4, 'phi': 0.9}"
development,ets,4320 Crusellin peruskoulu,2017-03,2017-09,6,72.0,93.5323636722092,26.066666666666666,"{'specification': 'ETS(A,Ad,A), deterministic grid', 'sse': 31585.52859135031, 'alpha': 0.5, 'beta': 0.01, 'gamma': 0.4, 'phi': 0.9}"
development,sarima_paper,4320 Crusellin peruskoulu,2017-03,2017-04,1,72.0,96.75299321871199,26.066666666666666,"{'aic': 532.5086947286052, 'order': '(0, 1, 2)', 'seasonalOrder': '(0, 1, 1, 12)'}"
development,sarima_paper,4320 Crusellin peruskoulu,2017-03,2017-05,2,71.0,94.77332081163256,26.066666666666666,"{'aic': 532.5086947286052, 'order': '(0, 1, 2)', 'seasonalOrder': '(0, 1, 1, 12)'}"
development,sarima_paper,4320 Crusellin peruskoulu,2017-03,2017-06,3,40.0,23.91833417528003,26.066666666666666,"{'aic': 532.5086947286052, 'order': '(0, 1, 2)', 'seasonalOrder': '(0, 1, 1, 12)'}"
development,sarima_paper,4320 Crusellin peruskoulu,2017-03,2017-07,4,37.0,24.775094564317826,26.066666666666666,"{'aic': 532.5086947286052, 'order': '(0, 1, 2)', 'seasonalOrder': '(0, 1, 1, 12)'}"
development,sarima_paper,4320 Crusellin peruskoulu,2017-03,2017-08,5,62.0,61.63145405445859,26.066666666666666,"{'aic': 532.5086947286052, 'order': '(0, 1, 2)', 'seasonalOrder': '(0, 1, 1, 12)'}"
development,sarima_paper,4320 Crusellin peruskoulu,2017-03,2017-09,6,72.0,97.059322934113,26.066666666666666,"{'aic': 532.5086947286052, 'order': '(0, 1, 2)', 'seasonalOrder': '(0, 1, 1, 12)'}"
development,harmonic_ridge,4320 Crusellin peruskoulu,2017-03,2017-04,1,72.0,93.78517237630574,26.066666666666666,"{'alpha': 10.0, 'features': 8}"
development,harmonic_ridge,4320 Crusellin peruskoulu,2017-03,2017-05,2,71.0,77.0708885743977,26.066666666666666,"{'alpha': 10.0, 'features': 8}"
development,harmonic_ridge,4320 Crusellin peruskoulu,2017-03,2017-06,3,40.0,55.17997627051013,26.066666666666666,"{'alpha': 10.0, 'features': 8}"
development,harmonic_ridge,4320 Crusellin peruskoulu,2017-03,2017-07,4,37.0,43.80393423013367,26.066666666666666,"{'alpha': 10.0, 'features': 8}"
development,harmonic_ridge,4320 Crusellin peruskoulu,2017-03,2017-08,5,62.0,58.886864100800196,26.066666666666666,"{'alpha': 10.0, 'features': 8}"
development,harmonic_ridge,4320 Crusellin peruskoulu,2017-03,2017-09,6,72.0,81.32557144347312,26.066666666666666,"{'alpha': 10.0, 'features': 8}"
development,seasonal_naive,4320 Crusellin peruskoulu,2017-06,2017-07,1,37.0,5.0,25.615384615384617,{'seasonalPeriod': 12}
development,seasonal_naive,4320 Crusellin peruskoulu,2017-06,2017-08,2,62.0,59.0,25.615384615384617,{'seasonalPeriod': 12}
development,seasonal_naive,4320 Crusellin peruskoulu,2017-06,2017-09,3,72.0,103.0,25.615384615384617,{'seasonalPeriod': 12}
development,seasonal_naive,4320 Crusellin peruskoulu,2017-06,2017-10,4,76.0,70.0,25.615384615384617,{'seasonalPeriod': 12}
development,seasonal_naive,4320 Crusellin peruskoulu,2017-06,2017-11,5,94.0,94.0,25.615384615384617,{'seasonalPeriod': 12}
development,seasonal_naive,4320 Crusellin peruskoulu,2017-06,2017-12,6,82.0,61.0,25.615384615384617,{'seasonalPeriod': 12}
development,ets,4320 Crusellin peruskoulu,2017-06,2017-07,1,37.0,25.322584682254146,25.615384615384617,"{'specification': 'ETS(A,Ad,A), deterministic grid', 'sse': 33690.71528788441, 'alpha': 0.5, 'beta': 0.01, 'gamma': 0.4, 'phi': 0.9}"
development,ets,4320 Crusellin peruskoulu,2017-06,2017-08,2,62.0,55.01424759006484,25.615384615384617,"{'specification': 'ETS(A,Ad,A), deterministic grid', 'sse': 33690.71528788441, 'alpha': 0.5, 'beta': 0.01, 'gamma': 0.4, 'phi': 0.9}"
development,ets,4320 Crusellin peruskoulu,2017-06,2017-09,3,72.0,85.07660492040195,25.615384615384617,"{'specification': 'ETS(A,Ad,A), deterministic grid', 'sse': 33690.71528788441, 'alpha': 0.5, 'beta': 0.01, 'gamma': 0.4, 'phi': 0.9}"
development,ets,4320 Crusellin peruskoulu,2017-06,2017-10,4,76.0,75.41672314204494,25.615384615384617,"{'specification': 'ETS(A,Ad,A), deterministic grid', 'sse': 33690.71528788441, 'alpha': 0.5, 'beta': 0.01, 'gamma': 0.4, 'phi': 0.9}"
development,ets,4320 Crusellin peruskoulu,2017-06,2017-11,5,94.0,88.29095307690227,25.615384615384617,"{'specification': 'ETS(A,Ad,A), deterministic grid', 'sse': 33690.71528788441, 'alpha': 0.5, 'beta': 0.01, 'gamma': 0.4, 'phi': 0.9}"
development,ets,4320 Crusellin peruskoulu,2017-06,2017-12,6,82.0,56.99601257103653,25.615384615384617,"{'specification': 'ETS(A,Ad,A), deterministic grid', 'sse': 33690.71528788441, 'alpha': 0.5, 'beta': 0.01, 'gamma': 0.4, 'phi': 0.9}"
development,sarima_paper,4320 Crusellin peruskoulu,2017-06,2017-07,1,37.0,24.9900259055479,25.615384615384617,"{'aic': 560.4965693640254, 'order': '(0, 1, 2)', 'seasonalOrder': '(0, 1, 1, 12)'}"
development,sarima_paper,4320 Crusellin peruskoulu,2017-06,2017-08,2,62.0,59.48476856806761,25.615384615384617,"{'aic': 560.4965693640254, 'order': '(0, 1, 2)', 'seasonalOrder': '(0, 1, 1, 12)'}"
development,sarima_paper,4320 Crusellin peruskoulu,2017-06,2017-09,3,72.0,94.91260498244738,25.615384615384617,"{'aic': 560.4965693640254, 'order': '(0, 1, 2)', 'seasonalOrder': '(0, 1, 1, 12)'}"
development,sarima_paper,4320 Crusellin peruskoulu,2017-06,2017-10,4,76.0,88.48475363943956,25.615384615384617,"{'aic': 560.4965693640254, 'order': '(0, 1, 2)', 'seasonalOrder': '(0, 1, 1, 12)'}"
development,sarima_paper,4320 Crusellin peruskoulu,2017-06,2017-11,5,94.0,96.34114660911285,25.615384615384617,"{'aic': 560.4965693640254, 'order': '(0, 1, 2)', 'seasonalOrder': '(0, 1, 1, 12)'}"
development,sarima_paper,4320 Crusellin peruskoulu,2017-06,2017-12,6,82.0,65.341361026477,25.615384615384617,"{'aic': 560.4965693640254, 'order': '(0, 1, 2)', 'seasonalOrder': '(0, 1, 1, 12)'}"
development,harmonic_ridge,4320 Crusellin peruskoulu,2017-06,2017-07,1,37.0,36.94795811007348,25.615384615384617,"{'alpha': 10.0, 'features': 8}"
development,harmonic_ridge,4320 Crusellin peruskoulu,2017-06,2017-08,2,62.0,55.11814557287143,25.615384615384617,"{'alpha': 10.0, 'features': 8}"
development,harmonic_ridge,4320 Crusellin peruskoulu,2017-06,2017-09,3,72.0,78.80668455016016,25.615384615384617,"{'alpha': 10.0, 'features': 8}"
development,harmonic_ridge,4320 Crusellin peruskoulu,2017-06,2017-10,4,76.0,80.9712831768132,25.615384615384617,"{'alpha': 10.0, 'features': 8}"
development,harmonic_ridge,4320 Crusellin peruskoulu,2017-06,2017-11,5,94.0,90.05053475872302,25.615384615384617,"{'alpha': 10.0, 'features': 8}"
development,harmonic_ridge,4320 Crusellin peruskoulu,2017-06,2017-12,6,82.0,84.67704191948522,25.615384615384617,"{'alpha': 10.0, 'features': 8}"
development,seasonal_naive,4513 Aurinkolahden peruskoulu,2015-12,2016-01,1,123.0,140.0,22.2,{'seasonalPeriod': 12}
development,seasonal_naive,4513 Aurinkolahden peruskoulu,2015-12,2016-02,2,145.0,153.0,22.2,{'seasonalPeriod': 12}
development,seasonal_naive,4513 Aurinkolahden peruskoulu,2015-12,2016-03,3,237.0,175.0,22.2,{'seasonalPeriod': 12}
development,seasonal_naive,4513 Aurinkolahden peruskoulu,2015-12,2016-04,4,152.0,140.0,22.2,{'seasonalPeriod': 12}
development,seasonal_naive,4513 Aurinkolahden peruskoulu,2015-12,2016-05,5,129.0,149.0,22.2,{'seasonalPeriod': 12}
development,seasonal_naive,4513 Aurinkolahden peruskoulu,2015-12,2016-06,6,49.0,20.0,22.2,{'seasonalPeriod': 12}
development,ets,4513 Aurinkolahden peruskoulu,2015-12,2016-01,1,123.0,150.4884541405616,22.2,"{'specification': 'ETS(A,Ad,A), deterministic grid', 'sse': 35144.79854584558, 'alpha': 0.1, 'beta': 0.01, 'gamma': 0.4, 'phi': 0.9}"
development,ets,4513 Aurinkolahden peruskoulu,2015-12,2016-02,2,145.0,138.28567608007566,22.2,"{'specification': 'ETS(A,Ad,A), deterministic grid', 'sse': 35144.79854584558, 'alpha': 0.1, 'beta': 0.01, 'gamma': 0.4, 'phi': 0.9}"
development,ets,4513 Aurinkolahden peruskoulu,2015-12,2016-03,3,237.0,185.00240737469295,22.2,"{'specification': 'ETS(A,Ad,A), deterministic grid', 'sse': 35144.79854584558, 'alpha': 0.1, 'beta': 0.01, 'gamma': 0.4, 'phi': 0.9}"
development,ets,4513 Aurinkolahden peruskoulu,2015-12,2016-04,4,152.0,143.80586367046914,22.2,"{'specification': 'ETS(A,Ad,A), deterministic grid', 'sse': 35144.79854584558, 'alpha': 0.1, 'beta': 0.01, 'gamma': 0.4, 'phi': 0.9}"
development,ets,4513 Aurinkolahden peruskoulu,2015-12,2016-05,5,129.0,148.30523756655418,22.2,"{'specification': 'ETS(A,Ad,A), deterministic grid', 'sse': 35144.79854584558, 'alpha': 0.1, 'beta': 0.01, 'gamma': 0.4, 'phi': 0.9}"
development,ets,4513 Aurinkolahden peruskoulu,2015-12,2016-06,6,49.0,34.35990651068576,22.2,"{'specification': 'ETS(A,Ad,A), deterministic grid', 'sse': 35144.79854584558, 'alpha': 0.1, 'beta': 0.01, 'gamma': 0.4, 'phi': 0.9}"
development,sarima_paper,4513 Aurinkolahden peruskoulu,2015-12,2016-01,1,123.0,149.40659887399713,22.2,"{'aic': 408.2371523032941, 'order': '(0, 1, 2)', 'seasonalOrder': '(0, 1, 1, 12)'}"
development,sarima_paper,4513 Aurinkolahden peruskoulu,2015-12,2016-02,2,145.0,133.73065390413132,22.2,"{'aic': 408.2371523032941, 'order': '(0, 1, 2)', 'seasonalOrder': '(0, 1, 1, 12)'}"
development,sarima_paper,4513 Aurinkolahden peruskoulu,2015-12,2016-03,3,237.0,192.11607579315643,22.2,"{'aic': 408.2371523032941, 'order': '(0, 1, 2)', 'seasonalOrder': '(0, 1, 1, 12)'}"
development,sarima_paper,4513 Aurinkolahden peruskoulu,2015-12,2016-04,4,152.0,148.12106269366757,22.2,"{'aic': 408.2371523032941, 'order': '(0, 1, 2)', 'seasonalOrder': '(0, 1, 1, 12)'}"
development,sarima_paper,4513 Aurinkolahden peruskoulu,2015-12,2016-05,5,129.0,152.44859474660245,22.2,"{'aic': 408.2371523032941, 'order': '(0, 1, 2)', 'seasonalOrder': '(0, 1, 1, 12)'}"
development,sarima_paper,4513 Aurinkolahden peruskoulu,2015-12,2016-06,6,49.0,40.62211026844551,22.2,"{'aic': 408.2371523032941, 'order': '(0, 1, 2)', 'seasonalOrder': '(0, 1, 1, 12)'}"
development,harmonic_ridge,4513 Aurinkolahden peruskoulu,2015-12,2016-01,1,123.0,142.8209557084196,22.2,"{'alpha': 10.0, 'features': 8}"
development,harmonic_ridge,4513 Aurinkolahden peruskoulu,2015-12,2016-02,2,145.0,153.5190398487935,22.2,"{'alpha': 10.0, 'features': 8}"
development,harmonic_ridge,4513 Aurinkolahden peruskoulu,2015-12,2016-03,3,237.0,165.01519802685792,22.2,"{'alpha': 10.0, 'features': 8}"
development,harmonic_ridge,4513 Aurinkolahden peruskoulu,2015-12,2016-04,4,152.0,136.22571357992942,22.2,"{'alpha': 10.0, 'features': 8}"
development,harmonic_ridge,4513 Aurinkolahden peruskoulu,2015-12,2016-05,5,129.0,131.55311675151708,22.2,"{'alpha': 10.0, 'features': 8}"
development,harmonic_ridge,4513 Aurinkolahden peruskoulu,2015-12,2016-06,6,49.0,50.81919058948674,22.2,"{'alpha': 10.0, 'features': 8}"
development,seasonal_naive,4513 Aurinkolahden peruskoulu,2016-03,2016-04,1,152.0,140.0,22.523809523809526,{'seasonalPeriod': 12}
development,seasonal_naive,4513 Aurinkolahden peruskoulu,2016-03,2016-05,2,129.0,149.0,22.523809523809526,{'seasonalPeriod': 12}
development,seasonal_naive,4513 Aurinkolahden peruskoulu,2016-03,2016-06,3,49.0,20.0,22.523809523809526,{'seasonalPeriod': 12}
development,seasonal_naive,4513 Aurinkolahden peruskoulu,2016-03,2016-07,4,12.0,40.0,22.523809523809526,{'seasonalPeriod': 12}
development,seasonal_naive,4513 Aurinkolahden peruskoulu,2016-03,2016-08,5,99.0,120.0,22.523809523809526,{'seasonalPeriod': 12}
development,seasonal_naive,4513 Aurinkolahden peruskoulu,2016-03,2016-09,6,154.0,216.0,22.523809523809526,{'seasonalPeriod': 12}
development,ets,4513 Aurinkolahden peruskoulu,2016-03,2016-04,1,152.0,147.38705296564456,22.523809523809526,"{'specification': 'ETS(A,Ad,A), deterministic grid', 'sse': 38888.761166475684, 'alpha': 0.1, 'beta': 0.01, 'gamma': 0.4, 'phi': 0.9}"
development,ets,4513 Aurinkolahden peruskoulu,2016-03,2016-05,2,129.0,151.91891562434694,22.523809523809526,"{'specification': 'ETS(A,Ad,A), deterministic grid', 'sse': 38888.761166475684, 'alpha': 0.1, 'beta': 0.01, 'gamma': 0.4, 'phi': 0.9}"
development,ets,4513 Aurinkolahden peruskoulu,2016-03,2016-06,3,49.0,38.002824454834126,22.523809523809526,"{'specification': 'ETS(A,Ad,A), deterministic grid', 'sse': 38888.761166475684, 'alpha': 0.1, 'beta': 0.01, 'gamma': 0.4, 'phi': 0.9}"
development,ets,4513 Aurinkolahden peruskoulu,2016-03,2016-07,4,12.0,48.13265512548088,22.523809523809526,"{'specification': 'ETS(A,Ad,A), deterministic grid', 'sse': 38888.761166475684, 'alpha': 0.1, 'beta': 0.01, 'gamma': 0.4, 'phi': 0.9}"
development,ets,4513 Aurinkolahden peruskoulu,2016-03,2016-08,5,99.0,122.76222179105457,22.523809523809526,"{'specification': 'ETS(A,Ad,A), deterministic grid', 'sse': 38888.761166475684, 'alpha': 0.1, 'beta': 0.01, 'gamma': 0.4, 'phi': 0.9}"
development,ets,4513 Aurinkolahden peruskoulu,2016-03,2016-09,6,154.0,188.71522162383326,22.523809523809526,"{'specification': 'ETS(A,Ad,A), deterministic grid', 'sse': 38888.761166475684, 'alpha': 0.1, 'beta': 0.01, 'gamma': 0.4, 'phi': 0.9}"
development,sarima_paper,4513 Aurinkolahden peruskoulu,2016-03,2016-04,1,152.0,150.71625348205515,22.523809523809526,"{'aic': 439.0381076018353, 'order': '(0, 1, 2)', 'seasonalOrder': '(0, 1, 1, 12)'}"
development,sarima_paper,4513 Aurinkolahden peruskoulu,2016-03,2016-05,2,129.0,159.5350147663449,22.523809523809526,"{'aic': 439.0381076018353, 'order': '(0, 1, 2)', 'seasonalOrder': '(0, 1, 1, 12)'}"
development,sarima_paper,4513 Aurinkolahden peruskoulu,2016-03,2016-06,3,49.0,47.70910989767229,22.523809523809526,"{'aic': 439.0381076018353, 'order': '(0, 1, 2)', 'seasonalOrder': '(0, 1, 1, 12)'}"
development,sarima_paper,4513 Aurinkolahden peruskoulu,2016-03,2016-07,4,12.0,49.207575774336206,22.523809523809526,"{'aic': 439.0381076018353, 'order': '(0, 1, 2)', 'seasonalOrder': '(0, 1, 1, 12)'}"
development,sarima_paper,4513 Aurinkolahden peruskoulu,2016-03,2016-08,5,99.0,126.03835864048071,22.523809523809526,"{'aic': 439.0381076018353, 'order': '(0, 1, 2)', 'seasonalOrder': '(0, 1, 1, 12)'}"
development,sarima_paper,4513 Aurinkolahden peruskoulu,2016-03,2016-09,6,154.0,181.53661619906853,22.523809523809526,"{'aic': 439.0381076018353, 'order': '(0, 1, 2)', 'seasonalOrder': '(0, 1, 1, 12)'}"
development,harmonic_ridge,4513 Aurinkolahden peruskoulu,2016-03,2016-04,1,152.0,148.80893849647148,22.523809523809526,"{'alpha': 10.0, 'features': 8}"
development,harmonic_ridge,4513 Aurinkolahden peruskoulu,2016-03,2016-05,2,129.0,129.19706408532886,22.523809523809526,"{'alpha': 10.0, 'features': 8}"
development,harmonic_ridge,4513 Aurinkolahden peruskoulu,2016-03,2016-06,3,49.0,43.111274736022565,22.523809523809526,"{'alpha': 10.0, 'features': 8}"
development,harmonic_ridge,4513 Aurinkolahden peruskoulu,2016-03,2016-07,4,12.0,56.34240050836833,22.523809523809526,"{'alpha': 10.0, 'features': 8}"
development,harmonic_ridge,4513 Aurinkolahden peruskoulu,2016-03,2016-08,5,99.0,118.36993577711327,22.523809523809526,"{'alpha': 10.0, 'features': 8}"
development,harmonic_ridge,4513 Aurinkolahden peruskoulu,2016-03,2016-09,6,154.0,193.37535186808543,22.523809523809526,"{'alpha': 10.0, 'features': 8}"
development,seasonal_naive,4513 Aurinkolahden peruskoulu,2016-06,2016-07,1,12.0,40.0,22.424242424242426,{'seasonalPeriod': 12}
development,seasonal_naive,4513 Aurinkolahden peruskoulu,2016-06,2016-08,2,99.0,120.0,22.424242424242426,{'seasonalPeriod': 12}
development,seasonal_naive,4513 Aurinkolahden peruskoulu,2016-06,2016-09,3,154.0,216.0,22.424242424242426,{'seasonalPeriod': 12}
development,seasonal_naive,4513 Aurinkolahden peruskoulu,2016-06,2016-10,4,121.0,144.0,22.424242424242426,{'seasonalPeriod': 12}
development,seasonal_naive,4513 Aurinkolahden peruskoulu,2016-06,2016-11,5,147.0,159.0,22.424242424242426,{'seasonalPeriod': 12}
development,seasonal_naive,4513 Aurinkolahden peruskoulu,2016-06,2016-12,6,132.0,121.0,22.424242424242426,{'seasonalPeriod': 12}
development,ets,4513 Aurinkolahden peruskoulu,2016-06,2016-07,1,12.0,47.527123559688846,22.424242424242426,"{'specification': 'ETS(A,Ad,A), deterministic grid', 'sse': 39622.95583942766, 'alpha': 0.1, 'beta': 0.01, 'gamma': 0.4, 'phi': 0.9}"
development,ets,4513 Aurinkolahden peruskoulu,2016-06,2016-08,2,99.0,122.15310843453744,22.424242424242426,"{'specification': 'ETS(A,Ad,A), deterministic grid', 'sse': 39622.95583942766, 'alpha': 0.1, 'beta': 0.01, 'gamma': 0.4, 'phi': 0.9}"
development,ets,4513 Aurinkolahden peruskoulu,2016-06,2016-09,3,154.0,188.10288465566347,22.424242424242426,"{'specification': 'ETS(A,Ad,A), deterministic grid', 'sse': 39622.95583942766, 'alpha': 0.1, 'beta': 0.01, 'gamma': 0.4, 'phi': 0.9}"
development,ets,4513 Aurinkolahden peruskoulu,2016-06,2016-10,4,121.0,151.42210341512373,22.424242424242426,"{'specification': 'ETS(A,Ad,A), deterministic grid', 'sse': 39622.95583942766, 'alpha': 0.1, 'beta': 0.01, 'gamma': 0.4, 'phi': 0.9}"
development,ets,4513 Aurinkolahden peruskoulu,2016-06,2016-11,5,147.0,167.01588152908806,22.424242424242426,"{'specification': 'ETS(A,Ad,A), deterministic grid', 'sse': 39622.95583942766, 'alpha': 0.1, 'beta': 0.01, 'gamma': 0.4, 'phi': 0.9}"
development,ets,4513 Aurinkolahden peruskoulu,2016-06,2016-12,6,132.0,123.46534841614783,22.424242424242426,"{'specification': 'ETS(A,Ad,A), deterministic grid', 'sse': 39622.95583942766, 'alpha': 0.1, 'beta': 0.01, 'gamma': 0.4, 'phi': 0.9}"
development,sarima_paper,4513 Aurinkolahden peruskoulu,2016-06,2016-07,1,12.0,43.67667184510859,22.424242424242426,"{'aic': 465.01529291135705, 'order': '(0, 1, 2)', 'seasonalOrder': '(0, 1, 1, 12)'}"
development,sarima_paper,4513 Aurinkolahden peruskoulu,2016-06,2016-08,2,99.0,120.88735820651723,22.424242424242426,"{'aic': 465.01529291135705, 'order': '(0, 1, 2)', 'seasonalOrder': '(0, 1, 1, 12)'}"
development,sarima_paper,4513 Aurinkolahden peruskoulu,2016-06,2016-09,3,154.0,176.3856258728684,22.424242424242426,"{'aic': 465.01529291135705, 'order': '(0, 1, 2)', 'seasonalOrder': '(0, 1, 1, 12)'}"
development,sarima_paper,4513 Aurinkolahden peruskoulu,2016-06,2016-10,4,121.0,154.22271284492479,22.424242424242426,"{'aic': 465.01529291135705, 'order': '(0, 1, 2)', 'seasonalOrder': '(0, 1, 1, 12)'}"
development,sarima_paper,4513 Aurinkolahden peruskoulu,2016-06,2016-11,5,147.0,169.05311201824696,22.424242424242426,"{'aic': 465.01529291135705, 'order': '(0, 1, 2)', 'seasonalOrder': '(0, 1, 1, 12)'}"
development,sarima_paper,4513 Aurinkolahden peruskoulu,2016-06,2016-12,6,132.0,128.71861231027657,22.424242424242426,"{'aic': 465.01529291135705, 'order': '(0, 1, 2)', 'seasonalOrder': '(0, 1, 1, 12)'}"
development,harmonic_ridge,4513 Aurinkolahden peruskoulu,2016-06,2016-07,1,12.0,57.35939479118083,22.424242424242426,"{'alpha': 10.0, 'features': 8}"
development,harmonic_ridge,4513 Aurinkolahden peruskoulu,2016-06,2016-08,2,99.0,118.28909121383487,22.424242424242426,"{'alpha': 10.0, 'features': 8}"
development,harmonic_ridge,4513 Aurinkolahden peruskoulu,2016-06,2016-09,3,154.0,192.48913957628835,22.424242424242426,"{'alpha': 10.0, 'features': 8}"
development,harmonic_ridge,4513 Aurinkolahden peruskoulu,2016-06,2016-10,4,121.0,152.60254951531994,22.424242424242426,"{'alpha': 10.0, 'features': 8}"
development,harmonic_ridge,4513 Aurinkolahden peruskoulu,2016-06,2016-11,5,147.0,151.14182384620685,22.424242424242426,"{'alpha': 10.0, 'features': 8}"
development,harmonic_ridge,4513 Aurinkolahden peruskoulu,2016-06,2016-12,6,132.0,130.87375999026693,22.424242424242426,"{'alpha': 10.0, 'features': 8}"
development,seasonal_naive,4513 Aurinkolahden peruskoulu,2016-09,2016-10,1,121.0,144.0,23.057971014492754,{'seasonalPeriod': 12}
development,seasonal_naive,4513 Aurinkolahden peruskoulu,2016-09,2016-11,2,147.0,159.0,23.057971014492754,{'seasonalPeriod': 12}
development,seasonal_naive,4513 Aurinkolahden peruskoulu,2016-09,2016-12,3,132.0,121.0,23.057971014492754,{'seasonalPeriod': 12}
development,seasonal_naive,4513 Aurinkolahden peruskoulu,2016-09,2017-01,4,118.0,123.0,23.057971014492754,{'seasonalPeriod': 12}
development,seasonal_naive,4513 Aurinkolahden peruskoulu,2016-09,2017-02,5,106.0,145.0,23.057971014492754,{'seasonalPeriod': 12}
development,seasonal_naive,4513 Aurinkolahden peruskoulu,2016-09,2017-03,6,159.0,237.0,23.057971014492754,{'seasonalPeriod': 12}
development,ets,4513 Aurinkolahden peruskoulu,2016-09,2016-10,1,121.0,142.9152760493331,23.057971014492754,"{'specification': 'ETS(A,Ad,A), deterministic grid', 'sse': 42081.15882723481, 'alpha': 0.1, 'beta': 0.01, 'gamma': 0.4, 'phi': 0.9}"
development,ets,4513 Aurinkolahden peruskoulu,2016-09,2016-11,2,147.0,158.44838231472497,23.057971014492754,"{'specification': 'ETS(A,Ad,A), deterministic grid', 'sse': 42081.15882723481, 'alpha': 0.1, 'beta': 0.01, 'gamma': 0.4, 'phi': 0.9}"
development,ets,4513 Aurinkolahden peruskoulu,2016-09,2016-12,3,132.0,114.84324453806951,23.057971014492754,"{'specification': 'ETS(A,Ad,A), deterministic grid', 'sse': 42081.15882723481, 'alpha': 0.1, 'beta': 0.01, 'gamma': 0.4, 'phi': 0.9}"
development,ets,4513 Aurinkolahden peruskoulu,2016-09,2017-01,4,118.0,135.3679204712504,23.057971014492754,"{'specification': 'ETS(A,Ad,A), deterministic grid', 'sse': 42081.15882723481, 'alpha': 0.1, 'beta': 0.01, 'gamma': 0.4, 'phi': 0.9}"
development,ets,4513 Aurinkolahden peruskoulu,2016-09,2017-02,5,106.0,136.41422029829107,23.057971014492754,"{'specification': 'ETS(A,Ad,A), deterministic grid', 'sse': 42081.15882723481, 'alpha': 0.1, 'beta': 0.01, 'gamma': 0.4, 'phi': 0.9}"
development,ets,4513 Aurinkolahden peruskoulu,2016-09,2017-03,6,159.0,199.04013361543355,23.057971014492754,"{'specification': 'ETS(A,Ad,A), deterministic grid', 'sse': 42081.15882723481, 'alpha': 0.1, 'beta': 0.01, 'gamma': 0.4, 'phi': 0.9}"
development,sarima_paper,4513 Aurinkolahden peruskoulu,2016-09,2016-10,1,121.0,145.04544738179266,23.057971014492754,"{'aic': 492.38844245671066, 'order': '(0, 1, 2)', 'seasonalOrder': '(0, 1, 1, 12)'}"
development,sarima_paper,4513 Aurinkolahden peruskoulu,2016-09,2016-11,2,147.0,159.1703220556491,23.057971014492754,"{'aic': 492.38844245671066, 'order': '(0, 1, 2)', 'seasonalOrder': '(0, 1, 1, 12)'}"
development,sarima_paper,4513 Aurinkolahden peruskoulu,2016-09,2016-12,3,132.0,118.83597519979836,23.057971014492754,"{'aic': 492.38844245671066, 'order': '(0, 1, 2)', 'seasonalOrder': '(0, 1, 1, 12)'}"
development,sarima_paper,4513 Aurinkolahden peruskoulu,2016-09,2017-01,4,118.0,136.84411381442072,23.057971014492754,"{'aic': 492.38844245671066, 'order': '(0, 1, 2)', 'seasonalOrder': '(0, 1, 1, 12)'}"
development,sarima_paper,4513 Aurinkolahden peruskoulu,2016-09,2017-02,5,106.0,128.71785536663188,23.057971014492754,"{'aic': 492.38844245671066, 'order': '(0, 1, 2)', 'seasonalOrder': '(0, 1, 1, 12)'}"
development,sarima_paper,4513 Aurinkolahden peruskoulu,2016-09,2017-03,6,159.0,191.77353602291743,23.057971014492754,"{'aic': 492.38844245671066, 'order': '(0, 1, 2)', 'seasonalOrder': '(0, 1, 1, 12)'}"
development,harmonic_ridge,4513 Aurinkolahden peruskoulu,2016-09,2016-10,1,121.0,151.68671048959197,23.057971014492754,"{'alpha': 10.0, 'features': 8}"
development,harmonic_ridge,4513 Aurinkolahden peruskoulu,2016-09,2016-11,2,147.0,154.64053468396054,23.057971014492754,"{'alpha': 10.0, 'features': 8}"
development,harmonic_ridge,4513 Aurinkolahden peruskoulu,2016-09,2016-12,3,132.0,133.70374029697797,23.057971014492754,"{'alpha': 10.0, 'features': 8}"
development,harmonic_ridge,4513 Aurinkolahden peruskoulu,2016-09,2017-01,4,118.0,135.63163700302943,23.057971014492754,"{'alpha': 10.0, 'features': 8}"
development,harmonic_ridge,4513 Aurinkolahden peruskoulu,2016-09,2017-02,5,106.0,150.3575472502361,23.057971014492754,"{'alpha': 10.0, 'features': 8}"
development,harmonic_ridge,4513 Aurinkolahden peruskoulu,2016-09,2017-03,6,159.0,205.6355550242388,23.057971014492754,"{'alpha': 10.0, 'features': 8}"
development,seasonal_naive,4513 Aurinkolahden peruskoulu,2016-12,2017-01,1,118.0,123.0,22.73611111111111,{'seasonalPeriod': 12}
development,seasonal_naive,4513 Aurinkolahden peruskoulu,2016-12,2017-02,2,106.0,145.0,22.73611111111111,{'seasonalPeriod': 12}
development,seasonal_naive,4513 Aurinkolahden peruskoulu,2016-12,2017-03,3,159.0,237.0,22.73611111111111,{'seasonalPeriod': 12}
development,seasonal_naive,4513 Aurinkolahden peruskoulu,2016-12,2017-04,4,137.0,152.0,22.73611111111111,{'seasonalPeriod': 12}
development,seasonal_naive,4513 Aurinkolahden peruskoulu,2016-12,2017-05,5,125.0,129.0,22.73611111111111,{'seasonalPeriod': 12}
development,seasonal_naive,4513 Aurinkolahden peruskoulu,2016-12,2017-06,6,35.0,49.0,22.73611111111111,{'seasonalPeriod': 12}
development,ets,4513 Aurinkolahden peruskoulu,2016-12,2017-01,1,118.0,134.23349739447755,22.73611111111111,"{'specification': 'ETS(A,Ad,A), deterministic grid', 'sse': 43059.57511518409, 'alpha': 0.1, 'beta': 0.01, 'gamma': 0.4, 'phi': 0.9}"
development,ets,4513 Aurinkolahden peruskoulu,2016-12,2017-02,2,106.0,135.27514214604082,22.73611111111111,"{'specification': 'ETS(A,Ad,A), deterministic grid', 'sse': 43059.57511518409, 'alpha': 0.1, 'beta': 0.01, 'gamma': 0.4, 'phi': 0.9}"
development,ets,4513 Aurinkolahden peruskoulu,2016-12,2017-03,3,159.0,197.8968658952536,22.73611111111111,"{'specification': 'ETS(A,Ad,A), deterministic grid', 'sse': 43059.57511518409, 'alpha': 0.1, 'beta': 0.01, 'gamma': 0.4, 'phi': 0.9}"
development,ets,4513 Aurinkolahden peruskoulu,2016-12,2017-04,4,137.0,138.92565734397166,22.73611111111111,"{'specification': 'ETS(A,Ad,A), deterministic grid', 'sse': 43059.57511518409, 'alpha': 0.1, 'beta': 0.01, 'gamma': 0.4, 'phi': 0.9}"
development,ets,4513 Aurinkolahden peruskoulu,2016-12,2017-05,5,125.0,133.2971074972588,22.73611111111111,"{'specification': 'ETS(A,Ad,A), deterministic grid', 'sse': 43059.57511518409, 'alpha': 0.1, 'beta': 0.01, 'gamma': 0.4, 'phi': 0.9}"
development,ets,4513 Aurinkolahden peruskoulu,2016-12,2017-06,6,35.0,32.36563444379516,22.73611111111111,"{'specification': 'ETS(A,Ad,A), deterministic grid', 'sse': 43059.57511518409, 'alpha': 0.1, 'beta': 0.01, 'gamma': 0.4, 'phi': 0.9}"
development,sarima_paper,4513 Aurinkolahden peruskoulu,2016-12,2017-01,1,118.0,133.178379477079,22.73611111111111,"{'aic': 518.467272371783, 'order': '(0, 1, 2)', 'seasonalOrder': '(0, 1, 1, 12)'}"
development,sarima_paper,4513 Aurinkolahden peruskoulu,2016-12,2017-02,2,106.0,125.88066149860734,22.73611111111111,"{'aic': 518.467272371783, 'order': '(0, 1, 2)', 'seasonalOrder': '(0, 1, 1, 12)'}"
development,sarima_paper,4513 Aurinkolahden peruskoulu,2016-12,2017-03,3,159.0,188.86751503343882,22.73611111111111,"{'aic': 518.467272371783, 'order': '(0, 1, 2)', 'seasonalOrder': '(0, 1, 1, 12)'}"
development,sarima_paper,4513 Aurinkolahden peruskoulu,2016-12,2017-04,4,137.0,139.0145137860278,22.73611111111111,"{'aic': 518.467272371783, 'order': '(0, 1, 2)', 'seasonalOrder': '(0, 1, 1, 12)'}"
development,sarima_paper,4513 Aurinkolahden peruskoulu,2016-12,2017-05,5,125.0,139.43874190063082,22.73611111111111,"{'aic': 518.467272371783, 'order': '(0, 1, 2)', 'seasonalOrder': '(0, 1, 1, 12)'}"
development,sarima_paper,4513 Aurinkolahden peruskoulu,2016-12,2017-06,6,35.0,32.158515702421354,22.73611111111111,"{'aic': 518.467272371783, 'order': '(0, 1, 2)', 'seasonalOrder': '(0, 1, 1, 12)'}"
development,harmonic_ridge,4513 Aurinkolahden peruskoulu,2016-12,2017-01,1,118.0,138.30871046335383,22.73611111111111,"{'alpha': 10.0, 'features': 8}"
development,harmonic_ridge,4513 Aurinkolahden peruskoulu,2016-12,2017-02,2,106.0,151.40368906541644,22.73611111111111,"{'alpha': 10.0, 'features': 8}"
development,harmonic_ridge,4513 Aurinkolahden peruskoulu,2016-12,2017-03,3,159.0,206.20654947931013,22.73611111111111,"{'alpha': 10.0, 'features': 8}"
development,harmonic_ridge,4513 Aurinkolahden peruskoulu,2016-12,2017-04,4,137.0,153.7957273986256,22.73611111111111,"{'alpha': 10.0, 'features': 8}"
development,harmonic_ridge,4513 Aurinkolahden peruskoulu,2016-12,2017-05,5,125.0,121.74650696585694,22.73611111111111,"{'alpha': 10.0, 'features': 8}"
development,harmonic_ridge,4513 Aurinkolahden peruskoulu,2016-12,2017-06,6,35.0,64.64561033639595,22.73611111111111,"{'alpha': 10.0, 'features': 8}"
development,seasonal_naive,4513 Aurinkolahden peruskoulu,2017-03,2017-04,1,137.0,152.0,23.453333333333333,{'seasonalPeriod': 12}
development,seasonal_naive,4513 Aurinkolahden peruskoulu,2017-03,2017-05,2,125.0,129.0,23.453333333333333,{'seasonalPeriod': 12}
development,seasonal_naive,4513 Aurinkolahden peruskoulu,2017-03,2017-06,3,35.0,49.0,23.453333333333333,{'seasonalPeriod': 12}
development,seasonal_naive,4513 Aurinkolahden peruskoulu,2017-03,2017-07,4,4.0,12.0,23.453333333333333,{'seasonalPeriod': 12}
development,seasonal_naive,4513 Aurinkolahden peruskoulu,2017-03,2017-08,5,101.0,99.0,23.453333333333333,{'seasonalPeriod': 12}
development,seasonal_naive,4513 Aurinkolahden peruskoulu,2017-03,2017-09,6,148.0,154.0,23.453333333333333,{'seasonalPeriod': 12}
development,ets,4513 Aurinkolahden peruskoulu,2017-03,2017-04,1,137.0,130.97500832962194,23.453333333333333,"{'specification': 'ETS(A,Ad,A), deterministic grid', 'sse': 45274.21162866378, 'alpha': 0.1, 'beta': 0.01, 'gamma': 0.4, 'phi': 0.9}"
development,ets,4513 Aurinkolahden peruskoulu,2017-03,2017-05,2,125.0,125.28774987560166,23.453333333333333,"{'specification': 'ETS(A,Ad,A), deterministic grid', 'sse': 45274.21162866378, 'alpha': 0.1, 'beta': 0.01, 'gamma': 0.4, 'phi': 0.9}"
development,ets,4513 Aurinkolahden peruskoulu,2017-03,2017-06,3,35.0,24.303439075561357,23.453333333333333,"{'specification': 'ETS(A,Ad,A), deterministic grid', 'sse': 45274.21162866378, 'alpha': 0.1, 'beta': 0.01, 'gamma': 0.4, 'phi': 0.9}"
development,ets,4513 Aurinkolahden peruskoulu,2017-03,2017-07,4,4.0,16.890541534639638,23.453333333333333,"{'specification': 'ETS(A,Ad,A), deterministic grid', 'sse': 45274.21162866378, 'alpha': 0.1, 'beta': 0.01, 'gamma': 0.4, 'phi': 0.9}"
development,ets,4513 Aurinkolahden peruskoulu,2017-03,2017-08,5,101.0,97.16311536803235,23.453333333333333,"{'specification': 'ETS(A,Ad,A), deterministic grid', 'sse': 45274.21162866378, 'alpha': 0.1, 'beta': 0.01, 'gamma': 0.4, 'phi': 0.9}"
development,ets,4513 Aurinkolahden peruskoulu,2017-03,2017-09,6,148.0,159.80344585700513,23.453333333333333,"{'specification': 'ETS(A,Ad,A), deterministic grid', 'sse': 45274.21162866378, 'alpha': 0.1, 'beta': 0.01, 'gamma': 0.4, 'phi': 0.9}"
development,sarima_paper,4513 Aurinkolahden peruskoulu,2017-03,2017-04,1,137.0,127.39154761333272,23.453333333333333,"{'aic': 544.6465882291988, 'order': '(0, 1, 2)', 'seasonalOrder': '(0, 1, 1, 12)'}"
development,sarima_paper,4513 Aurinkolahden peruskoulu,2017-03,2017-05,2,125.0,125.92860619339284,23.453333333333333,"{'aic': 544.6465882291988, 'order': '(0, 1, 2)', 'seasonalOrder': '(0, 1, 1, 12)'}"
development,sarima_paper,4513 Aurinkolahden peruskoulu,2017-03,2017-06,3,35.0,18.648159541156684,23.453333333333333,"{'aic': 544.6465882291988, 'order': '(0, 1, 2)', 'seasonalOrder': '(0, 1, 1, 12)'}"
development,sarima_paper,4513 Aurinkolahden peruskoulu,2017-03,2017-07,4,4.0,14.647443717434527,23.453333333333333,"{'aic': 544.6465882291988, 'order': '(0, 1, 2)', 'seasonalOrder': '(0, 1, 1, 12)'}"
development,sarima_paper,4513 Aurinkolahden peruskoulu,2017-03,2017-08,5,101.0,92.93089246725363,23.453333333333333,"{'aic': 544.6465882291988, 'order': '(0, 1, 2)', 'seasonalOrder': '(0, 1, 1, 12)'}"
development,sarima_paper,4513 Aurinkolahden peruskoulu,2017-03,2017-09,6,148.0,148.3580979582022,23.453333333333333,"{'aic': 544.6465882291988, 'order': '(0, 1, 2)', 'seasonalOrder': '(0, 1, 1, 12)'}"
development,harmonic_ridge,4513 Aurinkolahden peruskoulu,2017-03,2017-04,1,137.0,151.75118356383993,23.453333333333333,"{'alpha': 10.0, 'features': 8}"
development,harmonic_ridge,4513 Aurinkolahden peruskoulu,2017-03,2017-05,2,125.0,127.9554779982532,23.453333333333333,"{'alpha': 10.0, 'features': 8}"
development,harmonic_ridge,4513 Aurinkolahden peruskoulu,2017-03,2017-06,3,35.0,70.11755686226063,23.453333333333333,"{'alpha': 10.0, 'features': 8}"
development,harmonic_ridge,4513 Aurinkolahden peruskoulu,2017-03,2017-07,4,4.0,40.919241439704635,23.453333333333333,"{'alpha': 10.0, 'features': 8}"
development,harmonic_ridge,4513 Aurinkolahden peruskoulu,2017-03,2017-08,5,101.0,94.52454154609927,23.453333333333333,"{'alpha': 10.0, 'features': 8}"
development,harmonic_ridge,4513 Aurinkolahden peruskoulu,2017-03,2017-09,6,148.0,143.9939263354966,23.453333333333333,"{'alpha': 10.0, 'features': 8}"
development,seasonal_naive,4513 Aurinkolahden peruskoulu,2017-06,2017-07,1,4.0,12.0,22.974358974358974,{'seasonalPeriod': 12}
development,seasonal_naive,4513 Aurinkolahden peruskoulu,2017-06,2017-08,2,101.0,99.0,22.974358974358974,{'seasonalPeriod': 12}
development,seasonal_naive,4513 Aurinkolahden peruskoulu,2017-06,2017-09,3,148.0,154.0,22.974358974358974,{'seasonalPeriod': 12}
development,seasonal_naive,4513 Aurinkolahden peruskoulu,2017-06,2017-10,4,111.0,121.0,22.974358974358974,{'seasonalPeriod': 12}
development,seasonal_naive,4513 Aurinkolahden peruskoulu,2017-06,2017-11,5,160.0,147.0,22.974358974358974,{'seasonalPeriod': 12}
development,seasonal_naive,4513 Aurinkolahden peruskoulu,2017-06,2017-12,6,103.0,132.0,22.974358974358974,{'seasonalPeriod': 12}
development,ets,4513 Aurinkolahden peruskoulu,2017-06,2017-07,1,4.0,18.443206851527748,22.974358974358974,"{'specification': 'ETS(A,Ad,A), deterministic grid', 'sse': 45414.82734843236, 'alpha': 0.1, 'beta': 0.01, 'gamma': 0.4, 'phi': 0.9}"
development,ets,4513 Aurinkolahden peruskoulu,2017-06,2017-08,2,101.0,98.72732178455271,22.974358974358974,"{'specification': 'ETS(A,Ad,A), deterministic grid', 'sse': 45414.82734843236, 'alpha': 0.1, 'beta': 0.01, 'gamma': 0.4, 'phi': 0.9}"
development,ets,4513 Aurinkolahden peruskoulu,2017-06,2017-09,3,148.0,161.37803926319452,22.974358974358974,"{'specification': 'ETS(A,Ad,A), deterministic grid', 'sse': 45414.82734843236, 'alpha': 0.1, 'beta': 0.01, 'gamma': 0.4, 'phi': 0.9}"
development,ets,4513 Aurinkolahden peruskoulu,2017-06,2017-10,4,111.0,127.00267470219737,22.974358974358974,"{'specification': 'ETS(A,Ad,A), deterministic grid', 'sse': 45414.82734843236, 'alpha': 0.1, 'beta': 0.01, 'gamma': 0.4, 'phi': 0.9}"
development,ets,4513 Aurinkolahden peruskoulu,2017-06,2017-11,5,160.0,147.0971601356257,22.974358974358974,"{'specification': 'ETS(A,Ad,A), deterministic grid', 'sse': 45414.82734843236, 'alpha': 0.1, 'beta': 0.01, 'gamma': 0.4, 'phi': 0.9}"
development,ets,4513 Aurinkolahden peruskoulu,2017-06,2017-12,6,103.0,114.12931424082754,22.974358974358974,"{'specification': 'ETS(A,Ad,A), deterministic grid', 'sse': 45414.82734843236, 'alpha': 0.1, 'beta': 0.01, 'gamma': 0.4, 'phi': 0.9}"
development,sarima_paper,4513 Aurinkolahden peruskoulu,2017-06,2017-07,1,4.0,18.609939222315433,22.974358974358974,"{'aic': 569.1828808384897, 'order': '(0, 1, 2)', 'seasonalOrder': '(0, 1, 1, 12)'}"
development,sarima_paper,4513 Aurinkolahden peruskoulu,2017-06,2017-08,2,101.0,97.95921700506283,22.974358974358974,"{'aic': 569.1828808384897, 'order': '(0, 1, 2)', 'seasonalOrder': '(0, 1, 1, 12)'}"
development,sarima_paper,4513 Aurinkolahden peruskoulu,2017-06,2017-09,3,148.0,153.3864664300565,22.974358974358974,"{'aic': 569.1828808384897, 'order': '(0, 1, 2)', 'seasonalOrder': '(0, 1, 1, 12)'}"
development,sarima_paper,4513 Aurinkolahden peruskoulu,2017-06,2017-10,4,111.0,129.67514139752035,22.974358974358974,"{'aic': 569.1828808384897, 'order': '(0, 1, 2)', 'seasonalOrder': '(0, 1, 1, 12)'}"
development,sarima_paper,4513 Aurinkolahden peruskoulu,2017-06,2017-11,5,160.0,146.1014739696137,22.974358974358974,"{'aic': 569.1828808384897, 'order': '(0, 1, 2)', 'seasonalOrder': '(0, 1, 1, 12)'}"
development,sarima_paper,4513 Aurinkolahden peruskoulu,2017-06,2017-12,6,103.0,109.38603277975768,22.974358974358974,"{'aic': 569.1828808384897, 'order': '(0, 1, 2)', 'seasonalOrder': '(0, 1, 1, 12)'}"
development,harmonic_ridge,4513 Aurinkolahden peruskoulu,2017-06,2017-07,1,4.0,34.8346028043222,22.974358974358974,"{'alpha': 10.0, 'features': 8}"
development,harmonic_ridge,4513 Aurinkolahden peruskoulu,2017-06,2017-08,2,101.0,95.23765358058087,22.974358974358974,"{'alpha': 10.0, 'features': 8}"
development,harmonic_ridge,4513 Aurinkolahden peruskoulu,2017-06,2017-09,3,148.0,146.0586001740729,22.974358974358974,"{'alpha': 10.0, 'features': 8}"
development,harmonic_ridge,4513 Aurinkolahden peruskoulu,2017-06,2017-10,4,111.0,133.06206594487242,22.974358974358974,"{'alpha': 10.0, 'features': 8}"
development,harmonic_ridge,4513 Aurinkolahden peruskoulu,2017-06,2017-11,5,160.0,142.9429115724068,22.974358974358974,"{'alpha': 10.0, 'features': 8}"
development,harmonic_ridge,4513 Aurinkolahden peruskoulu,2017-06,2017-12,6,103.0,137.04974151569024,22.974358974358974,"{'alpha': 10.0, 'features': 8}"
development,seasonal_naive,4521 Tammisalon korttelitalo/Lpk Tammisalo/koulu,2015-12,2016-01,1,64.0,109.0,21.616666666666667,{'seasonalPeriod': 12}
development,seasonal_naive,4521 Tammisalon korttelitalo/Lpk Tammisalo/koulu,2015-12,2016-02,2,64.0,88.0,21.616666666666667,{'seasonalPeriod': 12}
development,seasonal_naive,4521 Tammisalon korttelitalo/Lpk Tammisalo/koulu,2015-12,2016-03,3,88.0,111.0,21.616666666666667,{'seasonalPeriod': 12}
development,seasonal_naive,4521 Tammisalon korttelitalo/Lpk Tammisalo/koulu,2015-12,2016-04,4,96.0,130.0,21.616666666666667,{'seasonalPeriod': 12}
development,seasonal_naive,4521 Tammisalon korttelitalo/Lpk Tammisalo/koulu,2015-12,2016-05,5,53.0,103.0,21.616666666666667,{'seasonalPeriod': 12}
development,seasonal_naive,4521 Tammisalon korttelitalo/Lpk Tammisalo/koulu,2015-12,2016-06,6,47.0,44.0,21.616666666666667,{'seasonalPeriod': 12}
development,ets,4521 Tammisalon korttelitalo/Lpk Tammisalo/koulu,2015-12,2016-01,1,64.0,88.06049459836959,21.616666666666667,"{'specification': 'ETS(A,Ad,A), deterministic grid', 'sse': 57887.173631942824, 'alpha': 0.1, 'beta': 0.01, 'gamma': 0.4, 'phi': 0.98}"
development,ets,4521 Tammisalon korttelitalo/Lpk Tammisalo/koulu,2015-12,2016-02,2,64.0,81.2547897096052,21.616666666666667,"{'specification': 'ETS(A,Ad,A), deterministic grid', 'sse': 57887.173631942824, 'alpha': 0.1, 'beta': 0.01, 'gamma': 0.4, 'phi': 0.98}"
development,ets,4521 Tammisalon korttelitalo/Lpk Tammisalo/koulu,2015-12,2016-03,3,88.0,132.96910697815179,21.616666666666667,"{'specification': 'ETS(A,Ad,A), deterministic grid', 'sse': 57887.173631942824, 'alpha': 0.1, 'beta': 0.01, 'gamma': 0.4, 'phi': 0.98}"
development,ets,4521 Tammisalon korttelitalo/Lpk Tammisalo/koulu,2015-12,2016-04,4,96.0,110.07310580467237,21.616666666666667,"{'specification': 'ETS(A,Ad,A), deterministic grid', 'sse': 57887.173631942824, 'alpha': 0.1, 'beta': 0.01, 'gamma': 0.4, 'phi': 0.98}"
development,ets,4521 Tammisalon korttelitalo/Lpk Tammisalo/koulu,2015-12,2016-05,5,53.0,85.64701479766418,21.616666666666667,"{'specification': 'ETS(A,Ad,A), deterministic grid', 'sse': 57887.173631942824, 'alpha': 0.1, 'beta': 0.01, 'gamma': 0.4, 'phi': 0.98}"
development,ets,4521 Tammisalon korttelitalo/Lpk Tammisalo/koulu,2015-12,2016-06,6,47.0,40.181002982173936,21.616666666666667,"{'specification': 'ETS(A,Ad,A), deterministic grid', 'sse': 57887.173631942824, 'alpha': 0.1, 'beta': 0.01, 'gamma': 0.4, 'phi': 0.98}"
development,sarima_paper,4521 Tammisalon korttelitalo/Lpk Tammisalo/koulu,2015-12,2016-01,1,64.0,103.90241086297625,21.616666666666667,"{'aic': 436.49887433743197, 'order': '(0, 1, 2)', 'seasonalOrder': '(0, 1, 1, 12)'}"
development,sarima_paper,4521 Tammisalon korttelitalo/Lpk Tammisalo/koulu,2015-12,2016-02,2,64.0,93.38525672178291,21.616666666666667,"{'aic': 436.49887433743197, 'order': '(0, 1, 2)', 'seasonalOrder': '(0, 1, 1, 12)'}"
development,sarima_paper,4521 Tammisalon korttelitalo/Lpk Tammisalo/koulu,2015-12,2016-03,3,88.0,140.36588592215273,21.616666666666667,"{'aic': 436.49887433743197, 'order': '(0, 1, 2)', 'seasonalOrder': '(0, 1, 1, 12)'}"
development,sarima_paper,4521 Tammisalon korttelitalo/Lpk Tammisalo/koulu,2015-12,2016-04,4,96.0,119.7007874974423,21.616666666666667,"{'aic': 436.49887433743197, 'order': '(0, 1, 2)', 'seasonalOrder': '(0, 1, 1, 12)'}"
development,sarima_paper,4521 Tammisalon korttelitalo/Lpk Tammisalo/koulu,2015-12,2016-05,5,53.0,106.86729443734491,21.616666666666667,"{'aic': 436.49887433743197, 'order': '(0, 1, 2)', 'seasonalOrder': '(0, 1, 1, 12)'}"
development,sarima_paper,4521 Tammisalon korttelitalo/Lpk Tammisalo/koulu,2015-12,2016-06,6,47.0,67.37122737397853,21.616666666666667,"{'aic': 436.49887433743197, 'order': '(0, 1, 2)', 'seasonalOrder': '(0, 1, 1, 12)'}"
development,harmonic_ridge,4521 Tammisalon korttelitalo/Lpk Tammisalo/koulu,2015-12,2016-01,1,64.0,106.21010777007046,21.616666666666667,"{'alpha': 10.0, 'features': 8}"
development,harmonic_ridge,4521 Tammisalon korttelitalo/Lpk Tammisalo/koulu,2015-12,2016-02,2,64.0,109.99562166929762,21.616666666666667,"{'alpha': 10.0, 'features': 8}"
development,harmonic_ridge,4521 Tammisalon korttelitalo/Lpk Tammisalo/koulu,2015-12,2016-03,3,88.0,110.38134727291111,21.616666666666667,"{'alpha': 10.0, 'features': 8}"
development,harmonic_ridge,4521 Tammisalon korttelitalo/Lpk Tammisalo/koulu,2015-12,2016-04,4,96.0,108.2261059142017,21.616666666666667,"{'alpha': 10.0, 'features': 8}"
development,harmonic_ridge,4521 Tammisalon korttelitalo/Lpk Tammisalo/koulu,2015-12,2016-05,5,53.0,94.37033623127948,21.616666666666667,"{'alpha': 10.0, 'features': 8}"
development,harmonic_ridge,4521 Tammisalon korttelitalo/Lpk Tammisalo/koulu,2015-12,2016-06,6,47.0,70.42027554008324,21.616666666666667,"{'alpha': 10.0, 'features': 8}"
development,seasonal_naive,4521 Tammisalon korttelitalo/Lpk Tammisalo/koulu,2016-03,2016-04,1,96.0,130.0,22.047619047619047,{'seasonalPeriod': 12}
development,seasonal_naive,4521 Tammisalon korttelitalo/Lpk Tammisalo/koulu,2016-03,2016-05,2,53.0,103.0,22.047619047619047,{'seasonalPeriod': 12}
development,seasonal_naive,4521 Tammisalon korttelitalo/Lpk Tammisalo/koulu,2016-03,2016-06,3,47.0,44.0,22.047619047619047,{'seasonalPeriod': 12}
development,seasonal_naive,4521 Tammisalon korttelitalo/Lpk Tammisalo/koulu,2016-03,2016-07,4,12.0,3.0,22.047619047619047,{'seasonalPeriod': 12}
development,seasonal_naive,4521 Tammisalon korttelitalo/Lpk Tammisalo/koulu,2016-03,2016-08,5,55.0,72.0,22.047619047619047,{'seasonalPeriod': 12}
development,seasonal_naive,4521 Tammisalon korttelitalo/Lpk Tammisalo/koulu,2016-03,2016-09,6,65.0,70.0,22.047619047619047,{'seasonalPeriod': 12}
development,ets,4521 Tammisalon korttelitalo/Lpk Tammisalo/koulu,2016-03,2016-04,1,96.0,90.95445297863112,22.047619047619047,"{'specification': 'ETS(A,Ad,A), deterministic grid', 'sse': 59074.93072848016, 'alpha': 0.1, 'beta': 0.15, 'gamma': 0.2, 'phi': 0.9}"
development,ets,4521 Tammisalon korttelitalo/Lpk Tammisalo/koulu,2016-03,2016-05,2,53.0,69.83894755473361,22.047619047619047,"{'specification': 'ETS(A,Ad,A), deterministic grid', 'sse': 59074.93072848016, 'alpha': 0.1, 'beta': 0.15, 'gamma': 0.2, 'phi': 0.9}"
development,ets,4521 Tammisalon korttelitalo/Lpk Tammisalo/koulu,2016-03,2016-06,3,47.0,29.659927559297017,22.047619047619047,"{'specification': 'ETS(A,Ad,A), deterministic grid', 'sse': 59074.93072848016, 'alpha': 0.1, 'beta': 0.15, 'gamma': 0.2, 'phi': 0.9}"
development,ets,4521 Tammisalon korttelitalo/Lpk Tammisalo/koulu,2016-03,2016-07,4,12.0,7.040286539912273,22.047619047619047,"{'specification': 'ETS(A,Ad,A), deterministic grid', 'sse': 59074.93072848016, 'alpha': 0.1, 'beta': 0.15, 'gamma': 0.2, 'phi': 0.9}"
development,ets,4521 Tammisalon korttelitalo/Lpk Tammisalo/koulu,2016-03,2016-08,5,55.0,54.02286899862212,22.047619047619047,"{'specification': 'ETS(A,Ad,A), deterministic grid', 'sse': 59074.93072848016, 'alpha': 0.1, 'beta': 0.15, 'gamma': 0.2, 'phi': 0.9}"
development,ets,4521 Tammisalon korttelitalo/Lpk Tammisalo/koulu,2016-03,2016-09,6,65.0,79.23789759598318,22.047619047619047,"{'specification': 'ETS(A,Ad,A), deterministic grid', 'sse': 59074.93072848016, 'alpha': 0.1, 'beta': 0.15, 'gamma': 0.2, 'phi': 0.9}"
development,sarima_paper,4521 Tammisalon korttelitalo/Lpk Tammisalo/koulu,2016-03,2016-04,1,96.0,81.08497375782572,22.047619047619047,"{'aic': 465.45812985719573, 'order': '(0, 1, 2)', 'seasonalOrder': '(0, 1, 1, 12)'}"
development,sarima_paper,4521 Tammisalon korttelitalo/Lpk Tammisalo/koulu,2016-03,2016-05,2,53.0,82.66596895161508,22.047619047619047,"{'aic': 465.45812985719573, 'order': '(0, 1, 2)', 'seasonalOrder': '(0, 1, 1, 12)'}"
development,sarima_paper,4521 Tammisalon korttelitalo/Lpk Tammisalo/koulu,2016-03,2016-06,3,47.0,43.169494357907624,22.047619047619047,"{'aic': 465.45812985719573, 'order': '(0, 1, 2)', 'seasonalOrder': '(0, 1, 1, 12)'}"
development,sarima_paper,4521 Tammisalon korttelitalo/Lpk Tammisalo/koulu,2016-03,2016-07,4,12.0,13.839135617910712,22.047619047619047,"{'aic': 465.45812985719573, 'order': '(0, 1, 2)', 'seasonalOrder': '(0, 1, 1, 12)'}"
development,sarima_paper,4521 Tammisalon korttelitalo/Lpk Tammisalo/koulu,2016-03,2016-08,5,55.0,65.83400223812207,22.047619047619047,"{'aic': 465.45812985719573, 'order': '(0, 1, 2)', 'seasonalOrder': '(0, 1, 1, 12)'}"
development,sarima_paper,4521 Tammisalon korttelitalo/Lpk Tammisalo/koulu,2016-03,2016-09,6,65.0,91.4984077002268,22.047619047619047,"{'aic': 465.45812985719573, 'order': '(0, 1, 2)', 'seasonalOrder': '(0, 1, 1, 12)'}"
development,harmonic_ridge,4521 Tammisalon korttelitalo/Lpk Tammisalo/koulu,2016-03,2016-04,1,96.0,103.44784727576632,22.047619047619047,"{'alpha': 10.0, 'features': 8}"
development,harmonic_ridge,4521 Tammisalon korttelitalo/Lpk Tammisalo/koulu,2016-03,2016-05,2,53.0,91.69221394377665,22.047619047619047,"{'alpha': 10.0, 'features': 8}"
development,harmonic_ridge,4521 Tammisalon korttelitalo/Lpk Tammisalo/koulu,2016-03,2016-06,3,47.0,64.3214594772916,22.047619047619047,"{'alpha': 10.0, 'features': 8}"
development,harmonic_ridge,4521 Tammisalon korttelitalo/Lpk Tammisalo/koulu,2016-03,2016-07,4,12.0,44.69037578631617,22.047619047619047,"{'alpha': 10.0, 'features': 8}"
development,harmonic_ridge,4521 Tammisalon korttelitalo/Lpk Tammisalo/koulu,2016-03,2016-08,5,55.0,62.71480181391907,22.047619047619047,"{'alpha': 10.0, 'features': 8}"
development,harmonic_ridge,4521 Tammisalon korttelitalo/Lpk Tammisalo/koulu,2016-03,2016-09,6,65.0,75.9552415336089,22.047619047619047,"{'alpha': 10.0, 'features': 8}"
development,seasonal_naive,4521 Tammisalon korttelitalo/Lpk Tammisalo/koulu,2016-06,2016-07,1,12.0,3.0,22.363636363636363,{'seasonalPeriod': 12}
development,seasonal_naive,4521 Tammisalon korttelitalo/Lpk Tammisalo/koulu,2016-06,2016-08,2,55.0,72.0,22.363636363636363,{'seasonalPeriod': 12}
development,seasonal_naive,4521 Tammisalon korttelitalo/Lpk Tammisalo/koulu,2016-06,2016-09,3,65.0,70.0,22.363636363636363,{'seasonalPeriod': 12}
development,seasonal_naive,4521 Tammisalon korttelitalo/Lpk Tammisalo/koulu,2016-06,2016-10,4,67.0,81.0,22.363636363636363,{'seasonalPeriod': 12}
development,seasonal_naive,4521 Tammisalon korttelitalo/Lpk Tammisalo/koulu,2016-06,2016-11,5,60.0,88.0,22.363636363636363,{'seasonalPeriod': 12}
development,seasonal_naive,4521 Tammisalon korttelitalo/Lpk Tammisalo/koulu,2016-06,2016-12,6,46.0,81.0,22.363636363636363,{'seasonalPeriod': 12}
development,ets,4521 Tammisalon korttelitalo/Lpk Tammisalo/koulu,2016-06,2016-07,1,12.0,7.66210597932222,22.363636363636363,"{'specification': 'ETS(A,Ad,A), deterministic grid', 'sse': 59752.58169067967, 'alpha': 0.1, 'beta': 0.15, 'gamma': 0.2, 'phi': 0.9}"
development,ets,4521 Tammisalon korttelitalo/Lpk Tammisalo/koulu,2016-06,2016-08,2,55.0,54.73093831933585,22.363636363636363,"{'specification': 'ETS(A,Ad,A), deterministic grid', 'sse': 59752.58169067967, 'alpha': 0.1, 'beta': 0.15, 'gamma': 0.2, 'phi': 0.9}"
development,ets,4521 Tammisalon korttelitalo/Lpk Tammisalo/koulu,2016-06,2016-09,3,65.0,80.02359180987031,22.363636363636363,"{'specification': 'ETS(A,Ad,A), deterministic grid', 'sse': 59752.58169067967, 'alpha': 0.1, 'beta': 0.15, 'gamma': 0.2, 'phi': 0.9}"
development,ets,4521 Tammisalon korttelitalo/Lpk Tammisalo/koulu,2016-06,2016-10,4,67.0,82.59910891723672,22.363636363636363,"{'specification': 'ETS(A,Ad,A), deterministic grid', 'sse': 59752.58169067967, 'alpha': 0.1, 'beta': 0.15, 'gamma': 0.2, 'phi': 0.9}"
development,ets,4521 Tammisalon korttelitalo/Lpk Tammisalo/koulu,2016-06,2016-11,5,60.0,73.77360407808905,22.363636363636363,"{'specification': 'ETS(A,Ad,A), deterministic grid', 'sse': 59752.58169067967, 'alpha': 0.1, 'beta': 0.15, 'gamma': 0.2, 'phi': 0.9}"
development,ets,4521 Tammisalon korttelitalo/Lpk Tammisalo/koulu,2016-06,2016-12,6,46.0,57.618207838386645,22.363636363636363,"{'specification': 'ETS(A,Ad,A), deterministic grid', 'sse': 59752.58169067967, 'alpha': 0.1, 'beta': 0.15, 'gamma': 0.2, 'phi': 0.9}"
development,sarima_paper,4521 Tammisalon korttelitalo/Lpk Tammisalo/koulu,2016-06,2016-07,1,12.0,20.76717151874606,22.363636363636363,"{'aic': 493.7280924060931, 'order': '(0, 1, 2)', 'seasonalOrder': '(0, 1, 1, 12)'}"
development,sarima_paper,4521 Tammisalon korttelitalo/Lpk Tammisalo/koulu,2016-06,2016-08,2,55.0,65.04360481629686,22.363636363636363,"{'aic': 493.7280924060931, 'order': '(0, 1, 2)', 'seasonalOrder': '(0, 1, 1, 12)'}"
development,sarima_paper,4521 Tammisalon korttelitalo/Lpk Tammisalo/koulu,2016-06,2016-09,3,65.0,90.70837060289553,22.363636363636363,"{'aic': 493.7280924060931, 'order': '(0, 1, 2)', 'seasonalOrder': '(0, 1, 1, 12)'}"
development,sarima_paper,4521 Tammisalon korttelitalo/Lpk Tammisalo/koulu,2016-06,2016-10,4,67.0,98.87531785655294,22.363636363636363,"{'aic': 493.7280924060931, 'order': '(0, 1, 2)', 'seasonalOrder': '(0, 1, 1, 12)'}"
development,sarima_paper,4521 Tammisalon korttelitalo/Lpk Tammisalo/koulu,2016-06,2016-11,5,60.0,88.54279851033718,22.363636363636363,"{'aic': 493.7280924060931, 'order': '(0, 1, 2)', 'seasonalOrder': '(0, 1, 1, 12)'}"
development,sarima_paper,4521 Tammisalon korttelitalo/Lpk Tammisalo/koulu,2016-06,2016-12,6,46.0,68.54265052838777,22.363636363636363,"{'aic': 493.7280924060931, 'order': '(0, 1, 2)', 'seasonalOrder': '(0, 1, 1, 12)'}"
development,harmonic_ridge,4521 Tammisalon korttelitalo/Lpk Tammisalo/koulu,2016-06,2016-07,1,12.0,41.63531673647523,22.363636363636363,"{'alpha': 10.0, 'features': 8}"
development,harmonic_ridge,4521 Tammisalon korttelitalo/Lpk Tammisalo/koulu,2016-06,2016-08,2,55.0,61.773094752081334,22.363636363636363,"{'alpha': 10.0, 'features': 8}"
development,harmonic_ridge,4521 Tammisalon korttelitalo/Lpk Tammisalo/koulu,2016-06,2016-09,3,65.0,72.04157199397764,22.363636363636363,"{'alpha': 10.0, 'features': 8}"
development,harmonic_ridge,4521 Tammisalon korttelitalo/Lpk Tammisalo/koulu,2016-06,2016-10,4,67.0,79.17627895218892,22.363636363636363,"{'alpha': 10.0, 'features': 8}"
development,harmonic_ridge,4521 Tammisalon korttelitalo/Lpk Tammisalo/koulu,2016-06,2016-11,5,60.0,85.12748191048827,22.363636363636363,"{'alpha': 10.0, 'features': 8}"
development,harmonic_ridge,4521 Tammisalon korttelitalo/Lpk Tammisalo/koulu,2016-06,2016-12,6,46.0,87.58356431235812,22.363636363636363,"{'alpha': 10.0, 'features': 8}"
development,seasonal_naive,4521 Tammisalon korttelitalo/Lpk Tammisalo/koulu,2016-09,2016-10,1,67.0,81.0,21.840579710144926,{'seasonalPeriod': 12}
development,seasonal_naive,4521 Tammisalon korttelitalo/Lpk Tammisalo/koulu,2016-09,2016-11,2,60.0,88.0,21.840579710144926,{'seasonalPeriod': 12}
development,seasonal_naive,4521 Tammisalon korttelitalo/Lpk Tammisalo/koulu,2016-09,2016-12,3,46.0,81.0,21.840579710144926,{'seasonalPeriod': 12}
development,seasonal_naive,4521 Tammisalon korttelitalo/Lpk Tammisalo/koulu,2016-09,2017-01,4,43.0,64.0,21.840579710144926,{'seasonalPeriod': 12}
development,seasonal_naive,4521 Tammisalon korttelitalo/Lpk Tammisalo/koulu,2016-09,2017-02,5,55.0,64.0,21.840579710144926,{'seasonalPeriod': 12}
development,seasonal_naive,4521 Tammisalon korttelitalo/Lpk Tammisalo/koulu,2016-09,2017-03,6,64.0,88.0,21.840579710144926,{'seasonalPeriod': 12}
development,ets,4521 Tammisalon korttelitalo/Lpk Tammisalo/koulu,2016-09,2016-10,1,67.0,81.39937877117157,21.840579710144926,"{'specification': 'ETS(A,Ad,A), deterministic grid', 'sse': 60013.043199263804, 'alpha': 0.1, 'beta': 0.15, 'gamma': 0.2, 'phi': 0.9}"
development,ets,4521 Tammisalon korttelitalo/Lpk Tammisalo/koulu,2016-09,2016-11,2,60.0,72.42527249359702,21.840579710144926,"{'specification': 'ETS(A,Ad,A), deterministic grid', 'sse': 60013.043199263804, 'alpha': 0.1, 'beta': 0.15, 'gamma': 0.2, 'phi': 0.9}"
development,ets,4521 Tammisalon korttelitalo/Lpk Tammisalo/koulu,2016-09,2016-12,3,46.0,56.13613495931042,21.840579710144926,"{'specification': 'ETS(A,Ad,A), deterministic grid', 'sse': 60013.043199263804, 'alpha': 0.1, 'beta': 0.15, 'gamma': 0.2, 'phi': 0.9}"
development,ets,4521 Tammisalon korttelitalo/Lpk Tammisalo/koulu,2016-09,2017-01,4,43.0,59.13709611344867,21.840579710144926,"{'specification': 'ETS(A,Ad,A), deterministic grid', 'sse': 60013.043199263804, 'alpha': 0.1, 'beta': 0.15, 'gamma': 0.2, 'phi': 0.9}"
development,ets,4521 Tammisalon korttelitalo/Lpk Tammisalo/koulu,2016-09,2017-02,5,55.0,59.11448904049451,21.840579710144926,"{'specification': 'ETS(A,Ad,A), deterministic grid', 'sse': 60013.043199263804, 'alpha': 0.1, 'beta': 0.15, 'gamma': 0.2, 'phi': 0.9}"
development,ets,4521 Tammisalon korttelitalo/Lpk Tammisalo/koulu,2016-09,2017-03,6,64.0,91.60117521309886,21.840579710144926,"{'specification': 'ETS(A,Ad,A), deterministic grid', 'sse': 60013.043199263804, 'alpha': 0.1, 'beta': 0.15, 'gamma': 0.2, 'phi': 0.9}"
development,sarima_paper,4521 Tammisalon korttelitalo/Lpk Tammisalo/koulu,2016-09,2016-10,1,67.0,83.93841773905152,21.840579710144926,"{'aic': 520.0730505370854, 'order': '(0, 1, 2)', 'seasonalOrder': '(0, 1, 1, 12)'}"
development,sarima_paper,4521 Tammisalon korttelitalo/Lpk Tammisalo/koulu,2016-09,2016-11,2,60.0,80.48261272425364,21.840579710144926,"{'aic': 520.0730505370854, 'order': '(0, 1, 2)', 'seasonalOrder': '(0, 1, 1, 12)'}"
development,sarima_paper,4521 Tammisalon korttelitalo/Lpk Tammisalo/koulu,2016-09,2016-12,3,46.0,60.48256145568243,21.840579710144926,"{'aic': 520.0730505370854, 'order': '(0, 1, 2)', 'seasonalOrder': '(0, 1, 1, 12)'}"
development,sarima_paper,4521 Tammisalon korttelitalo/Lpk Tammisalo/koulu,2016-09,2017-01,4,43.0,72.64991382244557,21.840579710144926,"{'aic': 520.0730505370854, 'order': '(0, 1, 2)', 'seasonalOrder': '(0, 1, 1, 12)'}"
development,sarima_paper,4521 Tammisalon korttelitalo/Lpk Tammisalo/koulu,2016-09,2017-02,5,55.0,65.74658488157706,21.840579710144926,"{'aic': 520.0730505370854, 'order': '(0, 1, 2)', 'seasonalOrder': '(0, 1, 1, 12)'}"
development,sarima_paper,4521 Tammisalon korttelitalo/Lpk Tammisalo/koulu,2016-09,2017-03,6,64.0,108.19838425612869,21.840579710144926,"{'aic': 520.0730505370854, 'order': '(0, 1, 2)', 'seasonalOrder': '(0, 1, 1, 12)'}"
development,harmonic_ridge,4521 Tammisalon korttelitalo/Lpk Tammisalo/koulu,2016-09,2016-10,1,67.0,75.81557596373716,21.840579710144926,"{'alpha': 10.0, 'features': 8}"
development,harmonic_ridge,4521 Tammisalon korttelitalo/Lpk Tammisalo/koulu,2016-09,2016-11,2,60.0,81.7368867918371,21.840579710144926,"{'alpha': 10.0, 'features': 8}"
development,harmonic_ridge,4521 Tammisalon korttelitalo/Lpk Tammisalo/koulu,2016-09,2016-12,3,46.0,83.29288392230669,21.840579710144926,"{'alpha': 10.0, 'features': 8}"
development,harmonic_ridge,4521 Tammisalon korttelitalo/Lpk Tammisalo/koulu,2016-09,2017-01,4,43.0,79.8320349102404,21.840579710144926,"{'alpha': 10.0, 'features': 8}"
development,harmonic_ridge,4521 Tammisalon korttelitalo/Lpk Tammisalo/koulu,2016-09,2017-02,5,55.0,77.98031525158952,21.840579710144926,"{'alpha': 10.0, 'features': 8}"
development,harmonic_ridge,4521 Tammisalon korttelitalo/Lpk Tammisalo/koulu,2016-09,2017-03,6,64.0,81.42380639208103,21.840579710144926,"{'alpha': 10.0, 'features': 8}"
development,seasonal_naive,4521 Tammisalon korttelitalo/Lpk Tammisalo/koulu,2016-12,2017-01,1,43.0,64.0,22.0,{'seasonalPeriod': 12}
development,seasonal_naive,4521 Tammisalon korttelitalo/Lpk Tammisalo/koulu,2016-12,2017-02,2,55.0,64.0,22.0,{'seasonalPeriod': 12}
development,seasonal_naive,4521 Tammisalon korttelitalo/Lpk Tammisalo/koulu,2016-12,2017-03,3,64.0,88.0,22.0,{'seasonalPeriod': 12}
development,seasonal_naive,4521 Tammisalon korttelitalo/Lpk Tammisalo/koulu,2016-12,2017-04,4,55.0,96.0,22.0,{'seasonalPeriod': 12}
development,seasonal_naive,4521 Tammisalon korttelitalo/Lpk Tammisalo/koulu,2016-12,2017-05,5,60.0,53.0,22.0,{'seasonalPeriod': 12}
development,seasonal_naive,4521 Tammisalon korttelitalo/Lpk Tammisalo/koulu,2016-12,2017-06,6,58.0,47.0,22.0,{'seasonalPeriod': 12}
development,ets,4521 Tammisalon korttelitalo/Lpk Tammisalo/koulu,2016-12,2017-01,1,43.0,55.00838878375697,22.0,"{'specification': 'ETS(A,Ad,A), deterministic grid', 'sse': 60387.26931348473, 'alpha': 0.1, 'beta': 0.15, 'gamma': 0.2, 'phi': 0.9}"
development,ets,4521 Tammisalon korttelitalo/Lpk Tammisalo/koulu,2016-12,2017-02,2,55.0,54.63978097890951,22.0,"{'specification': 'ETS(A,Ad,A), deterministic grid', 'sse': 60387.26931348473, 'alpha': 0.1, 'beta': 0.15, 'gamma': 0.2, 'phi': 0.9}"
development,ets,4521 Tammisalon korttelitalo/Lpk Tammisalo/koulu,2016-12,2017-03,3,64.0,86.81506649280988,22.0,"{'specification': 'ETS(A,Ad,A), deterministic grid', 'sse': 60387.26931348473, 'alpha': 0.1, 'beta': 0.15, 'gamma': 0.2, 'phi': 0.9}"
development,ets,4521 Tammisalon korttelitalo/Lpk Tammisalo/koulu,2016-12,2017-04,4,55.0,76.85610598310691,22.0,"{'specification': 'ETS(A,Ad,A), deterministic grid', 'sse': 60387.26931348473, 'alpha': 0.1, 'beta': 0.15, 'gamma': 0.2, 'phi': 0.9}"
development,ets,4521 Tammisalon korttelitalo/Lpk Tammisalo/koulu,2016-12,2017-05,5,60.0,52.31995146315034,22.0,"{'specification': 'ETS(A,Ad,A), deterministic grid', 'sse': 60387.26931348473, 'alpha': 0.1, 'beta': 0.15, 'gamma': 0.2, 'phi': 0.9}"
development,ets,4521 Tammisalon korttelitalo/Lpk Tammisalo/koulu,2016-12,2017-06,6,58.0,19.19731620171806,22.0,"{'specification': 'ETS(A,Ad,A), deterministic grid', 'sse': 60387.26931348473, 'alpha': 0.1, 'beta': 0.15, 'gamma': 0.2, 'phi': 0.9}"
development,sarima_paper,4521 Tammisalon korttelitalo/Lpk Tammisalo/koulu,2016-12,2017-01,1,43.0,63.47492722353386,22.0,"{'aic': 546.1743189465335, 'order': '(0, 1, 2)', 'seasonalOrder': '(0, 1, 1, 12)'}"
development,sarima_paper,4521 Tammisalon korttelitalo/Lpk Tammisalo/koulu,2016-12,2017-02,2,55.0,57.91799758030293,22.0,"{'aic': 546.1743189465335, 'order': '(0, 1, 2)', 'seasonalOrder': '(0, 1, 1, 12)'}"
development,sarima_paper,4521 Tammisalon korttelitalo/Lpk Tammisalo/koulu,2016-12,2017-03,3,64.0,100.36748142405897,22.0,"{'aic': 546.1743189465335, 'order': '(0, 1, 2)', 'seasonalOrder': '(0, 1, 1, 12)'}"
development,sarima_paper,4521 Tammisalon korttelitalo/Lpk Tammisalo/koulu,2016-12,2017-04,4,55.0,83.79695063031782,22.0,"{'aic': 546.1743189465335, 'order': '(0, 1, 2)', 'seasonalOrder': '(0, 1, 1, 12)'}"
development,sarima_paper,4521 Tammisalon korttelitalo/Lpk Tammisalo/koulu,2016-12,2017-05,5,60.0,66.6542308161914,22.0,"{'aic': 546.1743189465335, 'order': '(0, 1, 2)', 'seasonalOrder': '(0, 1, 1, 12)'}"
development,sarima_paper,4521 Tammisalon korttelitalo/Lpk Tammisalo/koulu,2016-12,2017-06,6,58.0,31.942022180889612,22.0,"{'aic': 546.1743189465335, 'order': '(0, 1, 2)', 'seasonalOrder': '(0, 1, 1, 12)'}"
development,harmonic_ridge,4521 Tammisalon korttelitalo/Lpk Tammisalo/koulu,2016-12,2017-01,1,43.0,64.52829547362225,22.0,"{'alpha': 10.0, 'features': 8}"
development,harmonic_ridge,4521 Tammisalon korttelitalo/Lpk Tammisalo/koulu,2016-12,2017-02,2,55.0,73.46941989321961,22.0,"{'alpha': 10.0, 'features': 8}"
development,harmonic_ridge,4521 Tammisalon korttelitalo/Lpk Tammisalo/koulu,2016-12,2017-03,3,64.0,77.5356068291328,22.0,"{'alpha': 10.0, 'features': 8}"
development,harmonic_ridge,4521 Tammisalon korttelitalo/Lpk Tammisalo/koulu,2016-12,2017-04,4,55.0,73.19531450080149,22.0,"{'alpha': 10.0, 'features': 8}"
development,harmonic_ridge,4521 Tammisalon korttelitalo/Lpk Tammisalo/koulu,2016-12,2017-05,5,60.0,53.307915145252544,22.0,"{'alpha': 10.0, 'features': 8}"
development,harmonic_ridge,4521 Tammisalon korttelitalo/Lpk Tammisalo/koulu,2016-12,2017-06,6,58.0,41.601331771452706,22.0,"{'alpha': 10.0, 'features': 8}"
development,seasonal_naive,4521 Tammisalon korttelitalo/Lpk Tammisalo/koulu,2017-03,2017-04,1,55.0,96.0,21.84,{'seasonalPeriod': 12}
development,seasonal_naive,4521 Tammisalon korttelitalo/Lpk Tammisalo/koulu,2017-03,2017-05,2,60.0,53.0,21.84,{'seasonalPeriod': 12}
development,seasonal_naive,4521 Tammisalon korttelitalo/Lpk Tammisalo/koulu,2017-03,2017-06,3,58.0,47.0,21.84,{'seasonalPeriod': 12}
development,seasonal_naive,4521 Tammisalon korttelitalo/Lpk Tammisalo/koulu,2017-03,2017-07,4,12.0,12.0,21.84,{'seasonalPeriod': 12}
development,seasonal_naive,4521 Tammisalon korttelitalo/Lpk Tammisalo/koulu,2017-03,2017-08,5,44.0,55.0,21.84,{'seasonalPeriod': 12}
development,seasonal_naive,4521 Tammisalon korttelitalo/Lpk Tammisalo/koulu,2017-03,2017-09,6,94.0,65.0,21.84,{'seasonalPeriod': 12}
development,ets,4521 Tammisalon korttelitalo/Lpk Tammisalo/koulu,2017-03,2017-04,1,55.0,72.99200322212579,21.84,"{'specification': 'ETS(A,Ad,A), deterministic grid', 'sse': 60996.7671084843, 'alpha': 0.1, 'beta': 0.15, 'gamma': 0.2, 'phi': 0.9}"
development,ets,4521 Tammisalon korttelitalo/Lpk Tammisalo/koulu,2017-03,2017-05,2,60.0,48.095264243193434,21.84,"{'specification': 'ETS(A,Ad,A), deterministic grid', 'sse': 60996.7671084843, 'alpha': 0.1, 'beta': 0.15, 'gamma': 0.2, 'phi': 0.9}"
development,ets,4521 Tammisalon korttelitalo/Lpk Tammisalo/koulu,2017-03,2017-06,3,58.0,14.648102968682949,21.84,"{'specification': 'ETS(A,Ad,A), deterministic grid', 'sse': 60996.7671084843, 'alpha': 0.1, 'beta': 0.15, 'gamma': 0.2, 'phi': 0.9}"
development,ets,4521 Tammisalon korttelitalo/Lpk Tammisalo/koulu,2017-03,2017-07,4,12.0,0.0,21.84,"{'specification': 'ETS(A,Ad,A), deterministic grid', 'sse': 60996.7671084843, 'alpha': 0.1, 'beta': 0.15, 'gamma': 0.2, 'phi': 0.9}"
development,ets,4521 Tammisalon korttelitalo/Lpk Tammisalo/koulu,2017-03,2017-08,5,44.0,36.0098002703802,21.84,"{'specification': 'ETS(A,Ad,A), deterministic grid', 'sse': 60996.7671084843, 'alpha': 0.1, 'beta': 0.15, 'gamma': 0.2, 'phi': 0.9}"
development,ets,4521 Tammisalon korttelitalo/Lpk Tammisalo/koulu,2017-03,2017-09,6,94.0,58.63850490329739,21.84,"{'specification': 'ETS(A,Ad,A), deterministic grid', 'sse': 60996.7671084843, 'alpha': 0.1, 'beta': 0.15, 'gamma': 0.2, 'phi': 0.9}"
development,sarima_paper,4521 Tammisalon korttelitalo/Lpk Tammisalo/koulu,2017-03,2017-04,1,55.0,60.401801748144024,21.84,"{'aic': 573.9507835519354, 'order': '(0, 1, 2)', 'seasonalOrder': '(0, 1, 1, 12)'}"
development,sarima_paper,4521 Tammisalon korttelitalo/Lpk Tammisalo/koulu,2017-03,2017-05,2,60.0,54.13808526677995,21.84,"{'aic': 573.9507835519354, 'order': '(0, 1, 2)', 'seasonalOrder': '(0, 1, 1, 12)'}"
development,sarima_paper,4521 Tammisalon korttelitalo/Lpk Tammisalo/koulu,2017-03,2017-06,3,58.0,19.425799011668964,21.84,"{'aic': 573.9507835519354, 'order': '(0, 1, 2)', 'seasonalOrder': '(0, 1, 1, 12)'}"
development,sarima_paper,4521 Tammisalon korttelitalo/Lpk Tammisalo/koulu,2017-03,2017-07,4,12.0,0.0,21.84,"{'aic': 573.9507835519354, 'order': '(0, 1, 2)', 'seasonalOrder': '(0, 1, 1, 12)'}"
development,sarima_paper,4521 Tammisalon korttelitalo/Lpk Tammisalo/koulu,2017-03,2017-08,5,44.0,39.99580027608194,21.84,"{'aic': 573.9507835519354, 'order': '(0, 1, 2)', 'seasonalOrder': '(0, 1, 1, 12)'}"
development,sarima_paper,4521 Tammisalon korttelitalo/Lpk Tammisalo/koulu,2017-03,2017-09,6,94.0,63.42318407843513,21.84,"{'aic': 573.9507835519354, 'order': '(0, 1, 2)', 'seasonalOrder': '(0, 1, 1, 12)'}"
development,harmonic_ridge,4521 Tammisalon korttelitalo/Lpk Tammisalo/koulu,2017-03,2017-04,1,55.0,68.04197747925444,21.84,"{'alpha': 10.0, 'features': 8}"
development,harmonic_ridge,4521 Tammisalon korttelitalo/Lpk Tammisalo/koulu,2017-03,2017-05,2,60.0,49.620836698233575,21.84,"{'alpha': 10.0, 'features': 8}"
development,harmonic_ridge,4521 Tammisalon korttelitalo/Lpk Tammisalo/koulu,2017-03,2017-06,3,58.0,36.61910943679708,21.84,"{'alpha': 10.0, 'features': 8}"
development,harmonic_ridge,4521 Tammisalon korttelitalo/Lpk Tammisalo/koulu,2017-03,2017-07,4,12.0,23.57178139572936,21.84,"{'alpha': 10.0, 'features': 8}"
development,harmonic_ridge,4521 Tammisalon korttelitalo/Lpk Tammisalo/koulu,2017-03,2017-08,5,44.0,34.99607260214174,21.84,"{'alpha': 10.0, 'features': 8}"
development,harmonic_ridge,4521 Tammisalon korttelitalo/Lpk Tammisalo/koulu,2017-03,2017-09,6,94.0,46.16237023507512,21.84,"{'alpha': 10.0, 'features': 8}"
development,seasonal_naive,4521 Tammisalon korttelitalo/Lpk Tammisalo/koulu,2017-06,2017-07,1,12.0,12.0,21.756410256410255,{'seasonalPeriod': 12}
development,seasonal_naive,4521 Tammisalon korttelitalo/Lpk Tammisalo/koulu,2017-06,2017-08,2,44.0,55.0,21.756410256410255,{'seasonalPeriod': 12}
development,seasonal_naive,4521 Tammisalon korttelitalo/Lpk Tammisalo/koulu,2017-06,2017-09,3,94.0,65.0,21.756410256410255,{'seasonalPeriod': 12}
development,seasonal_naive,4521 Tammisalon korttelitalo/Lpk Tammisalo/koulu,2017-06,2017-10,4,93.0,67.0,21.756410256410255,{'seasonalPeriod': 12}
development,seasonal_naive,4521 Tammisalon korttelitalo/Lpk Tammisalo/koulu,2017-06,2017-11,5,71.0,60.0,21.756410256410255,{'seasonalPeriod': 12}
development,seasonal_naive,4521 Tammisalon korttelitalo/Lpk Tammisalo/koulu,2017-06,2017-12,6,117.0,46.0,21.756410256410255,{'seasonalPeriod': 12}
development,ets,4521 Tammisalon korttelitalo/Lpk Tammisalo/koulu,2017-06,2017-07,1,12.0,0.0,21.756410256410255,"{'specification': 'ETS(A,Ad,A), deterministic grid', 'sse': 63453.601378377825, 'alpha': 0.1, 'beta': 0.15, 'gamma': 0.2, 'phi': 0.9}"
development,ets,4521 Tammisalon korttelitalo/Lpk Tammisalo/koulu,2017-06,2017-08,2,44.0,40.81254439293241,21.756410256410255,"{'specification': 'ETS(A,Ad,A), deterministic grid', 'sse': 63453.601378377825, 'alpha': 0.1, 'beta': 0.15, 'gamma': 0.2, 'phi': 0.9}"
development,ets,4521 Tammisalon korttelitalo/Lpk Tammisalo/koulu,2017-06,2017-09,3,94.0,63.900609238993965,21.756410256410255,"{'specification': 'ETS(A,Ad,A), deterministic grid', 'sse': 63453.601378377825, 'alpha': 0.1, 'beta': 0.15, 'gamma': 0.2, 'phi': 0.9}"
development,ets,4521 Tammisalon korttelitalo/Lpk Tammisalo/koulu,2017-06,2017-10,4,93.0,67.17974578423727,21.756410256410255,"{'specification': 'ETS(A,Ad,A), deterministic grid', 'sse': 63453.601378377825, 'alpha': 0.1, 'beta': 0.15, 'gamma': 0.2, 'phi': 0.9}"
development,ets,4521 Tammisalon korttelitalo/Lpk Tammisalo/koulu,2017-06,2017-11,5,71.0,59.451700851196755,21.756410256410255,"{'specification': 'ETS(A,Ad,A), deterministic grid', 'sse': 63453.601378377825, 'alpha': 0.1, 'beta': 0.15, 'gamma': 0.2, 'phi': 0.9}"
development,ets,4521 Tammisalon korttelitalo/Lpk Tammisalo/koulu,2017-06,2017-12,6,117.0,44.363447095655005,21.756410256410255,"{'specification': 'ETS(A,Ad,A), deterministic grid', 'sse': 63453.601378377825, 'alpha': 0.1, 'beta': 0.15, 'gamma': 0.2, 'phi': 0.9}"
development,sarima_paper,4521 Tammisalon korttelitalo/Lpk Tammisalo/koulu,2017-06,2017-07,1,12.0,10.05481294888378,21.756410256410255,"{'aic': 601.0796674708463, 'order': '(0, 1, 2)', 'seasonalOrder': '(0, 1, 1, 12)'}"
development,sarima_paper,4521 Tammisalon korttelitalo/Lpk Tammisalo/koulu,2017-06,2017-08,2,44.0,49.51093754421968,21.756410256410255,"{'aic': 601.0796674708463, 'order': '(0, 1, 2)', 'seasonalOrder': '(0, 1, 1, 12)'}"
development,sarima_paper,4521 Tammisalon korttelitalo/Lpk Tammisalo/koulu,2017-06,2017-09,3,94.0,72.93822581856251,21.756410256410255,"{'aic': 601.0796674708463, 'order': '(0, 1, 2)', 'seasonalOrder': '(0, 1, 1, 12)'}"
development,sarima_paper,4521 Tammisalon korttelitalo/Lpk Tammisalo/koulu,2017-06,2017-10,4,93.0,80.22414637733365,21.756410256410255,"{'aic': 601.0796674708463, 'order': '(0, 1, 2)', 'seasonalOrder': '(0, 1, 1, 12)'}"
development,sarima_paper,4521 Tammisalon korttelitalo/Lpk Tammisalo/koulu,2017-06,2017-11,5,71.0,70.36749043046345,21.756410256410255,"{'aic': 601.0796674708463, 'order': '(0, 1, 2)', 'seasonalOrder': '(0, 1, 1, 12)'}"
development,sarima_paper,4521 Tammisalon korttelitalo/Lpk Tammisalo/koulu,2017-06,2017-12,6,117.0,51.224595328841815,21.756410256410255,"{'aic': 601.0796674708463, 'order': '(0, 1, 2)', 'seasonalOrder': '(0, 1, 1, 12)'}"
development,harmonic_ridge,4521 Tammisalon korttelitalo/Lpk Tammisalo/koulu,2017-06,2017-07,1,12.0,32.5957920031598,21.756410256410255,"{'alpha': 10.0, 'features': 8}"
development,harmonic_ridge,4521 Tammisalon korttelitalo/Lpk Tammisalo/koulu,2017-06,2017-08,2,44.0,36.293217748154696,21.756410256410255,"{'alpha': 10.0, 'features': 8}"
development,harmonic_ridge,4521 Tammisalon korttelitalo/Lpk Tammisalo/koulu,2017-06,2017-09,3,94.0,46.52288822224773,21.756410256410255,"{'alpha': 10.0, 'features': 8}"
development,harmonic_ridge,4521 Tammisalon korttelitalo/Lpk Tammisalo/koulu,2017-06,2017-10,4,93.0,54.14099760155649,21.756410256410255,"{'alpha': 10.0, 'features': 8}"
development,harmonic_ridge,4521 Tammisalon korttelitalo/Lpk Tammisalo/koulu,2017-06,2017-11,5,71.0,56.24560522020931,21.756410256410255,"{'alpha': 10.0, 'features': 8}"
development,harmonic_ridge,4521 Tammisalon korttelitalo/Lpk Tammisalo/koulu,2017-06,2017-12,6,117.0,54.48932614346998,21.756410256410255,"{'alpha': 10.0, 'features': 8}"
development,seasonal_naive,PORTFOLIO_TOTAL,2015-12,2016-01,1,942.0,1226.0,109.1,{'seasonalPeriod': 12}
development,seasonal_naive,PORTFOLIO_TOTAL,2015-12,2016-02,2,905.0,1149.0,109.1,{'seasonalPeriod': 12}
development,seasonal_naive,PORTFOLIO_TOTAL,2015-12,2016-03,3,1374.0,1616.0,109.1,{'seasonalPeriod': 12}
development,seasonal_naive,PORTFOLIO_TOTAL,2015-12,2016-04,4,1166.0,1340.0,109.1,{'seasonalPeriod': 12}
development,seasonal_naive,PORTFOLIO_TOTAL,2015-12,2016-05,5,937.0,1227.0,109.1,{'seasonalPeriod': 12}
development,seasonal_naive,PORTFOLIO_TOTAL,2015-12,2016-06,6,512.0,624.0,109.1,{'seasonalPeriod': 12}
development,ets,PORTFOLIO_TOTAL,2015-12,2016-01,1,942.0,1094.1923188338897,109.1,"{'specification': 'ETS(A,Ad,A), deterministic grid', 'sse': 959439.1702952555, 'alpha': 0.25, 'beta': 0.01, 'gamma': 0.4, 'phi': 0.9}"
development,ets,PORTFOLIO_TOTAL,2015-12,2016-02,2,905.0,998.8685663316552,109.1,"{'specification': 'ETS(A,Ad,A), deterministic grid', 'sse': 959439.1702952555, 'alpha': 0.25, 'beta': 0.01, 'gamma': 0.4, 'phi': 0.9}"
development,ets,PORTFOLIO_TOTAL,2015-12,2016-03,3,1374.0,1452.7394751316951,109.1,"{'specification': 'ETS(A,Ad,A), deterministic grid', 'sse': 959439.1702952555, 'alpha': 0.25, 'beta': 0.01, 'gamma': 0.4, 'phi': 0.9}"
development,ets,PORTFOLIO_TOTAL,2015-12,2016-04,4,1166.0,1240.4250968782735,109.1,"{'specification': 'ETS(A,Ad,A), deterministic grid', 'sse': 959439.1702952555, 'alpha': 0.25, 'beta': 0.01, 'gamma': 0.4, 'phi': 0.9}"
development,ets,PORTFOLIO_TOTAL,2015-12,2016-05,5,937.0,1174.261349710763,109.1,"{'specification': 'ETS(A,Ad,A), deterministic grid', 'sse': 959439.1702952555, 'alpha': 0.25, 'beta': 0.01, 'gamma': 0.4, 'phi': 0.9}"
development,ets,PORTFOLIO_TOTAL,2015-12,2016-06,6,512.0,442.4842520469863,109.1,"{'specification': 'ETS(A,Ad,A), deterministic grid', 'sse': 959439.1702952555, 'alpha': 0.25, 'beta': 0.01, 'gamma': 0.4, 'phi': 0.9}"
development,sarima_paper,PORTFOLIO_TOTAL,2015-12,2016-01,1,942.0,1080.006558180746,109.1,"{'aic': 554.0889856233504, 'order': '(0, 1, 2)', 'seasonalOrder': '(0, 1, 1, 12)'}"
development,sarima_paper,PORTFOLIO_TOTAL,2015-12,2016-02,2,905.0,988.3071111115106,109.1,"{'aic': 554.0889856233504, 'order': '(0, 1, 2)', 'seasonalOrder': '(0, 1, 1, 12)'}"
development,sarima_paper,PORTFOLIO_TOTAL,2015-12,2016-03,3,1374.0,1482.7922239794984,109.1,"{'aic': 554.0889856233504, 'order': '(0, 1, 2)', 'seasonalOrder': '(0, 1, 1, 12)'}"
development,sarima_paper,PORTFOLIO_TOTAL,2015-12,2016-04,4,1166.0,1215.9428442221238,109.1,"{'aic': 554.0889856233504, 'order': '(0, 1, 2)', 'seasonalOrder': '(0, 1, 1, 12)'}"
development,sarima_paper,PORTFOLIO_TOTAL,2015-12,2016-05,5,937.0,1122.8230188411212,109.1,"{'aic': 554.0889856233504, 'order': '(0, 1, 2)', 'seasonalOrder': '(0, 1, 1, 12)'}"
development,sarima_paper,PORTFOLIO_TOTAL,2015-12,2016-06,6,512.0,435.53228278708826,109.1,"{'aic': 554.0889856233504, 'order': '(0, 1, 2)', 'seasonalOrder': '(0, 1, 1, 12)'}"
development,harmonic_ridge,PORTFOLIO_TOTAL,2015-12,2016-01,1,942.0,1242.4340985000265,109.1,"{'alpha': 10.0, 'features': 8}"
development,harmonic_ridge,PORTFOLIO_TOTAL,2015-12,2016-02,2,905.0,1254.569292023176,109.1,"{'alpha': 10.0, 'features': 8}"
development,harmonic_ridge,PORTFOLIO_TOTAL,2015-12,2016-03,3,1374.0,1522.7889837326588,109.1,"{'alpha': 10.0, 'features': 8}"
development,harmonic_ridge,PORTFOLIO_TOTAL,2015-12,2016-04,4,1166.0,1313.3771324860436,109.1,"{'alpha': 10.0, 'features': 8}"
development,harmonic_ridge,PORTFOLIO_TOTAL,2015-12,2016-05,5,937.0,1153.805221955774,109.1,"{'alpha': 10.0, 'features': 8}"
development,harmonic_ridge,PORTFOLIO_TOTAL,2015-12,2016-06,6,512.0,721.176938728632,109.1,"{'alpha': 10.0, 'features': 8}"
development,seasonal_naive,PORTFOLIO_TOTAL,2016-03,2016-04,1,1166.0,1340.0,116.12698412698413,{'seasonalPeriod': 12}
development,seasonal_naive,PORTFOLIO_TOTAL,2016-03,2016-05,2,937.0,1227.0,116.12698412698413,{'seasonalPeriod': 12}
development,seasonal_naive,PORTFOLIO_TOTAL,2016-03,2016-06,3,512.0,624.0,116.12698412698413,{'seasonalPeriod': 12}
development,seasonal_naive,PORTFOLIO_TOTAL,2016-03,2016-07,4,490.0,618.0,116.12698412698413,{'seasonalPeriod': 12}
development,seasonal_naive,PORTFOLIO_TOTAL,2016-03,2016-08,5,907.0,940.0,116.12698412698413,{'seasonalPeriod': 12}
development,seasonal_naive,PORTFOLIO_TOTAL,2016-03,2016-09,6,1603.0,1368.0,116.12698412698413,{'seasonalPeriod': 12}
development,ets,PORTFOLIO_TOTAL,2016-03,2016-04,1,1166.0,1180.7721293313298,116.12698412698413,"{'specification': 'ETS(A,Ad,A), deterministic grid', 'sse': 986357.9034050473, 'alpha': 0.25, 'beta': 0.01, 'gamma': 0.4, 'phi': 0.9}"
development,ets,PORTFOLIO_TOTAL,2016-03,2016-05,2,937.0,1114.2048959304295,116.12698412698413,"{'specification': 'ETS(A,Ad,A), deterministic grid', 'sse': 986357.9034050473, 'alpha': 0.25, 'beta': 0.01, 'gamma': 0.4, 'phi': 0.9}"
development,ets,PORTFOLIO_TOTAL,2016-03,2016-06,3,512.0,382.0646606566022,116.12698412698413,"{'specification': 'ETS(A,Ad,A), deterministic grid', 'sse': 986357.9034050473, 'alpha': 0.25, 'beta': 0.01, 'gamma': 0.4, 'phi': 0.9}"
development,ets,PORTFOLIO_TOTAL,2016-03,2016-07,4,490.0,305.38710998912165,116.12698412698413,"{'specification': 'ETS(A,Ad,A), deterministic grid', 'sse': 986357.9034050473, 'alpha': 0.25, 'beta': 0.01, 'gamma': 0.4, 'phi': 0.9}"
development,ets,PORTFOLIO_TOTAL,2016-03,2016-08,5,907.0,862.3683936967311,116.12698412698413,"{'specification': 'ETS(A,Ad,A), deterministic grid', 'sse': 986357.9034050473, 'alpha': 0.25, 'beta': 0.01, 'gamma': 0.4, 'phi': 0.9}"
development,ets,PORTFOLIO_TOTAL,2016-03,2016-09,6,1603.0,1246.586655525097,116.12698412698413,"{'specification': 'ETS(A,Ad,A), deterministic grid', 'sse': 986357.9034050473, 'alpha': 0.25, 'beta': 0.01, 'gamma': 0.4, 'phi': 0.9}"
development,sarima_paper,PORTFOLIO_TOTAL,2016-03,2016-04,1,1166.0,1126.7756996608512,116.12698412698413,"{'aic': 589.5707001393475, 'order': '(0, 1, 2)', 'seasonalOrder': '(0, 1, 1, 12)'}"
development,sarima_paper,PORTFOLIO_TOTAL,2016-03,2016-05,2,937.0,1033.0541364175501,116.12698412698413,"{'aic': 589.5707001393475, 'order': '(0, 1, 2)', 'seasonalOrder': '(0, 1, 1, 12)'}"
development,sarima_paper,PORTFOLIO_TOTAL,2016-03,2016-06,3,512.0,357.285007556013,116.12698412698413,"{'aic': 589.5707001393475, 'order': '(0, 1, 2)', 'seasonalOrder': '(0, 1, 1, 12)'}"
development,sarima_paper,PORTFOLIO_TOTAL,2016-03,2016-07,4,490.0,360.03288757620913,116.12698412698413,"{'aic': 589.5707001393475, 'order': '(0, 1, 2)', 'seasonalOrder': '(0, 1, 1, 12)'}"
development,sarima_paper,PORTFOLIO_TOTAL,2016-03,2016-08,5,907.0,802.5482551511255,116.12698412698413,"{'aic': 589.5707001393475, 'order': '(0, 1, 2)', 'seasonalOrder': '(0, 1, 1, 12)'}"
development,sarima_paper,PORTFOLIO_TOTAL,2016-03,2016-09,6,1603.0,1167.3252056222536,116.12698412698413,"{'aic': 589.5707001393475, 'order': '(0, 1, 2)', 'seasonalOrder': '(0, 1, 1, 12)'}"
development,harmonic_ridge,PORTFOLIO_TOTAL,2016-03,2016-04,1,1166.0,1258.8134816248971,116.12698412698413,"{'alpha': 10.0, 'features': 8}"
development,harmonic_ridge,PORTFOLIO_TOTAL,2016-03,2016-05,2,937.0,1100.9258586398175,116.12698412698413,"{'alpha': 10.0, 'features': 8}"
development,harmonic_ridge,PORTFOLIO_TOTAL,2016-03,2016-06,3,512.0,643.9556180686351,116.12698412698413,"{'alpha': 10.0, 'features': 8}"
development,harmonic_ridge,PORTFOLIO_TOTAL,2016-03,2016-07,4,490.0,596.6219377861553,116.12698412698413,"{'alpha': 10.0, 'features': 8}"
development,harmonic_ridge,PORTFOLIO_TOTAL,2016-03,2016-08,5,907.0,853.6070299338761,116.12698412698413,"{'alpha': 10.0, 'features': 8}"
development,harmonic_ridge,PORTFOLIO_TOTAL,2016-03,2016-09,6,1603.0,1209.1741737190027,116.12698412698413,"{'alpha': 10.0, 'features': 8}"
development,seasonal_naive,PORTFOLIO_TOTAL,2016-06,2016-07,1,490.0,618.0,119.57575757575758,{'seasonalPeriod': 12}
development,seasonal_naive,PORTFOLIO_TOTAL,2016-06,2016-08,2,907.0,940.0,119.57575757575758,{'seasonalPeriod': 12}
development,seasonal_naive,PORTFOLIO_TOTAL,2016-06,2016-09,3,1603.0,1368.0,119.57575757575758,{'seasonalPeriod': 12}
development,seasonal_naive,PORTFOLIO_TOTAL,2016-06,2016-10,4,1142.0,1214.0,119.57575757575758,{'seasonalPeriod': 12}
development,seasonal_naive,PORTFOLIO_TOTAL,2016-06,2016-11,5,1316.0,1202.0,119.57575757575758,{'seasonalPeriod': 12}
development,seasonal_naive,PORTFOLIO_TOTAL,2016-06,2016-12,6,923.0,923.0,119.57575757575758,{'seasonalPeriod': 12}
development,ets,PORTFOLIO_TOTAL,2016-06,2016-07,1,490.0,302.2548692858543,119.57575757575758,"{'specification': 'ETS(A,Ad,A), deterministic grid', 'sse': 1048159.9899822323, 'alpha': 0.25, 'beta': 0.01, 'gamma': 0.4, 'phi': 0.9}"
development,ets,PORTFOLIO_TOTAL,2016-06,2016-08,2,907.0,859.2550975115645,119.57575757575758,"{'specification': 'ETS(A,Ad,A), deterministic grid', 'sse': 1048159.9899822323, 'alpha': 0.25, 'beta': 0.01, 'gamma': 0.4, 'phi': 0.9}"
development,ets,PORTFOLIO_TOTAL,2016-06,2016-09,3,1603.0,1243.4904094062213,119.57575757575758,"{'specification': 'ETS(A,Ad,A), deterministic grid', 'sse': 1048159.9899822323, 'alpha': 0.25, 'beta': 0.01, 'gamma': 0.4, 'phi': 0.9}"
development,ets,PORTFOLIO_TOTAL,2016-06,2016-10,4,1142.0,1195.0960578235254,119.57575757575758,"{'specification': 'ETS(A,Ad,A), deterministic grid', 'sse': 1048159.9899822323, 'alpha': 0.25, 'beta': 0.01, 'gamma': 0.4, 'phi': 0.9}"
development,ets,PORTFOLIO_TOTAL,2016-06,2016-11,5,1316.0,1199.04267016966,119.57575757575758,"{'specification': 'ETS(A,Ad,A), deterministic grid', 'sse': 1048159.9899822323, 'alpha': 0.25, 'beta': 0.01, 'gamma': 0.4, 'phi': 0.9}"
development,ets,PORTFOLIO_TOTAL,2016-06,2016-12,6,923.0,851.1542450155866,119.57575757575758,"{'specification': 'ETS(A,Ad,A), deterministic grid', 'sse': 1048159.9899822323, 'alpha': 0.25, 'beta': 0.01, 'gamma': 0.4, 'phi': 0.9}"
development,sarima_paper,PORTFOLIO_TOTAL,2016-06,2016-07,1,490.0,415.4271103311423,119.57575757575758,"{'aic': 626.8768164043582, 'order': '(0, 1, 2)', 'seasonalOrder': '(0, 1, 1, 12)'}"
development,sarima_paper,PORTFOLIO_TOTAL,2016-06,2016-08,2,907.0,818.5460420132698,119.57575757575758,"{'aic': 626.8768164043582, 'order': '(0, 1, 2)', 'seasonalOrder': '(0, 1, 1, 12)'}"
development,sarima_paper,PORTFOLIO_TOTAL,2016-06,2016-09,3,1603.0,1197.1110018477666,119.57575757575758,"{'aic': 626.8768164043582, 'order': '(0, 1, 2)', 'seasonalOrder': '(0, 1, 1, 12)'}"
development,sarima_paper,PORTFOLIO_TOTAL,2016-06,2016-10,4,1142.0,1081.9123460788996,119.57575757575758,"{'aic': 626.8768164043582, 'order': '(0, 1, 2)', 'seasonalOrder': '(0, 1, 1, 12)'}"
development,sarima_paper,PORTFOLIO_TOTAL,2016-06,2016-11,5,1316.0,1066.0277277218845,119.57575757575758,"{'aic': 626.8768164043582, 'order': '(0, 1, 2)', 'seasonalOrder': '(0, 1, 1, 12)'}"
development,sarima_paper,PORTFOLIO_TOTAL,2016-06,2016-12,6,923.0,771.9874498663985,119.57575757575758,"{'aic': 626.8768164043582, 'order': '(0, 1, 2)', 'seasonalOrder': '(0, 1, 1, 12)'}"
development,harmonic_ridge,PORTFOLIO_TOTAL,2016-06,2016-07,1,490.0,532.8831186521738,119.57575757575758,"{'alpha': 10.0, 'features': 8}"
development,harmonic_ridge,PORTFOLIO_TOTAL,2016-06,2016-08,2,907.0,799.4854732051069,119.57575757575758,"{'alpha': 10.0, 'features': 8}"
development,harmonic_ridge,PORTFOLIO_TOTAL,2016-06,2016-09,3,1603.0,1144.8406005273966,119.57575757575758,"{'alpha': 10.0, 'features': 8}"
development,harmonic_ridge,PORTFOLIO_TOTAL,2016-06,2016-10,4,1142.0,1073.6613440659885,119.57575757575758,"{'alpha': 10.0, 'features': 8}"
development,harmonic_ridge,PORTFOLIO_TOTAL,2016-06,2016-11,5,1316.0,1026.3071995658443,119.57575757575758,"{'alpha': 10.0, 'features': 8}"
development,harmonic_ridge,PORTFOLIO_TOTAL,2016-06,2016-12,6,923.0,835.3089318301706,119.57575757575758,"{'alpha': 10.0, 'features': 8}"
development,seasonal_naive,PORTFOLIO_TOTAL,2016-09,2016-10,1,1142.0,1214.0,120.1159420289855,{'seasonalPeriod': 12}
development,seasonal_naive,PORTFOLIO_TOTAL,2016-09,2016-11,2,1316.0,1202.0,120.1159420289855,{'seasonalPeriod': 12}
development,seasonal_naive,PORTFOLIO_TOTAL,2016-09,2016-12,3,923.0,923.0,120.1159420289855,{'seasonalPeriod': 12}
development,seasonal_naive,PORTFOLIO_TOTAL,2016-09,2017-01,4,948.0,942.0,120.1159420289855,{'seasonalPeriod': 12}
development,seasonal_naive,PORTFOLIO_TOTAL,2016-09,2017-02,5,1018.0,905.0,120.1159420289855,{'seasonalPeriod': 12}
development,seasonal_naive,PORTFOLIO_TOTAL,2016-09,2017-03,6,1427.0,1374.0,120.1159420289855,{'seasonalPeriod': 12}
development,ets,PORTFOLIO_TOTAL,2016-09,2016-10,1,1142.0,1321.8949006673042,120.1159420289855,"{'specification': 'ETS(A,Ad,A), deterministic grid', 'sse': 1180548.6068437598, 'alpha': 0.25, 'beta': 0.01, 'gamma': 0.4, 'phi': 0.9}"
development,ets,PORTFOLIO_TOTAL,2016-09,2016-11,2,1316.0,1326.7813041937857,120.1159420289855,"{'specification': 'ETS(A,Ad,A), deterministic grid', 'sse': 1180548.6068437598, 'alpha': 0.25, 'beta': 0.01, 'gamma': 0.4, 'phi': 0.9}"
development,ets,PORTFOLIO_TOTAL,2016-09,2016-12,3,923.0,979.7386911020245,120.1159420289855,"{'specification': 'ETS(A,Ad,A), deterministic grid', 'sse': 1180548.6068437598, 'alpha': 0.25, 'beta': 0.01, 'gamma': 0.4, 'phi': 0.9}"
development,ets,PORTFOLIO_TOTAL,2016-09,2017-01,4,948.0,1106.388987548769,120.1159420289855,"{'specification': 'ETS(A,Ad,A), deterministic grid', 'sse': 1180548.6068437598, 'alpha': 0.25, 'beta': 0.01, 'gamma': 0.4, 'phi': 0.9}"
development,ets,PORTFOLIO_TOTAL,2016-09,2017-02,5,1018.0,1041.2506910128698,120.1159420289855,"{'specification': 'ETS(A,Ad,A), deterministic grid', 'sse': 1180548.6068437598, 'alpha': 0.25, 'beta': 0.01, 'gamma': 0.4, 'phi': 0.9}"
development,ets,PORTFOLIO_TOTAL,2016-09,2017-03,6,1427.0,1505.0051445750305,120.1159420289855,"{'specification': 'ETS(A,Ad,A), deterministic grid', 'sse': 1180548.6068437598, 'alpha': 0.25, 'beta': 0.01, 'gamma': 0.4, 'phi': 0.9}"
development,sarima_paper,PORTFOLIO_TOTAL,2016-09,2016-10,1,1142.0,1287.5606662121304,120.1159420289855,"{'aic': 670.2130768099586, 'order': '(0, 1, 2)', 'seasonalOrder': '(0, 1, 1, 12)'}"
development,sarima_paper,PORTFOLIO_TOTAL,2016-09,2016-11,2,1316.0,1267.1124902686736,120.1159420289855,"{'aic': 670.2130768099586, 'order': '(0, 1, 2)', 'seasonalOrder': '(0, 1, 1, 12)'}"
development,sarima_paper,PORTFOLIO_TOTAL,2016-09,2016-12,3,923.0,971.445147431821,120.1159420289855,"{'aic': 670.2130768099586, 'order': '(0, 1, 2)', 'seasonalOrder': '(0, 1, 1, 12)'}"
development,sarima_paper,PORTFOLIO_TOTAL,2016-09,2017-01,4,948.0,1016.9602916064355,120.1159420289855,"{'aic': 670.2130768099586, 'order': '(0, 1, 2)', 'seasonalOrder': '(0, 1, 1, 12)'}"
development,sarima_paper,PORTFOLIO_TOTAL,2016-09,2017-02,5,1018.0,968.1854135988808,120.1159420289855,"{'aic': 670.2130768099586, 'order': '(0, 1, 2)', 'seasonalOrder': '(0, 1, 1, 12)'}"
development,sarima_paper,PORTFOLIO_TOTAL,2016-09,2017-03,6,1427.0,1442.5669511140059,120.1159420289855,"{'aic': 670.2130768099586, 'order': '(0, 1, 2)', 'seasonalOrder': '(0, 1, 1, 12)'}"
development,harmonic_ridge,PORTFOLIO_TOTAL,2016-09,2016-10,1,1142.0,1225.629310082277,120.1159420289855,"{'alpha': 10.0, 'features': 8}"
development,harmonic_ridge,PORTFOLIO_TOTAL,2016-09,2016-11,2,1316.0,1093.4655212564978,120.1159420289855,"{'alpha': 10.0, 'features': 8}"
development,harmonic_ridge,PORTFOLIO_TOTAL,2016-09,2016-12,3,923.0,900.8117496107682,120.1159420289855,"{'alpha': 10.0, 'features': 8}"
development,harmonic_ridge,PORTFOLIO_TOTAL,2016-09,2017-01,4,948.0,932.052162785891,120.1159420289855,"{'alpha': 10.0, 'features': 8}"
development,harmonic_ridge,PORTFOLIO_TOTAL,2016-09,2017-02,5,1018.0,929.5522994373918,120.1159420289855,"{'alpha': 10.0, 'features': 8}"
development,harmonic_ridge,PORTFOLIO_TOTAL,2016-09,2017-03,6,1427.0,1226.0565936761654,120.1159420289855,"{'alpha': 10.0, 'features': 8}"
development,seasonal_naive,PORTFOLIO_TOTAL,2016-12,2017-01,1,948.0,942.0,117.69444444444444,{'seasonalPeriod': 12}
development,seasonal_naive,PORTFOLIO_TOTAL,2016-12,2017-02,2,1018.0,905.0,117.69444444444444,{'seasonalPeriod': 12}
development,seasonal_naive,PORTFOLIO_TOTAL,2016-12,2017-03,3,1427.0,1374.0,117.69444444444444,{'seasonalPeriod': 12}
development,seasonal_naive,PORTFOLIO_TOTAL,2016-12,2017-04,4,1288.0,1166.0,117.69444444444444,{'seasonalPeriod': 12}
development,seasonal_naive,PORTFOLIO_TOTAL,2016-12,2017-05,5,1137.0,937.0,117.69444444444444,{'seasonalPeriod': 12}
development,seasonal_naive,PORTFOLIO_TOTAL,2016-12,2017-06,6,505.0,512.0,117.69444444444444,{'seasonalPeriod': 12}
development,ets,PORTFOLIO_TOTAL,2016-12,2017-01,1,948.0,1064.1404116837252,117.69444444444444,"{'specification': 'ETS(A,Ad,A), deterministic grid', 'sse': 1214496.746204668, 'alpha': 0.25, 'beta': 0.01, 'gamma': 0.4, 'phi': 0.9}"
development,ets,PORTFOLIO_TOTAL,2016-12,2017-02,2,1018.0,998.7301567193317,117.69444444444444,"{'specification': 'ETS(A,Ad,A), deterministic grid', 'sse': 1214496.746204668, 'alpha': 0.25, 'beta': 0.01, 'gamma': 0.4, 'phi': 0.9}"
development,ets,PORTFOLIO_TOTAL,2016-12,2017-03,3,1427.0,1462.2398476958474,117.69444444444444,"{'specification': 'ETS(A,Ad,A), deterministic grid', 'sse': 1214496.746204668, 'alpha': 0.25, 'beta': 0.01, 'gamma': 0.4, 'phi': 0.9}"
development,ets,PORTFOLIO_TOTAL,2016-12,2017-04,4,1288.0,1254.0361275198939,117.69444444444444,"{'specification': 'ETS(A,Ad,A), deterministic grid', 'sse': 1214496.746204668, 'alpha': 0.25, 'beta': 0.01, 'gamma': 0.4, 'phi': 0.9}"
development,ets,PORTFOLIO_TOTAL,2016-12,2017-05,5,1137.0,1140.9159612251156,117.69444444444444,"{'specification': 'ETS(A,Ad,A), deterministic grid', 'sse': 1214496.746204668, 'alpha': 0.25, 'beta': 0.01, 'gamma': 0.4, 'phi': 0.9}"
development,ets,PORTFOLIO_TOTAL,2016-12,2017-06,6,505.0,515.0078802265908,117.69444444444444,"{'specification': 'ETS(A,Ad,A), deterministic grid', 'sse': 1214496.746204668, 'alpha': 0.25, 'beta': 0.01, 'gamma': 0.4, 'phi': 0.9}"
development,sarima_paper,PORTFOLIO_TOTAL,2016-12,2017-01,1,948.0,995.2126947528022,117.69444444444444,"{'aic': 706.4581058811773, 'order': '(0, 1, 2)', 'seasonalOrder': '(0, 1, 1, 12)'}"
development,sarima_paper,PORTFOLIO_TOTAL,2016-12,2017-02,2,1018.0,944.1191299518296,117.69444444444444,"{'aic': 706.4581058811773, 'order': '(0, 1, 2)', 'seasonalOrder': '(0, 1, 1, 12)'}"
development,sarima_paper,PORTFOLIO_TOTAL,2016-12,2017-03,3,1427.0,1418.7078974316773,117.69444444444444,"{'aic': 706.4581058811773, 'order': '(0, 1, 2)', 'seasonalOrder': '(0, 1, 1, 12)'}"
development,sarima_paper,PORTFOLIO_TOTAL,2016-12,2017-04,4,1288.0,1194.2340299433267,117.69444444444444,"{'aic': 706.4581058811773, 'order': '(0, 1, 2)', 'seasonalOrder': '(0, 1, 1, 12)'}"
development,sarima_paper,PORTFOLIO_TOTAL,2016-12,2017-05,5,1137.0,996.7728094826912,117.69444444444444,"{'aic': 706.4581058811773, 'order': '(0, 1, 2)', 'seasonalOrder': '(0, 1, 1, 12)'}"
development,sarima_paper,PORTFOLIO_TOTAL,2016-12,2017-06,6,505.0,514.7385807613622,117.69444444444444,"{'aic': 706.4581058811773, 'order': '(0, 1, 2)', 'seasonalOrder': '(0, 1, 1, 12)'}"
development,harmonic_ridge,PORTFOLIO_TOTAL,2016-12,2017-01,1,948.0,938.6969194297401,117.69444444444444,"{'alpha': 10.0, 'features': 8}"
development,harmonic_ridge,PORTFOLIO_TOTAL,2016-12,2017-02,2,1018.0,922.7761496676624,117.69444444444444,"{'alpha': 10.0, 'features': 8}"
development,harmonic_ridge,PORTFOLIO_TOTAL,2016-12,2017-03,3,1427.0,1238.90007807426,117.69444444444444,"{'alpha': 10.0, 'features': 8}"
development,harmonic_ridge,PORTFOLIO_TOTAL,2016-12,2017-04,4,1288.0,1101.4484001772141,117.69444444444444,"{'alpha': 10.0, 'features': 8}"
development,harmonic_ridge,PORTFOLIO_TOTAL,2016-12,2017-05,5,1137.0,880.9568080360459,117.69444444444444,"{'alpha': 10.0, 'features': 8}"
development,harmonic_ridge,PORTFOLIO_TOTAL,2016-12,2017-06,6,505.0,544.3467577280766,117.69444444444444,"{'alpha': 10.0, 'features': 8}"
development,seasonal_naive,PORTFOLIO_TOTAL,2017-03,2017-04,1,1288.0,1166.0,115.28,{'seasonalPeriod': 12}
development,seasonal_naive,PORTFOLIO_TOTAL,2017-03,2017-05,2,1137.0,937.0,115.28,{'seasonalPeriod': 12}
development,seasonal_naive,PORTFOLIO_TOTAL,2017-03,2017-06,3,505.0,512.0,115.28,{'seasonalPeriod': 12}
development,seasonal_naive,PORTFOLIO_TOTAL,2017-03,2017-07,4,356.0,490.0,115.28,{'seasonalPeriod': 12}
development,seasonal_naive,PORTFOLIO_TOTAL,2017-03,2017-08,5,1222.0,907.0,115.28,{'seasonalPeriod': 12}
development,seasonal_naive,PORTFOLIO_TOTAL,2017-03,2017-09,6,1393.0,1603.0,115.28,{'seasonalPeriod': 12}
development,ets,PORTFOLIO_TOTAL,2017-03,2017-04,1,1288.0,1232.1118657678003,115.28,"{'specification': 'ETS(A,Ad,A), deterministic grid', 'sse': 1230666.551950838, 'alpha': 0.25, 'beta': 0.01, 'gamma': 0.4, 'phi': 0.9}"
development,ets,PORTFOLIO_TOTAL,2017-03,2017-05,2,1137.0,1118.853345030109,115.28,"{'specification': 'ETS(A,Ad,A), deterministic grid', 'sse': 1230666.551950838, 'alpha': 0.25, 'beta': 0.01, 'gamma': 0.4, 'phi': 0.9}"
development,ets,PORTFOLIO_TOTAL,2017-03,2017-06,3,505.0,492.82074503296246,115.28,"{'specification': 'ETS(A,Ad,A), deterministic grid', 'sse': 1230666.551950838, 'alpha': 0.25, 'beta': 0.01, 'gamma': 0.4, 'phi': 0.9}"
development,ets,PORTFOLIO_TOTAL,2017-03,2017-07,4,356.0,419.97701779742715,115.28,"{'specification': 'ETS(A,Ad,A), deterministic grid', 'sse': 1230666.551950838, 'alpha': 0.25, 'beta': 0.01, 'gamma': 0.4, 'phi': 0.9}"
development,ets,PORTFOLIO_TOTAL,2017-03,2017-08,5,1222.0,921.4217826905021,115.28,"{'specification': 'ETS(A,Ad,A), deterministic grid', 'sse': 1230666.551950838, 'alpha': 0.25, 'beta': 0.01, 'gamma': 0.4, 'phi': 0.9}"
development,ets,PORTFOLIO_TOTAL,2017-03,2017-09,6,1393.0,1399.6302167861477,115.28,"{'specification': 'ETS(A,Ad,A), deterministic grid', 'sse': 1230666.551950838, 'alpha': 0.25, 'beta': 0.01, 'gamma': 0.4, 'phi': 0.9}"
development,sarima_paper,PORTFOLIO_TOTAL,2017-03,2017-04,1,1288.0,1210.1433177299189,115.28,"{'aic': 741.4946777991253, 'order': '(0, 1, 2)', 'seasonalOrder': '(0, 1, 1, 12)'}"
development,sarima_paper,PORTFOLIO_TOTAL,2017-03,2017-05,2,1137.0,1011.8512953837757,115.28,"{'aic': 741.4946777991253, 'order': '(0, 1, 2)', 'seasonalOrder': '(0, 1, 1, 12)'}"
development,sarima_paper,PORTFOLIO_TOTAL,2017-03,2017-06,3,505.0,531.2292605868463,115.28,"{'aic': 741.4946777991253, 'order': '(0, 1, 2)', 'seasonalOrder': '(0, 1, 1, 12)'}"
development,sarima_paper,PORTFOLIO_TOTAL,2017-03,2017-07,4,356.0,516.1053972721508,115.28,"{'aic': 741.4946777991253, 'order': '(0, 1, 2)', 'seasonalOrder': '(0, 1, 1, 12)'}"
development,sarima_paper,PORTFOLIO_TOTAL,2017-03,2017-08,5,1222.0,932.2618446223362,115.28,"{'aic': 741.4946777991253, 'order': '(0, 1, 2)', 'seasonalOrder': '(0, 1, 1, 12)'}"
development,sarima_paper,PORTFOLIO_TOTAL,2017-03,2017-09,6,1393.0,1552.2587236521554,115.28,"{'aic': 741.4946777991253, 'order': '(0, 1, 2)', 'seasonalOrder': '(0, 1, 1, 12)'}"
development,harmonic_ridge,PORTFOLIO_TOTAL,2017-03,2017-04,1,1288.0,1141.8721835930612,115.28,"{'alpha': 10.0, 'features': 8}"
development,harmonic_ridge,PORTFOLIO_TOTAL,2017-03,2017-05,2,1137.0,888.6164692056219,115.28,"{'alpha': 10.0, 'features': 8}"
development,harmonic_ridge,PORTFOLIO_TOTAL,2017-03,2017-06,3,505.0,551.7658520010673,115.28,"{'alpha': 10.0, 'features': 8}"
development,harmonic_ridge,PORTFOLIO_TOTAL,2017-03,2017-07,4,356.0,539.2503979812842,115.28,"{'alpha': 10.0, 'features': 8}"
development,harmonic_ridge,PORTFOLIO_TOTAL,2017-03,2017-08,5,1222.0,876.3238678881355,115.28,"{'alpha': 10.0, 'features': 8}"
development,harmonic_ridge,PORTFOLIO_TOTAL,2017-03,2017-09,6,1393.0,1426.1293764376846,115.28,"{'alpha': 10.0, 'features': 8}"
development,seasonal_naive,PORTFOLIO_TOTAL,2017-06,2017-07,1,356.0,490.0,115.06410256410257,{'seasonalPeriod': 12}
development,seasonal_naive,PORTFOLIO_TOTAL,2017-06,2017-08,2,1222.0,907.0,115.06410256410257,{'seasonalPeriod': 12}
development,seasonal_naive,PORTFOLIO_TOTAL,2017-06,2017-09,3,1393.0,1603.0,115.06410256410257,{'seasonalPeriod': 12}
development,seasonal_naive,PORTFOLIO_TOTAL,2017-06,2017-10,4,1116.0,1142.0,115.06410256410257,{'seasonalPeriod': 12}
development,seasonal_naive,PORTFOLIO_TOTAL,2017-06,2017-11,5,1324.0,1316.0,115.06410256410257,{'seasonalPeriod': 12}
development,seasonal_naive,PORTFOLIO_TOTAL,2017-06,2017-12,6,991.0,923.0,115.06410256410257,{'seasonalPeriod': 12}
development,ets,PORTFOLIO_TOTAL,2017-06,2017-07,1,356.0,434.5492299978903,115.06410256410257,"{'specification': 'ETS(A,Ad,A), deterministic grid', 'sse': 1233815.7498559277, 'alpha': 0.25, 'beta': 0.01, 'gamma': 0.4, 'phi': 0.9}"
development,ets,PORTFOLIO_TOTAL,2017-06,2017-08,2,1222.0,936.0868620914532,115.06410256410257,"{'specification': 'ETS(A,Ad,A), deterministic grid', 'sse': 1233815.7498559277, 'alpha': 0.25, 'beta': 0.01, 'gamma': 0.4, 'phi': 0.9}"
development,ets,PORTFOLIO_TOTAL,2017-06,2017-09,3,1393.0,1414.3788766675382,115.06410256410257,"{'specification': 'ETS(A,Ad,A), deterministic grid', 'sse': 1233815.7498559277, 'alpha': 0.25, 'beta': 0.01, 'gamma': 0.4, 'phi': 0.9}"
development,ets,PORTFOLIO_TOTAL,2017-06,2017-10,4,1116.0,1219.1175897485186,115.06410256410257,"{'specification': 'ETS(A,Ad,A), deterministic grid', 'sse': 1233815.7498559277, 'alpha': 0.25, 'beta': 0.01, 'gamma': 0.4, 'phi': 0.9}"
development,ets,PORTFOLIO_TOTAL,2017-06,2017-11,5,1324.0,1287.9549946843267,115.06410256410257,"{'specification': 'ETS(A,Ad,A), deterministic grid', 'sse': 1233815.7498559277, 'alpha': 0.25, 'beta': 0.01, 'gamma': 0.4, 'phi': 0.9}"
development,ets,PORTFOLIO_TOTAL,2017-06,2017-12,6,991.0,924.2593480085919,115.06410256410257,"{'specification': 'ETS(A,Ad,A), deterministic grid', 'sse': 1233815.7498559277, 'alpha': 0.25, 'beta': 0.01, 'gamma': 0.4, 'phi': 0.9}"
development,sarima_paper,PORTFOLIO_TOTAL,2017-06,2017-07,1,356.0,550.5688302320114,115.06410256410257,"{'aic': 777.3138544651313, 'order': '(0, 1, 2)', 'seasonalOrder': '(0, 1, 1, 12)'}"
development,sarima_paper,PORTFOLIO_TOTAL,2017-06,2017-08,2,1222.0,966.7464729856873,115.06410256410257,"{'aic': 777.3138544651313, 'order': '(0, 1, 2)', 'seasonalOrder': '(0, 1, 1, 12)'}"
development,sarima_paper,PORTFOLIO_TOTAL,2017-06,2017-09,3,1393.0,1568.8129148506914,115.06410256410257,"{'aic': 777.3138544651313, 'order': '(0, 1, 2)', 'seasonalOrder': '(0, 1, 1, 12)'}"
development,sarima_paper,PORTFOLIO_TOTAL,2017-06,2017-10,4,1116.0,1210.2619242060887,115.06410256410257,"{'aic': 777.3138544651313, 'order': '(0, 1, 2)', 'seasonalOrder': '(0, 1, 1, 12)'}"
development,sarima_paper,PORTFOLIO_TOTAL,2017-06,2017-11,5,1324.0,1329.790233628413,115.06410256410257,"{'aic': 777.3138544651313, 'order': '(0, 1, 2)', 'seasonalOrder': '(0, 1, 1, 12)'}"
development,sarima_paper,PORTFOLIO_TOTAL,2017-06,2017-12,6,991.0,963.1927329887887,115.06410256410257,"{'aic': 777.3138544651313, 'order': '(0, 1, 2)', 'seasonalOrder': '(0, 1, 1, 12)'}"
development,harmonic_ridge,PORTFOLIO_TOTAL,2017-06,2017-07,1,356.0,519.3032726909734,115.06410256410257,"{'alpha': 10.0, 'features': 8}"
development,harmonic_ridge,PORTFOLIO_TOTAL,2017-06,2017-08,2,1222.0,873.4484041517637,115.06410256410257,"{'alpha': 10.0, 'features': 8}"
development,harmonic_ridge,PORTFOLIO_TOTAL,2017-06,2017-09,3,1393.0,1445.9260809594994,115.06410256410257,"{'alpha': 10.0, 'features': 8}"
development,harmonic_ridge,PORTFOLIO_TOTAL,2017-06,2017-10,4,1116.0,1190.8276124131626,115.06410256410257,"{'alpha': 10.0, 'features': 8}"
development,harmonic_ridge,PORTFOLIO_TOTAL,2017-06,2017-11,5,1324.0,1230.954281296322,115.06410256410257,"{'alpha': 10.0, 'features': 8}"
development,harmonic_ridge,PORTFOLIO_TOTAL,2017-06,2017-12,6,991.0,968.7835770738974,115.06410256410257,"{'alpha': 10.0, 'features': 8}"
final,seasonal_naive,"1507 Suutarilan ala-asteen koulu, Päiväkoti Seulanen, Suutarilan monitoimitalo",2017-12,2018-01,1,241.0,229.0,33.226190476190474,{'seasonalPeriod': 12}
final,seasonal_naive,"1507 Suutarilan ala-asteen koulu, Päiväkoti Seulanen, Suutarilan monitoimitalo",2017-12,2018-02,2,231.0,225.0,33.226190476190474,{'seasonalPeriod': 12}
final,seasonal_naive,"1507 Suutarilan ala-asteen koulu, Päiväkoti Seulanen, Suutarilan monitoimitalo",2017-12,2018-03,3,227.0,291.0,33.226190476190474,{'seasonalPeriod': 12}
final,seasonal_naive,"1507 Suutarilan ala-asteen koulu, Päiväkoti Seulanen, Suutarilan monitoimitalo",2017-12,2018-04,4,206.0,240.0,33.226190476190474,{'seasonalPeriod': 12}
final,seasonal_naive,"1507 Suutarilan ala-asteen koulu, Päiväkoti Seulanen, Suutarilan monitoimitalo",2017-12,2018-05,5,275.0,268.0,33.226190476190474,{'seasonalPeriod': 12}
final,seasonal_naive,"1507 Suutarilan ala-asteen koulu, Päiväkoti Seulanen, Suutarilan monitoimitalo",2017-12,2018-06,6,265.0,152.0,33.226190476190474,{'seasonalPeriod': 12}
final,seasonal_naive,"1507 Suutarilan ala-asteen koulu, Päiväkoti Seulanen, Suutarilan monitoimitalo",2017-12,2018-07,7,183.0,167.0,33.226190476190474,{'seasonalPeriod': 12}
final,seasonal_naive,"1507 Suutarilan ala-asteen koulu, Päiväkoti Seulanen, Suutarilan monitoimitalo",2017-12,2018-08,8,187.0,493.0,33.226190476190474,{'seasonalPeriod': 12}
final,seasonal_naive,"1507 Suutarilan ala-asteen koulu, Päiväkoti Seulanen, Suutarilan monitoimitalo",2017-12,2018-09,9,296.0,409.0,33.226190476190474,{'seasonalPeriod': 12}
final,seasonal_naive,"1507 Suutarilan ala-asteen koulu, Päiväkoti Seulanen, Suutarilan monitoimitalo",2017-12,2018-10,10,265.0,300.0,33.226190476190474,{'seasonalPeriod': 12}
final,seasonal_naive,"1507 Suutarilan ala-asteen koulu, Päiväkoti Seulanen, Suutarilan monitoimitalo",2017-12,2018-11,11,292.0,311.0,33.226190476190474,{'seasonalPeriod': 12}
final,seasonal_naive,"1507 Suutarilan ala-asteen koulu, Päiväkoti Seulanen, Suutarilan monitoimitalo",2017-12,2018-12,12,202.0,205.0,33.226190476190474,{'seasonalPeriod': 12}
final,ets,"1507 Suutarilan ala-asteen koulu, Päiväkoti Seulanen, Suutarilan monitoimitalo",2017-12,2018-01,1,241.0,270.5055481435403,33.226190476190474,"{'specification': 'ETS(A,Ad,A), deterministic grid', 'sse': 219868.4739183698, 'alpha': 0.1, 'beta': 0.01, 'gamma': 0.4, 'phi': 0.9}"
final,ets,"1507 Suutarilan ala-asteen koulu, Päiväkoti Seulanen, Suutarilan monitoimitalo",2017-12,2018-02,2,231.0,252.47238040067143,33.226190476190474,"{'specification': 'ETS(A,Ad,A), deterministic grid', 'sse': 219868.4739183698, 'alpha': 0.1, 'beta': 0.01, 'gamma': 0.4, 'phi': 0.9}"
final,ets,"1507 Suutarilan ala-asteen koulu, Päiväkoti Seulanen, Suutarilan monitoimitalo",2017-12,2018-03,3,227.0,321.3109228142453,33.226190476190474,"{'specification': 'ETS(A,Ad,A), deterministic grid', 'sse': 219868.4739183698, 'alpha': 0.1, 'beta': 0.01, 'gamma': 0.4, 'phi': 0.9}"
final,ets,"1507 Suutarilan ala-asteen koulu, Päiväkoti Seulanen, Suutarilan monitoimitalo",2017-12,2018-04,4,206.0,287.2253222628333,33.226190476190474,"{'specification': 'ETS(A,Ad,A), deterministic grid', 'sse': 219868.4739183698, 'alpha': 0.1, 'beta': 0.01, 'gamma': 0.4, 'phi': 0.9}"
final,ets,"1507 Suutarilan ala-asteen koulu, Päiväkoti Seulanen, Suutarilan monitoimitalo",2017-12,2018-05,5,275.0,295.9366459494336,33.226190476190474,"{'specification': 'ETS(A,Ad,A), deterministic grid', 'sse': 219868.4739183698, 'alpha': 0.1, 'beta': 0.01, 'gamma': 0.4, 'phi': 0.9}"
final,ets,"1507 Suutarilan ala-asteen koulu, Päiväkoti Seulanen, Suutarilan monitoimitalo",2017-12,2018-06,6,265.0,202.31658942524075,33.226190476190474,"{'specification': 'ETS(A,Ad,A), deterministic grid', 'sse': 219868.4739183698, 'alpha': 0.1, 'beta': 0.01, 'gamma': 0.4, 'phi': 0.9}"
final,ets,"1507 Suutarilan ala-asteen koulu, Päiväkoti Seulanen, Suutarilan monitoimitalo",2017-12,2018-07,7,183.0,178.53664864076237,33.226190476190474,"{'specification': 'ETS(A,Ad,A), deterministic grid', 'sse': 219868.4739183698, 'alpha': 0.1, 'beta': 0.01, 'gamma': 0.4, 'phi': 0.9}"
final,ets,"1507 Suutarilan ala-asteen koulu, Päiväkoti Seulanen, Suutarilan monitoimitalo",2017-12,2018-08,8,187.0,351.0093199112001,33.226190476190474,"{'specification': 'ETS(A,Ad,A), deterministic grid', 'sse': 219868.4739183698, 'alpha': 0.1, 'beta': 0.01, 'gamma': 0.4, 'phi': 0.9}"
final,ets,"1507 Suutarilan ala-asteen koulu, Päiväkoti Seulanen, Suutarilan monitoimitalo",2017-12,2018-09,9,296.0,355.0530715894312,33.226190476190474,"{'specification': 'ETS(A,Ad,A), deterministic grid', 'sse': 219868.4739183698, 'alpha': 0.1, 'beta': 0.01, 'gamma': 0.4, 'phi': 0.9}"
final,ets,"1507 Suutarilan ala-asteen koulu, Päiväkoti Seulanen, Suutarilan monitoimitalo",2017-12,2018-10,10,265.0,313.1711466710393,33.226190476190474,"{'specification': 'ETS(A,Ad,A), deterministic grid', 'sse': 219868.4739183698, 'alpha': 0.1, 'beta': 0.01, 'gamma': 0.4, 'phi': 0.9}"
final,ets,"1507 Suutarilan ala-asteen koulu, Päiväkoti Seulanen, Suutarilan monitoimitalo",2017-12,2018-11,11,292.0,320.101599919901,33.226190476190474,"{'specification': 'ETS(A,Ad,A), deterministic grid', 'sse': 219868.4739183698, 'alpha': 0.1, 'beta': 0.01, 'gamma': 0.4, 'phi': 0.9}"
final,ets,"1507 Suutarilan ala-asteen koulu, Päiväkoti Seulanen, Suutarilan monitoimitalo",2017-12,2018-12,12,202.0,225.44466272526427,33.226190476190474,"{'specification': 'ETS(A,Ad,A), deterministic grid', 'sse': 219868.4739183698, 'alpha': 0.1, 'beta': 0.01, 'gamma': 0.4, 'phi': 0.9}"
final,sarima_paper,"1507 Suutarilan ala-asteen koulu, Päiväkoti Seulanen, Suutarilan monitoimitalo",2017-12,2018-01,1,241.0,250.4520314565573,33.226190476190474,"{'aic': 726.0261513606919, 'order': '(0, 1, 2)', 'seasonalOrder': '(0, 1, 1, 12)'}"
final,sarima_paper,"1507 Suutarilan ala-asteen koulu, Päiväkoti Seulanen, Suutarilan monitoimitalo",2017-12,2018-02,2,231.0,238.4078548697719,33.226190476190474,"{'aic': 726.0261513606919, 'order': '(0, 1, 2)', 'seasonalOrder': '(0, 1, 1, 12)'}"
final,sarima_paper,"1507 Suutarilan ala-asteen koulu, Päiväkoti Seulanen, Suutarilan monitoimitalo",2017-12,2018-03,3,227.0,306.06849858782914,33.226190476190474,"{'aic': 726.0261513606919, 'order': '(0, 1, 2)', 'seasonalOrder': '(0, 1, 1, 12)'}"
final,sarima_paper,"1507 Suutarilan ala-asteen koulu, Päiväkoti Seulanen, Suutarilan monitoimitalo",2017-12,2018-04,4,206.0,270.3770279267659,33.226190476190474,"{'aic': 726.0261513606919, 'order': '(0, 1, 2)', 'seasonalOrder': '(0, 1, 1, 12)'}"
final,sarima_paper,"1507 Suutarilan ala-asteen koulu, Päiväkoti Seulanen, Suutarilan monitoimitalo",2017-12,2018-05,5,275.0,275.7452950819431,33.226190476190474,"{'aic': 726.0261513606919, 'order': '(0, 1, 2)', 'seasonalOrder': '(0, 1, 1, 12)'}"
final,sarima_paper,"1507 Suutarilan ala-asteen koulu, Päiväkoti Seulanen, Suutarilan monitoimitalo",2017-12,2018-06,6,265.0,180.36558426581345,33.226190476190474,"{'aic': 726.0261513606919, 'order': '(0, 1, 2)', 'seasonalOrder': '(0, 1, 1, 12)'}"
final,sarima_paper,"1507 Suutarilan ala-asteen koulu, Päiväkoti Seulanen, Suutarilan monitoimitalo",2017-12,2018-07,7,183.0,153.23645420084983,33.226190476190474,"{'aic': 726.0261513606919, 'order': '(0, 1, 2)', 'seasonalOrder': '(0, 1, 1, 12)'}"
final,sarima_paper,"1507 Suutarilan ala-asteen koulu, Päiväkoti Seulanen, Suutarilan monitoimitalo",2017-12,2018-08,8,187.0,330.3922678320831,33.226190476190474,"{'aic': 726.0261513606919, 'order': '(0, 1, 2)', 'seasonalOrder': '(0, 1, 1, 12)'}"
final,sarima_paper,"1507 Suutarilan ala-asteen koulu, Päiväkoti Seulanen, Suutarilan monitoimitalo",2017-12,2018-09,9,296.0,345.4183402916598,33.226190476190474,"{'aic': 726.0261513606919, 'order': '(0, 1, 2)', 'seasonalOrder': '(0, 1, 1, 12)'}"
final,sarima_paper,"1507 Suutarilan ala-asteen koulu, Päiväkoti Seulanen, Suutarilan monitoimitalo",2017-12,2018-10,10,265.0,307.9873197492127,33.226190476190474,"{'aic': 726.0261513606919, 'order': '(0, 1, 2)', 'seasonalOrder': '(0, 1, 1, 12)'}"
final,sarima_paper,"1507 Suutarilan ala-asteen koulu, Päiväkoti Seulanen, Suutarilan monitoimitalo",2017-12,2018-11,11,292.0,312.8421823663056,33.226190476190474,"{'aic': 726.0261513606919, 'order': '(0, 1, 2)', 'seasonalOrder': '(0, 1, 1, 12)'}"
final,sarima_paper,"1507 Suutarilan ala-asteen koulu, Päiväkoti Seulanen, Suutarilan monitoimitalo",2017-12,2018-12,12,202.0,216.90238073681542,33.226190476190474,"{'aic': 726.0261513606919, 'order': '(0, 1, 2)', 'seasonalOrder': '(0, 1, 1, 12)'}"
final,harmonic_ridge,"1507 Suutarilan ala-asteen koulu, Päiväkoti Seulanen, Suutarilan monitoimitalo",2017-12,2018-01,1,241.0,228.65470392318275,33.226190476190474,"{'alpha': 10.0, 'features': 8}"
final,harmonic_ridge,"1507 Suutarilan ala-asteen koulu, Päiväkoti Seulanen, Suutarilan monitoimitalo",2017-12,2018-02,2,231.0,238.30885502053007,33.226190476190474,"{'alpha': 10.0, 'features': 8}"
final,harmonic_ridge,"1507 Suutarilan ala-asteen koulu, Päiväkoti Seulanen, Suutarilan monitoimitalo",2017-12,2018-03,3,227.0,272.86936722208907,33.226190476190474,"{'alpha': 10.0, 'features': 8}"
final,harmonic_ridge,"1507 Suutarilan ala-asteen koulu, Päiväkoti Seulanen, Suutarilan monitoimitalo",2017-12,2018-04,4,206.0,241.1537322411697,33.226190476190474,"{'alpha': 10.0, 'features': 8}"
final,harmonic_ridge,"1507 Suutarilan ala-asteen koulu, Päiväkoti Seulanen, Suutarilan monitoimitalo",2017-12,2018-05,5,275.0,244.0859441408271,33.226190476190474,"{'alpha': 10.0, 'features': 8}"
final,harmonic_ridge,"1507 Suutarilan ala-asteen koulu, Päiväkoti Seulanen, Suutarilan monitoimitalo",2017-12,2018-06,6,265.0,180.66867191556213,33.226190476190474,"{'alpha': 10.0, 'features': 8}"
final,harmonic_ridge,"1507 Suutarilan ala-asteen koulu, Päiväkoti Seulanen, Suutarilan monitoimitalo",2017-12,2018-07,7,183.0,182.40504727746628,33.226190476190474,"{'alpha': 10.0, 'features': 8}"
final,harmonic_ridge,"1507 Suutarilan ala-asteen koulu, Päiväkoti Seulanen, Suutarilan monitoimitalo",2017-12,2018-08,8,187.0,385.78428584464893,33.226190476190474,"{'alpha': 10.0, 'features': 8}"
final,harmonic_ridge,"1507 Suutarilan ala-asteen koulu, Päiväkoti Seulanen, Suutarilan monitoimitalo",2017-12,2018-09,9,296.0,381.6133261141699,33.226190476190474,"{'alpha': 10.0, 'features': 8}"
final,harmonic_ridge,"1507 Suutarilan ala-asteen koulu, Päiväkoti Seulanen, Suutarilan monitoimitalo",2017-12,2018-10,10,265.0,295.3643521140543,33.226190476190474,"{'alpha': 10.0, 'features': 8}"
final,harmonic_ridge,"1507 Suutarilan ala-asteen koulu, Päiväkoti Seulanen, Suutarilan monitoimitalo",2017-12,2018-11,11,292.0,282.35471363295665,33.226190476190474,"{'alpha': 10.0, 'features': 8}"
final,harmonic_ridge,"1507 Suutarilan ala-asteen koulu, Päiväkoti Seulanen, Suutarilan monitoimitalo",2017-12,2018-12,12,202.0,231.71782828675435,33.226190476190474,"{'alpha': 10.0, 'features': 8}"
final,seasonal_naive,2183 Latokartanon peruskoulu,2017-12,2018-01,1,140.0,171.0,28.166666666666668,{'seasonalPeriod': 12}
final,seasonal_naive,2183 Latokartanon peruskoulu,2017-12,2018-02,2,128.0,170.0,28.166666666666668,{'seasonalPeriod': 12}
final,seasonal_naive,2183 Latokartanon peruskoulu,2017-12,2018-03,3,183.0,250.0,28.166666666666668,{'seasonalPeriod': 12}
final,seasonal_naive,2183 Latokartanon peruskoulu,2017-12,2018-04,4,151.0,196.0,28.166666666666668,{'seasonalPeriod': 12}
final,seasonal_naive,2183 Latokartanon peruskoulu,2017-12,2018-05,5,159.0,153.0,28.166666666666668,{'seasonalPeriod': 12}
final,seasonal_naive,2183 Latokartanon peruskoulu,2017-12,2018-06,6,29.0,32.0,28.166666666666668,{'seasonalPeriod': 12}
final,seasonal_naive,2183 Latokartanon peruskoulu,2017-12,2018-07,7,10.0,8.0,28.166666666666668,{'seasonalPeriod': 12}
final,seasonal_naive,2183 Latokartanon peruskoulu,2017-12,2018-08,8,149.0,135.0,28.166666666666668,{'seasonalPeriod': 12}
final,seasonal_naive,2183 Latokartanon peruskoulu,2017-12,2018-09,9,177.0,171.0,28.166666666666668,{'seasonalPeriod': 12}
final,seasonal_naive,2183 Latokartanon peruskoulu,2017-12,2018-10,10,143.0,130.0,28.166666666666668,{'seasonalPeriod': 12}
final,seasonal_naive,2183 Latokartanon peruskoulu,2017-12,2018-11,11,214.0,184.0,28.166666666666668,{'seasonalPeriod': 12}
final,seasonal_naive,2183 Latokartanon peruskoulu,2017-12,2018-12,12,119.0,122.0,28.166666666666668,{'seasonalPeriod': 12}
final,ets,2183 Latokartanon peruskoulu,2017-12,2018-01,1,140.0,145.5059793419274,28.166666666666668,"{'specification': 'ETS(A,Ad,A), deterministic grid', 'sse': 68981.25642103009, 'alpha': 0.25, 'beta': 0.01, 'gamma': 0.4, 'phi': 0.9}"
final,ets,2183 Latokartanon peruskoulu,2017-12,2018-02,2,128.0,130.18352547362193,28.166666666666668,"{'specification': 'ETS(A,Ad,A), deterministic grid', 'sse': 68981.25642103009, 'alpha': 0.25, 'beta': 0.01, 'gamma': 0.4, 'phi': 0.9}"
final,ets,2183 Latokartanon peruskoulu,2017-12,2018-03,3,183.0,192.27986210481174,28.166666666666668,"{'specification': 'ETS(A,Ad,A), deterministic grid', 'sse': 68981.25642103009, 'alpha': 0.25, 'beta': 0.01, 'gamma': 0.4, 'phi': 0.9}"
final,ets,2183 Latokartanon peruskoulu,2017-12,2018-04,4,151.0,171.2622667361581,28.166666666666668,"{'specification': 'ETS(A,Ad,A), deterministic grid', 'sse': 68981.25642103009, 'alpha': 0.25, 'beta': 0.01, 'gamma': 0.4, 'phi': 0.9}"
final,ets,2183 Latokartanon peruskoulu,2017-12,2018-05,5,159.0,146.70742454325014,28.166666666666668,"{'specification': 'ETS(A,Ad,A), deterministic grid', 'sse': 68981.25642103009, 'alpha': 0.25, 'beta': 0.01, 'gamma': 0.4, 'phi': 0.9}"
final,ets,2183 Latokartanon peruskoulu,2017-12,2018-06,6,29.0,16.620938149056542,28.166666666666668,"{'specification': 'ETS(A,Ad,A), deterministic grid', 'sse': 68981.25642103009, 'alpha': 0.25, 'beta': 0.01, 'gamma': 0.4, 'phi': 0.9}"
final,ets,2183 Latokartanon peruskoulu,2017-12,2018-07,7,10.0,0.0,28.166666666666668,"{'specification': 'ETS(A,Ad,A), deterministic grid', 'sse': 68981.25642103009, 'alpha': 0.25, 'beta': 0.01, 'gamma': 0.4, 'phi': 0.9}"
final,ets,2183 Latokartanon peruskoulu,2017-12,2018-08,8,149.0,118.45824472804703,28.166666666666668,"{'specification': 'ETS(A,Ad,A), deterministic grid', 'sse': 68981.25642103009, 'alpha': 0.25, 'beta': 0.01, 'gamma': 0.4, 'phi': 0.9}"
final,ets,2183 Latokartanon peruskoulu,2017-12,2018-09,9,177.0,171.6028097992378,28.166666666666668,"{'specification': 'ETS(A,Ad,A), deterministic grid', 'sse': 68981.25642103009, 'alpha': 0.25, 'beta': 0.01, 'gamma': 0.4, 'phi': 0.9}"
final,ets,2183 Latokartanon peruskoulu,2017-12,2018-10,10,143.0,150.7262761418375,28.166666666666668,"{'specification': 'ETS(A,Ad,A), deterministic grid', 'sse': 68981.25642103009, 'alpha': 0.25, 'beta': 0.01, 'gamma': 0.4, 'phi': 0.9}"
final,ets,2183 Latokartanon peruskoulu,2017-12,2018-11,11,214.0,185.40664299486536,28.166666666666668,"{'specification': 'ETS(A,Ad,A), deterministic grid', 'sse': 68981.25642103009, 'alpha': 0.25, 'beta': 0.01, 'gamma': 0.4, 'phi': 0.9}"
final,ets,2183 Latokartanon peruskoulu,2017-12,2018-12,12,119.0,117.64853100746996,28.166666666666668,"{'specification': 'ETS(A,Ad,A), deterministic grid', 'sse': 68981.25642103009, 'alpha': 0.25, 'beta': 0.01, 'gamma': 0.4, 'phi': 0.9}"
final,sarima_paper,2183 Latokartanon peruskoulu,2017-12,2018-01,1,140.0,144.7864583474921,28.166666666666668,"{'aic': 646.5034764297841, 'order': '(0, 1, 2)', 'seasonalOrder': '(0, 1, 1, 12)'}"
final,sarima_paper,2183 Latokartanon peruskoulu,2017-12,2018-02,2,128.0,130.03145711195756,28.166666666666668,"{'aic': 646.5034764297841, 'order': '(0, 1, 2)', 'seasonalOrder': '(0, 1, 1, 12)'}"
final,sarima_paper,2183 Latokartanon peruskoulu,2017-12,2018-03,3,183.0,194.42947132953876,28.166666666666668,"{'aic': 646.5034764297841, 'order': '(0, 1, 2)', 'seasonalOrder': '(0, 1, 1, 12)'}"
final,sarima_paper,2183 Latokartanon peruskoulu,2017-12,2018-04,4,151.0,171.75756516907148,28.166666666666668,"{'aic': 646.5034764297841, 'order': '(0, 1, 2)', 'seasonalOrder': '(0, 1, 1, 12)'}"
final,sarima_paper,2183 Latokartanon peruskoulu,2017-12,2018-05,5,159.0,143.95932353252746,28.166666666666668,"{'aic': 646.5034764297841, 'order': '(0, 1, 2)', 'seasonalOrder': '(0, 1, 1, 12)'}"
final,sarima_paper,2183 Latokartanon peruskoulu,2017-12,2018-06,6,29.0,12.581882228482252,28.166666666666668,"{'aic': 646.5034764297841, 'order': '(0, 1, 2)', 'seasonalOrder': '(0, 1, 1, 12)'}"
final,sarima_paper,2183 Latokartanon peruskoulu,2017-12,2018-07,7,10.0,0.0,28.166666666666668,"{'aic': 646.5034764297841, 'order': '(0, 1, 2)', 'seasonalOrder': '(0, 1, 1, 12)'}"
final,sarima_paper,2183 Latokartanon peruskoulu,2017-12,2018-08,8,149.0,118.05446882768527,28.166666666666668,"{'aic': 646.5034764297841, 'order': '(0, 1, 2)', 'seasonalOrder': '(0, 1, 1, 12)'}"
final,sarima_paper,2183 Latokartanon peruskoulu,2017-12,2018-09,9,177.0,171.71241708955472,28.166666666666668,"{'aic': 646.5034764297841, 'order': '(0, 1, 2)', 'seasonalOrder': '(0, 1, 1, 12)'}"
final,sarima_paper,2183 Latokartanon peruskoulu,2017-12,2018-10,10,143.0,144.73425333546186,28.166666666666668,"{'aic': 646.5034764297841, 'order': '(0, 1, 2)', 'seasonalOrder': '(0, 1, 1, 12)'}"
final,sarima_paper,2183 Latokartanon peruskoulu,2017-12,2018-11,11,214.0,179.14626522128253,28.166666666666668,"{'aic': 646.5034764297841, 'order': '(0, 1, 2)', 'seasonalOrder': '(0, 1, 1, 12)'}"
final,sarima_paper,2183 Latokartanon peruskoulu,2017-12,2018-12,12,119.0,110.75941493863834,28.166666666666668,"{'aic': 646.5034764297841, 'order': '(0, 1, 2)', 'seasonalOrder': '(0, 1, 1, 12)'}"
final,harmonic_ridge,2183 Latokartanon peruskoulu,2017-12,2018-01,1,140.0,158.48182893609243,28.166666666666668,"{'alpha': 10.0, 'features': 8}"
final,harmonic_ridge,2183 Latokartanon peruskoulu,2017-12,2018-02,2,128.0,170.79800598059467,28.166666666666668,"{'alpha': 10.0, 'features': 8}"
final,harmonic_ridge,2183 Latokartanon peruskoulu,2017-12,2018-03,3,183.0,213.78597403119696,28.166666666666668,"{'alpha': 10.0, 'features': 8}"
final,harmonic_ridge,2183 Latokartanon peruskoulu,2017-12,2018-04,4,151.0,179.30747557849287,28.166666666666668,"{'alpha': 10.0, 'features': 8}"
final,harmonic_ridge,2183 Latokartanon peruskoulu,2017-12,2018-05,5,159.0,132.1806740009405,28.166666666666668,"{'alpha': 10.0, 'features': 8}"
final,harmonic_ridge,2183 Latokartanon peruskoulu,2017-12,2018-06,6,29.0,47.51565623064769,28.166666666666668,"{'alpha': 10.0, 'features': 8}"
final,harmonic_ridge,2183 Latokartanon peruskoulu,2017-12,2018-07,7,10.0,21.651976804843088,28.166666666666668,"{'alpha': 10.0, 'features': 8}"
final,harmonic_ridge,2183 Latokartanon peruskoulu,2017-12,2018-08,8,149.0,106.65562630689641,28.166666666666668,"{'alpha': 10.0, 'features': 8}"
final,harmonic_ridge,2183 Latokartanon peruskoulu,2017-12,2018-09,9,177.0,156.4047223577648,28.166666666666668,"{'alpha': 10.0, 'features': 8}"
final,harmonic_ridge,2183 Latokartanon peruskoulu,2017-12,2018-10,10,143.0,137.2673687519302,28.166666666666668,"{'alpha': 10.0, 'features': 8}"
final,harmonic_ridge,2183 Latokartanon peruskoulu,2017-12,2018-11,11,214.0,161.63826767860675,28.166666666666668,"{'alpha': 10.0, 'features': 8}"
final,harmonic_ridge,2183 Latokartanon peruskoulu,2017-12,2018-12,12,119.0,136.50723287088928,28.166666666666668,"{'alpha': 10.0, 'features': 8}"
final,seasonal_naive,4022 Taivallahden peruskoulu,2017-12,2018-01,1,179.0,130.0,61.916666666666664,{'seasonalPeriod': 12}
final,seasonal_naive,4022 Taivallahden peruskoulu,2017-12,2018-02,2,146.0,145.0,61.916666666666664,{'seasonalPeriod': 12}
final,seasonal_naive,4022 Taivallahden peruskoulu,2017-12,2018-03,3,199.0,234.0,61.916666666666664,{'seasonalPeriod': 12}
final,seasonal_naive,4022 Taivallahden peruskoulu,2017-12,2018-04,4,256.0,235.0,61.916666666666664,{'seasonalPeriod': 12}
final,seasonal_naive,4022 Taivallahden peruskoulu,2017-12,2018-05,5,191.0,221.0,61.916666666666664,{'seasonalPeriod': 12}
final,seasonal_naive,4022 Taivallahden peruskoulu,2017-12,2018-06,6,70.0,77.0,61.916666666666664,{'seasonalPeriod': 12}
final,seasonal_naive,4022 Taivallahden peruskoulu,2017-12,2018-07,7,73.0,105.0,61.916666666666664,{'seasonalPeriod': 12}
final,seasonal_naive,4022 Taivallahden peruskoulu,2017-12,2018-08,8,155.0,168.0,61.916666666666664,{'seasonalPeriod': 12}
final,seasonal_naive,4022 Taivallahden peruskoulu,2017-12,2018-09,9,188.0,216.0,61.916666666666664,{'seasonalPeriod': 12}
final,seasonal_naive,4022 Taivallahden peruskoulu,2017-12,2018-10,10,172.0,174.0,61.916666666666664,{'seasonalPeriod': 12}
final,seasonal_naive,4022 Taivallahden peruskoulu,2017-12,2018-11,11,265.0,221.0,61.916666666666664,{'seasonalPeriod': 12}
final,seasonal_naive,4022 Taivallahden peruskoulu,2017-12,2018-12,12,169.0,136.0,61.916666666666664,{'seasonalPeriod': 12}
final,ets,4022 Taivallahden peruskoulu,2017-12,2018-01,1,179.0,130.39833664642276,61.916666666666664,"{'specification': 'ETS(A,Ad,A), deterministic grid', 'sse': 332034.7188912748, 'alpha': 0.25, 'beta': 0.01, 'gamma': 0.4, 'phi': 0.9}"
final,ets,4022 Taivallahden peruskoulu,2017-12,2018-02,2,146.0,145.32643952474774,61.916666666666664,"{'specification': 'ETS(A,Ad,A), deterministic grid', 'sse': 332034.7188912748, 'alpha': 0.25, 'beta': 0.01, 'gamma': 0.4, 'phi': 0.9}"
final,ets,4022 Taivallahden peruskoulu,2017-12,2018-03,3,199.0,224.40670393742744,61.916666666666664,"{'specification': 'ETS(A,Ad,A), deterministic grid', 'sse': 332034.7188912748, 'alpha': 0.25, 'beta': 0.01, 'gamma': 0.4, 'phi': 0.9}"
final,ets,4022 Taivallahden peruskoulu,2017-12,2018-04,4,256.0,214.6575747317926,61.916666666666664,"{'specification': 'ETS(A,Ad,A), deterministic grid', 'sse': 332034.7188912748, 'alpha': 0.25, 'beta': 0.01, 'gamma': 0.4, 'phi': 0.9}"
final,ets,4022 Taivallahden peruskoulu,2017-12,2018-05,5,191.0,188.0972874404726,61.916666666666664,"{'specification': 'ETS(A,Ad,A), deterministic grid', 'sse': 332034.7188912748, 'alpha': 0.25, 'beta': 0.01, 'gamma': 0.4, 'phi': 0.9}"
final,ets,4022 Taivallahden peruskoulu,2017-12,2018-06,6,70.0,107.61479105854727,61.916666666666664,"{'specification': 'ETS(A,Ad,A), deterministic grid', 'sse': 332034.7188912748, 'alpha': 0.25, 'beta': 0.01, 'gamma': 0.4, 'phi': 0.9}"
final,ets,4022 Taivallahden peruskoulu,2017-12,2018-07,7,73.0,145.4516450896391,61.916666666666664,"{'specification': 'ETS(A,Ad,A), deterministic grid', 'sse': 332034.7188912748, 'alpha': 0.25, 'beta': 0.01, 'gamma': 0.4, 'phi': 0.9}"
final,ets,4022 Taivallahden peruskoulu,2017-12,2018-08,8,155.0,160.69541840075732,61.916666666666664,"{'specification': 'ETS(A,Ad,A), deterministic grid', 'sse': 332034.7188912748, 'alpha': 0.25, 'beta': 0.01, 'gamma': 0.4, 'phi': 0.9}"
final,ets,4022 Taivallahden peruskoulu,2017-12,2018-09,9,188.0,209.96332313184834,61.916666666666664,"{'specification': 'ETS(A,Ad,A), deterministic grid', 'sse': 332034.7188912748, 'alpha': 0.25, 'beta': 0.01, 'gamma': 0.4, 'phi': 0.9}"
final,ets,4022 Taivallahden peruskoulu,2017-12,2018-10,10,172.0,181.76357726156803,61.916666666666664,"{'specification': 'ETS(A,Ad,A), deterministic grid', 'sse': 332034.7188912748, 'alpha': 0.25, 'beta': 0.01, 'gamma': 0.4, 'phi': 0.9}"
final,ets,4022 Taivallahden peruskoulu,2017-12,2018-11,11,265.0,202.77809315515603,61.916666666666664,"{'specification': 'ETS(A,Ad,A), deterministic grid', 'sse': 332034.7188912748, 'alpha': 0.25, 'beta': 0.01, 'gamma': 0.4, 'phi': 0.9}"
final,ets,4022 Taivallahden peruskoulu,2017-12,2018-12,12,169.0,145.004199322491,61.916666666666664,"{'specification': 'ETS(A,Ad,A), deterministic grid', 'sse': 332034.7188912748, 'alpha': 0.25, 'beta': 0.01, 'gamma': 0.4, 'phi': 0.9}"
final,sarima_paper,4022 Taivallahden peruskoulu,2017-12,2018-01,1,179.0,118.15854303346758,61.916666666666664,"{'aic': 762.8307360307825, 'order': '(0, 1, 2)', 'seasonalOrder': '(0, 1, 1, 12)'}"
final,sarima_paper,4022 Taivallahden peruskoulu,2017-12,2018-02,2,146.0,137.327050850427,61.916666666666664,"{'aic': 762.8307360307825, 'order': '(0, 1, 2)', 'seasonalOrder': '(0, 1, 1, 12)'}"
final,sarima_paper,4022 Taivallahden peruskoulu,2017-12,2018-03,3,199.0,213.72728597336365,61.916666666666664,"{'aic': 762.8307360307825, 'order': '(0, 1, 2)', 'seasonalOrder': '(0, 1, 1, 12)'}"
final,sarima_paper,4022 Taivallahden peruskoulu,2017-12,2018-04,4,256.0,201.2177568014176,61.916666666666664,"{'aic': 762.8307360307825, 'order': '(0, 1, 2)', 'seasonalOrder': '(0, 1, 1, 12)'}"
final,sarima_paper,4022 Taivallahden peruskoulu,2017-12,2018-05,5,191.0,171.99834782483128,61.916666666666664,"{'aic': 762.8307360307825, 'order': '(0, 1, 2)', 'seasonalOrder': '(0, 1, 1, 12)'}"
final,sarima_paper,4022 Taivallahden peruskoulu,2017-12,2018-06,6,70.0,82.81606283476489,61.916666666666664,"{'aic': 762.8307360307825, 'order': '(0, 1, 2)', 'seasonalOrder': '(0, 1, 1, 12)'}"
final,sarima_paper,4022 Taivallahden peruskoulu,2017-12,2018-07,7,73.0,117.52520688288095,61.916666666666664,"{'aic': 762.8307360307825, 'order': '(0, 1, 2)', 'seasonalOrder': '(0, 1, 1, 12)'}"
final,sarima_paper,4022 Taivallahden peruskoulu,2017-12,2018-08,8,155.0,150.65138187884853,61.916666666666664,"{'aic': 762.8307360307825, 'order': '(0, 1, 2)', 'seasonalOrder': '(0, 1, 1, 12)'}"
final,sarima_paper,4022 Taivallahden peruskoulu,2017-12,2018-09,9,188.0,204.14253911195274,61.916666666666664,"{'aic': 762.8307360307825, 'order': '(0, 1, 2)', 'seasonalOrder': '(0, 1, 1, 12)'}"
final,sarima_paper,4022 Taivallahden peruskoulu,2017-12,2018-10,10,172.0,182.81454685007992,61.916666666666664,"{'aic': 762.8307360307825, 'order': '(0, 1, 2)', 'seasonalOrder': '(0, 1, 1, 12)'}"
final,sarima_paper,4022 Taivallahden peruskoulu,2017-12,2018-11,11,265.0,197.97161330330943,61.916666666666664,"{'aic': 762.8307360307825, 'order': '(0, 1, 2)', 'seasonalOrder': '(0, 1, 1, 12)'}"
final,sarima_paper,4022 Taivallahden peruskoulu,2017-12,2018-12,12,169.0,144.87499275907575,61.916666666666664,"{'aic': 762.8307360307825, 'order': '(0, 1, 2)', 'seasonalOrder': '(0, 1, 1, 12)'}"
final,harmonic_ridge,4022 Taivallahden peruskoulu,2017-12,2018-01,1,179.0,136.20953542279133,61.916666666666664,"{'alpha': 10.0, 'features': 8}"
final,harmonic_ridge,4022 Taivallahden peruskoulu,2017-12,2018-02,2,146.0,140.8787505327454,61.916666666666664,"{'alpha': 10.0, 'features': 8}"
final,harmonic_ridge,4022 Taivallahden peruskoulu,2017-12,2018-03,3,199.0,155.76437334791865,61.916666666666664,"{'alpha': 10.0, 'features': 8}"
final,harmonic_ridge,4022 Taivallahden peruskoulu,2017-12,2018-04,4,256.0,160.10154746202474,61.916666666666664,"{'alpha': 10.0, 'features': 8}"
final,harmonic_ridge,4022 Taivallahden peruskoulu,2017-12,2018-05,5,191.0,157.84503885449266,61.916666666666664,"{'alpha': 10.0, 'features': 8}"
final,harmonic_ridge,4022 Taivallahden peruskoulu,2017-12,2018-06,6,70.0,128.83561483805795,61.916666666666664,"{'alpha': 10.0, 'features': 8}"
final,harmonic_ridge,4022 Taivallahden peruskoulu,2017-12,2018-07,7,73.0,123.64132665221132,61.916666666666664,"{'alpha': 10.0, 'features': 8}"
final,harmonic_ridge,4022 Taivallahden peruskoulu,2017-12,2018-08,8,155.0,138.58770643765587,61.916666666666664,"{'alpha': 10.0, 'features': 8}"
final,harmonic_ridge,4022 Taivallahden peruskoulu,2017-12,2018-09,9,188.0,158.0201580888154,61.916666666666664,"{'alpha': 10.0, 'features': 8}"
final,harmonic_ridge,4022 Taivallahden peruskoulu,2017-12,2018-10,10,172.0,159.79113975698328,61.916666666666664,"{'alpha': 10.0, 'features': 8}"
final,harmonic_ridge,4022 Taivallahden peruskoulu,2017-12,2018-11,11,265.0,169.8926028244062,61.916666666666664,"{'alpha': 10.0, 'features': 8}"
final,harmonic_ridge,4022 Taivallahden peruskoulu,2017-12,2018-12,12,169.0,156.43924552041756,61.916666666666664,"{'alpha': 10.0, 'features': 8}"
final,seasonal_naive,4236 Itäkeskuksen peruskoulu,2017-12,2018-01,1,141.0,110.0,22.285714285714285,{'seasonalPeriod': 12}
final,seasonal_naive,4236 Itäkeskuksen peruskoulu,2017-12,2018-02,2,92.0,101.0,22.285714285714285,{'seasonalPeriod': 12}
final,seasonal_naive,4236 Itäkeskuksen peruskoulu,2017-12,2018-03,3,151.0,175.0,22.285714285714285,{'seasonalPeriod': 12}
final,seasonal_naive,4236 Itäkeskuksen peruskoulu,2017-12,2018-04,4,164.0,138.0,22.285714285714285,{'seasonalPeriod': 12}
final,seasonal_naive,4236 Itäkeskuksen peruskoulu,2017-12,2018-05,5,145.0,159.0,22.285714285714285,{'seasonalPeriod': 12}
final,seasonal_naive,4236 Itäkeskuksen peruskoulu,2017-12,2018-06,6,32.0,34.0,22.285714285714285,{'seasonalPeriod': 12}
final,seasonal_naive,4236 Itäkeskuksen peruskoulu,2017-12,2018-07,7,7.0,17.0,22.285714285714285,{'seasonalPeriod': 12}
final,seasonal_naive,4236 Itäkeskuksen peruskoulu,2017-12,2018-08,8,110.0,123.0,22.285714285714285,{'seasonalPeriod': 12}
final,seasonal_naive,4236 Itäkeskuksen peruskoulu,2017-12,2018-09,9,150.0,159.0,22.285714285714285,{'seasonalPeriod': 12}
final,seasonal_naive,4236 Itäkeskuksen peruskoulu,2017-12,2018-10,10,121.0,132.0,22.285714285714285,{'seasonalPeriod': 12}
final,seasonal_naive,4236 Itäkeskuksen peruskoulu,2017-12,2018-11,11,114.0,148.0,22.285714285714285,{'seasonalPeriod': 12}
final,seasonal_naive,4236 Itäkeskuksen peruskoulu,2017-12,2018-12,12,117.0,95.0,22.285714285714285,{'seasonalPeriod': 12}
final,ets,4236 Itäkeskuksen peruskoulu,2017-12,2018-01,1,141.0,117.0292814368892,22.285714285714285,"{'specification': 'ETS(A,Ad,A), deterministic grid', 'sse': 84084.99417055781, 'alpha': 0.1, 'beta': 0.01, 'gamma': 0.4, 'phi': 0.9}"
final,ets,4236 Itäkeskuksen peruskoulu,2017-12,2018-02,2,92.0,104.5807756749189,22.285714285714285,"{'specification': 'ETS(A,Ad,A), deterministic grid', 'sse': 84084.99417055781, 'alpha': 0.1, 'beta': 0.01, 'gamma': 0.4, 'phi': 0.9}"
final,ets,4236 Itäkeskuksen peruskoulu,2017-12,2018-03,3,151.0,164.05300647461468,22.285714285714285,"{'specification': 'ETS(A,Ad,A), deterministic grid', 'sse': 84084.99417055781, 'alpha': 0.1, 'beta': 0.01, 'gamma': 0.4, 'phi': 0.9}"
final,ets,4236 Itäkeskuksen peruskoulu,2017-12,2018-04,4,164.0,144.08447948634802,22.285714285714285,"{'specification': 'ETS(A,Ad,A), deterministic grid', 'sse': 84084.99417055781, 'alpha': 0.1, 'beta': 0.01, 'gamma': 0.4, 'phi': 0.9}"
final,ets,4236 Itäkeskuksen peruskoulu,2017-12,2018-05,5,145.0,142.08112396378843,22.285714285714285,"{'specification': 'ETS(A,Ad,A), deterministic grid', 'sse': 84084.99417055781, 'alpha': 0.1, 'beta': 0.01, 'gamma': 0.4, 'phi': 0.9}"
final,ets,4236 Itäkeskuksen peruskoulu,2017-12,2018-06,6,32.0,27.557254975258815,22.285714285714285,"{'specification': 'ETS(A,Ad,A), deterministic grid', 'sse': 84084.99417055781, 'alpha': 0.1, 'beta': 0.01, 'gamma': 0.4, 'phi': 0.9}"
final,ets,4236 Itäkeskuksen peruskoulu,2017-12,2018-07,7,7.0,18.10883255360632,22.285714285714285,"{'specification': 'ETS(A,Ad,A), deterministic grid', 'sse': 84084.99417055781, 'alpha': 0.1, 'beta': 0.01, 'gamma': 0.4, 'phi': 0.9}"
final,ets,4236 Itäkeskuksen peruskoulu,2017-12,2018-08,8,110.0,100.53786186167773,22.285714285714285,"{'specification': 'ETS(A,Ad,A), deterministic grid', 'sse': 84084.99417055781, 'alpha': 0.1, 'beta': 0.01, 'gamma': 0.4, 'phi': 0.9}"
final,ets,4236 Itäkeskuksen peruskoulu,2017-12,2018-09,9,150.0,167.84415148568445,22.285714285714285,"{'specification': 'ETS(A,Ad,A), deterministic grid', 'sse': 84084.99417055781, 'alpha': 0.1, 'beta': 0.01, 'gamma': 0.4, 'phi': 0.9}"
final,ets,4236 Itäkeskuksen peruskoulu,2017-12,2018-10,10,121.0,139.82113549712102,22.285714285714285,"{'specification': 'ETS(A,Ad,A), deterministic grid', 'sse': 84084.99417055781, 'alpha': 0.1, 'beta': 0.01, 'gamma': 0.4, 'phi': 0.9}"
final,ets,4236 Itäkeskuksen peruskoulu,2017-12,2018-11,11,114.0,150.1898954281247,22.285714285714285,"{'specification': 'ETS(A,Ad,A), deterministic grid', 'sse': 84084.99417055781, 'alpha': 0.1, 'beta': 0.01, 'gamma': 0.4, 'phi': 0.9}"
final,ets,4236 Itäkeskuksen peruskoulu,2017-12,2018-12,12,117.0,98.03965011950687,22.285714285714285,"{'specification': 'ETS(A,Ad,A), deterministic grid', 'sse': 84084.99417055781, 'alpha': 0.1, 'beta': 0.01, 'gamma': 0.4, 'phi': 0.9}"
final,sarima_paper,4236 Itäkeskuksen peruskoulu,2017-12,2018-01,1,141.0,110.37168837554051,22.285714285714285,"{'aic': 615.3139806024246, 'order': '(0, 1, 2)', 'seasonalOrder': '(0, 1, 1, 12)'}"
final,sarima_paper,4236 Itäkeskuksen peruskoulu,2017-12,2018-02,2,92.0,99.97079557183848,22.285714285714285,"{'aic': 615.3139806024246, 'order': '(0, 1, 2)', 'seasonalOrder': '(0, 1, 1, 12)'}"
final,sarima_paper,4236 Itäkeskuksen peruskoulu,2017-12,2018-03,3,151.0,165.731769493465,22.285714285714285,"{'aic': 615.3139806024246, 'order': '(0, 1, 2)', 'seasonalOrder': '(0, 1, 1, 12)'}"
final,sarima_paper,4236 Itäkeskuksen peruskoulu,2017-12,2018-04,4,164.0,140.91230082611028,22.285714285714285,"{'aic': 615.3139806024246, 'order': '(0, 1, 2)', 'seasonalOrder': '(0, 1, 1, 12)'}"
final,sarima_paper,4236 Itäkeskuksen peruskoulu,2017-12,2018-05,5,145.0,146.38529601385463,22.285714285714285,"{'aic': 615.3139806024246, 'order': '(0, 1, 2)', 'seasonalOrder': '(0, 1, 1, 12)'}"
final,sarima_paper,4236 Itäkeskuksen peruskoulu,2017-12,2018-06,6,32.0,28.586683717686924,22.285714285714285,"{'aic': 615.3139806024246, 'order': '(0, 1, 2)', 'seasonalOrder': '(0, 1, 1, 12)'}"
final,sarima_paper,4236 Itäkeskuksen peruskoulu,2017-12,2018-07,7,7.0,15.740925623104793,22.285714285714285,"{'aic': 615.3139806024246, 'order': '(0, 1, 2)', 'seasonalOrder': '(0, 1, 1, 12)'}"
final,sarima_paper,4236 Itäkeskuksen peruskoulu,2017-12,2018-08,8,110.0,107.07326799196683,22.285714285714285,"{'aic': 615.3139806024246, 'order': '(0, 1, 2)', 'seasonalOrder': '(0, 1, 1, 12)'}"
final,sarima_paper,4236 Itäkeskuksen peruskoulu,2017-12,2018-09,9,150.0,160.41054927421416,22.285714285714285,"{'aic': 615.3139806024246, 'order': '(0, 1, 2)', 'seasonalOrder': '(0, 1, 1, 12)'}"
final,sarima_paper,4236 Itäkeskuksen peruskoulu,2017-12,2018-10,10,121.0,130.25421054744925,22.285714285714285,"{'aic': 615.3139806024246, 'order': '(0, 1, 2)', 'seasonalOrder': '(0, 1, 1, 12)'}"
final,sarima_paper,4236 Itäkeskuksen peruskoulu,2017-12,2018-11,11,114.0,146.5701322292819,22.285714285714285,"{'aic': 615.3139806024246, 'order': '(0, 1, 2)', 'seasonalOrder': '(0, 1, 1, 12)'}"
final,sarima_paper,4236 Itäkeskuksen peruskoulu,2017-12,2018-12,12,117.0,93.44328238463692,22.285714285714285,"{'aic': 615.3139806024246, 'order': '(0, 1, 2)', 'seasonalOrder': '(0, 1, 1, 12)'}"
final,harmonic_ridge,4236 Itäkeskuksen peruskoulu,2017-12,2018-01,1,141.0,124.30315958126711,22.285714285714285,"{'alpha': 10.0, 'features': 8}"
final,harmonic_ridge,4236 Itäkeskuksen peruskoulu,2017-12,2018-02,2,92.0,121.03325838444405,22.285714285714285,"{'alpha': 10.0, 'features': 8}"
final,harmonic_ridge,4236 Itäkeskuksen peruskoulu,2017-12,2018-03,3,151.0,160.33794068693004,22.285714285714285,"{'alpha': 10.0, 'features': 8}"
final,harmonic_ridge,4236 Itäkeskuksen peruskoulu,2017-12,2018-04,4,164.0,130.40667281351355,22.285714285714285,"{'alpha': 10.0, 'features': 8}"
final,harmonic_ridge,4236 Itäkeskuksen peruskoulu,2017-12,2018-05,5,145.0,129.53172545897192,22.285714285714285,"{'alpha': 10.0, 'features': 8}"
final,harmonic_ridge,4236 Itäkeskuksen peruskoulu,2017-12,2018-06,6,32.0,52.4883075821829,22.285714285714285,"{'alpha': 10.0, 'features': 8}"
final,harmonic_ridge,4236 Itäkeskuksen peruskoulu,2017-12,2018-07,7,7.0,39.91863667476012,22.285714285714285,"{'alpha': 10.0, 'features': 8}"
final,harmonic_ridge,4236 Itäkeskuksen peruskoulu,2017-12,2018-08,8,110.0,103.67531106275263,22.285714285714285,"{'alpha': 10.0, 'features': 8}"
final,harmonic_ridge,4236 Itäkeskuksen peruskoulu,2017-12,2018-09,9,150.0,144.06263808169675,22.285714285714285,"{'alpha': 10.0, 'features': 8}"
final,harmonic_ridge,4236 Itäkeskuksen peruskoulu,2017-12,2018-10,10,121.0,135.33827260233033,22.285714285714285,"{'alpha': 10.0, 'features': 8}"
final,harmonic_ridge,4236 Itäkeskuksen peruskoulu,2017-12,2018-11,11,114.0,138.90712742926448,22.285714285714285,"{'alpha': 10.0, 'features': 8}"
final,harmonic_ridge,4236 Itäkeskuksen peruskoulu,2017-12,2018-12,12,117.0,112.23968444584149,22.285714285714285,"{'alpha': 10.0, 'features': 8}"
final,seasonal_naive,4303 Kontulan ala-asteen koulu,2017-12,2018-01,1,131.0,72.0,35.45238095238095,{'seasonalPeriod': 12}
final,seasonal_naive,4303 Kontulan ala-asteen koulu,2017-12,2018-02,2,157.0,128.0,35.45238095238095,{'seasonalPeriod': 12}
final,seasonal_naive,4303 Kontulan ala-asteen koulu,2017-12,2018-03,3,185.0,142.0,35.45238095238095,{'seasonalPeriod': 12}
final,seasonal_naive,4303 Kontulan ala-asteen koulu,2017-12,2018-04,4,179.0,215.0,35.45238095238095,{'seasonalPeriod': 12}
final,seasonal_naive,4303 Kontulan ala-asteen koulu,2017-12,2018-05,5,185.0,80.0,35.45238095238095,{'seasonalPeriod': 12}
final,seasonal_naive,4303 Kontulan ala-asteen koulu,2017-12,2018-06,6,23.0,77.0,35.45238095238095,{'seasonalPeriod': 12}
final,seasonal_naive,4303 Kontulan ala-asteen koulu,2017-12,2018-07,7,8.0,6.0,35.45238095238095,{'seasonalPeriod': 12}
final,seasonal_naive,4303 Kontulan ala-asteen koulu,2017-12,2018-08,8,104.0,96.0,35.45238095238095,{'seasonalPeriod': 12}
final,seasonal_naive,4303 Kontulan ala-asteen koulu,2017-12,2018-09,9,133.0,124.0,35.45238095238095,{'seasonalPeriod': 12}
final,seasonal_naive,4303 Kontulan ala-asteen koulu,2017-12,2018-10,10,148.0,100.0,35.45238095238095,{'seasonalPeriod': 12}
final,seasonal_naive,4303 Kontulan ala-asteen koulu,2017-12,2018-11,11,137.0,135.0,35.45238095238095,{'seasonalPeriod': 12}
final,seasonal_naive,4303 Kontulan ala-asteen koulu,2017-12,2018-12,12,101.0,131.0,35.45238095238095,{'seasonalPeriod': 12}
final,ets,4303 Kontulan ala-asteen koulu,2017-12,2018-01,1,131.0,96.79385463239902,35.45238095238095,"{'specification': 'ETS(A,Ad,A), deterministic grid', 'sse': 206195.90610291655, 'alpha': 0.1, 'beta': 0.01, 'gamma': 0.2, 'phi': 0.9}"
final,ets,4303 Kontulan ala-asteen koulu,2017-12,2018-02,2,157.0,99.7886257911149,35.45238095238095,"{'specification': 'ETS(A,Ad,A), deterministic grid', 'sse': 206195.90610291655, 'alpha': 0.1, 'beta': 0.01, 'gamma': 0.2, 'phi': 0.9}"
final,ets,4303 Kontulan ala-asteen koulu,2017-12,2018-03,3,185.0,151.9835815115355,35.45238095238095,"{'specification': 'ETS(A,Ad,A), deterministic grid', 'sse': 206195.90610291655, 'alpha': 0.1, 'beta': 0.01, 'gamma': 0.2, 'phi': 0.9}"
final,ets,4303 Kontulan ala-asteen koulu,2017-12,2018-04,4,179.0,129.52309112187308,35.45238095238095,"{'specification': 'ETS(A,Ad,A), deterministic grid', 'sse': 206195.90610291655, 'alpha': 0.1, 'beta': 0.01, 'gamma': 0.2, 'phi': 0.9}"
final,ets,4303 Kontulan ala-asteen koulu,2017-12,2018-05,5,185.0,96.37429079014525,35.45238095238095,"{'specification': 'ETS(A,Ad,A), deterministic grid', 'sse': 206195.90610291655, 'alpha': 0.1, 'beta': 0.01, 'gamma': 0.2, 'phi': 0.9}"
final,ets,4303 Kontulan ala-asteen koulu,2017-12,2018-06,6,23.0,57.015842989291166,35.45238095238095,"{'specification': 'ETS(A,Ad,A), deterministic grid', 'sse': 206195.90610291655, 'alpha': 0.1, 'beta': 0.01, 'gamma': 0.2, 'phi': 0.9}"
final,ets,4303 Kontulan ala-asteen koulu,2017-12,2018-07,7,8.0,43.23804617441213,35.45238095238095,"{'specification': 'ETS(A,Ad,A), deterministic grid', 'sse': 206195.90610291655, 'alpha': 0.1, 'beta': 0.01, 'gamma': 0.2, 'phi': 0.9}"
final,ets,4303 Kontulan ala-asteen koulu,2017-12,2018-08,8,104.0,129.26981948395436,35.45238095238095,"{'specification': 'ETS(A,Ad,A), deterministic grid', 'sse': 206195.90610291655, 'alpha': 0.1, 'beta': 0.01, 'gamma': 0.2, 'phi': 0.9}"
final,ets,4303 Kontulan ala-asteen koulu,2017-12,2018-09,9,133.0,164.82928570353914,35.45238095238095,"{'specification': 'ETS(A,Ad,A), deterministic grid', 'sse': 206195.90610291655, 'alpha': 0.1, 'beta': 0.01, 'gamma': 0.2, 'phi': 0.9}"
final,ets,4303 Kontulan ala-asteen koulu,2017-12,2018-10,10,148.0,111.3918948187233,35.45238095238095,"{'specification': 'ETS(A,Ad,A), deterministic grid', 'sse': 206195.90610291655, 'alpha': 0.1, 'beta': 0.01, 'gamma': 0.2, 'phi': 0.9}"
final,ets,4303 Kontulan ala-asteen koulu,2017-12,2018-11,11,137.0,122.31109903907048,35.45238095238095,"{'specification': 'ETS(A,Ad,A), deterministic grid', 'sse': 206195.90610291655, 'alpha': 0.1, 'beta': 0.01, 'gamma': 0.2, 'phi': 0.9}"
final,ets,4303 Kontulan ala-asteen koulu,2017-12,2018-12,12,101.0,92.20767164525863,35.45238095238095,"{'specification': 'ETS(A,Ad,A), deterministic grid', 'sse': 206195.90610291655, 'alpha': 0.1, 'beta': 0.01, 'gamma': 0.2, 'phi': 0.9}"
final,sarima_paper,4303 Kontulan ala-asteen koulu,2017-12,2018-01,1,131.0,101.81984907370585,35.45238095238095,"{'aic': 742.2848408378202, 'order': '(0, 1, 2)', 'seasonalOrder': '(0, 1, 1, 12)'}"
final,sarima_paper,4303 Kontulan ala-asteen koulu,2017-12,2018-02,2,157.0,104.96177570533732,35.45238095238095,"{'aic': 742.2848408378202, 'order': '(0, 1, 2)', 'seasonalOrder': '(0, 1, 1, 12)'}"
final,sarima_paper,4303 Kontulan ala-asteen koulu,2017-12,2018-03,3,185.0,154.85057673411436,35.45238095238095,"{'aic': 742.2848408378202, 'order': '(0, 1, 2)', 'seasonalOrder': '(0, 1, 1, 12)'}"
final,sarima_paper,4303 Kontulan ala-asteen koulu,2017-12,2018-04,4,179.0,132.23511201232222,35.45238095238095,"{'aic': 742.2848408378202, 'order': '(0, 1, 2)', 'seasonalOrder': '(0, 1, 1, 12)'}"
final,sarima_paper,4303 Kontulan ala-asteen koulu,2017-12,2018-05,5,185.0,107.9827581314035,35.45238095238095,"{'aic': 742.2848408378202, 'order': '(0, 1, 2)', 'seasonalOrder': '(0, 1, 1, 12)'}"
final,sarima_paper,4303 Kontulan ala-asteen koulu,2017-12,2018-06,6,23.0,59.6162161220322,35.45238095238095,"{'aic': 742.2848408378202, 'order': '(0, 1, 2)', 'seasonalOrder': '(0, 1, 1, 12)'}"
final,sarima_paper,4303 Kontulan ala-asteen koulu,2017-12,2018-07,7,8.0,49.87263277444981,35.45238095238095,"{'aic': 742.2848408378202, 'order': '(0, 1, 2)', 'seasonalOrder': '(0, 1, 1, 12)'}"
final,sarima_paper,4303 Kontulan ala-asteen koulu,2017-12,2018-08,8,104.0,129.47995990165688,35.45238095238095,"{'aic': 742.2848408378202, 'order': '(0, 1, 2)', 'seasonalOrder': '(0, 1, 1, 12)'}"
final,sarima_paper,4303 Kontulan ala-asteen koulu,2017-12,2018-09,9,133.0,164.85017214052544,35.45238095238095,"{'aic': 742.2848408378202, 'order': '(0, 1, 2)', 'seasonalOrder': '(0, 1, 1, 12)'}"
final,sarima_paper,4303 Kontulan ala-asteen koulu,2017-12,2018-10,10,148.0,119.86762903883141,35.45238095238095,"{'aic': 742.2848408378202, 'order': '(0, 1, 2)', 'seasonalOrder': '(0, 1, 1, 12)'}"
final,sarima_paper,4303 Kontulan ala-asteen koulu,2017-12,2018-11,11,137.0,130.72954596862326,35.45238095238095,"{'aic': 742.2848408378202, 'order': '(0, 1, 2)', 'seasonalOrder': '(0, 1, 1, 12)'}"
final,sarima_paper,4303 Kontulan ala-asteen koulu,2017-12,2018-12,12,101.0,93.98088603300344,35.45238095238095,"{'aic': 742.2848408378202, 'order': '(0, 1, 2)', 'seasonalOrder': '(0, 1, 1, 12)'}"
final,harmonic_ridge,4303 Kontulan ala-asteen koulu,2017-12,2018-01,1,131.0,119.3794511225091,35.45238095238095,"{'alpha': 10.0, 'features': 8}"
final,harmonic_ridge,4303 Kontulan ala-asteen koulu,2017-12,2018-02,2,157.0,123.52152731529634,35.45238095238095,"{'alpha': 10.0, 'features': 8}"
final,harmonic_ridge,4303 Kontulan ala-asteen koulu,2017-12,2018-03,3,185.0,124.08573751389923,35.45238095238095,"{'alpha': 10.0, 'features': 8}"
final,harmonic_ridge,4303 Kontulan ala-asteen koulu,2017-12,2018-04,4,179.0,135.50582806134682,35.45238095238095,"{'alpha': 10.0, 'features': 8}"
final,harmonic_ridge,4303 Kontulan ala-asteen koulu,2017-12,2018-05,5,185.0,101.8566871734784,35.45238095238095,"{'alpha': 10.0, 'features': 8}"
final,harmonic_ridge,4303 Kontulan ala-asteen koulu,2017-12,2018-06,6,23.0,93.72882393970536,35.45238095238095,"{'alpha': 10.0, 'features': 8}"
final,harmonic_ridge,4303 Kontulan ala-asteen koulu,2017-12,2018-07,7,8.0,78.49882411761519,35.45238095238095,"{'alpha': 10.0, 'features': 8}"
final,harmonic_ridge,4303 Kontulan ala-asteen koulu,2017-12,2018-08,8,104.0,104.30743787111358,35.45238095238095,"{'alpha': 10.0, 'features': 8}"
final,harmonic_ridge,4303 Kontulan ala-asteen koulu,2017-12,2018-09,9,133.0,119.82419324548079,35.45238095238095,"{'alpha': 10.0, 'features': 8}"
final,harmonic_ridge,4303 Kontulan ala-asteen koulu,2017-12,2018-10,10,148.0,121.86620845680767,35.45238095238095,"{'alpha': 10.0, 'features': 8}"
final,harmonic_ridge,4303 Kontulan ala-asteen koulu,2017-12,2018-11,11,137.0,129.8306159379878,35.45238095238095,"{'alpha': 10.0, 'features': 8}"
final,harmonic_ridge,4303 Kontulan ala-asteen koulu,2017-12,2018-12,12,101.0,130.85689712614487,35.45238095238095,"{'alpha': 10.0, 'features': 8}"
final,seasonal_naive,4320 Crusellin peruskoulu,2017-12,2018-01,1,83.0,75.0,24.892857142857142,{'seasonalPeriod': 12}
final,seasonal_naive,4320 Crusellin peruskoulu,2017-12,2018-02,2,75.0,88.0,24.892857142857142,{'seasonalPeriod': 12}
final,seasonal_naive,4320 Crusellin peruskoulu,2017-12,2018-03,3,102.0,112.0,24.892857142857142,{'seasonalPeriod': 12}
final,seasonal_naive,4320 Crusellin peruskoulu,2017-12,2018-04,4,96.0,72.0,24.892857142857142,{'seasonalPeriod': 12}
final,seasonal_naive,4320 Crusellin peruskoulu,2017-12,2018-05,5,89.0,71.0,24.892857142857142,{'seasonalPeriod': 12}
final,seasonal_naive,4320 Crusellin peruskoulu,2017-12,2018-06,6,13.0,40.0,24.892857142857142,{'seasonalPeriod': 12}
final,seasonal_naive,4320 Crusellin peruskoulu,2017-12,2018-07,7,13.0,37.0,24.892857142857142,{'seasonalPeriod': 12}
final,seasonal_naive,4320 Crusellin peruskoulu,2017-12,2018-08,8,75.0,62.0,24.892857142857142,{'seasonalPeriod': 12}
final,seasonal_naive,4320 Crusellin peruskoulu,2017-12,2018-09,9,99.0,72.0,24.892857142857142,{'seasonalPeriod': 12}
final,seasonal_naive,4320 Crusellin peruskoulu,2017-12,2018-10,10,93.0,76.0,24.892857142857142,{'seasonalPeriod': 12}
final,seasonal_naive,4320 Crusellin peruskoulu,2017-12,2018-11,11,115.0,94.0,24.892857142857142,{'seasonalPeriod': 12}
final,seasonal_naive,4320 Crusellin peruskoulu,2017-12,2018-12,12,104.0,82.0,24.892857142857142,{'seasonalPeriod': 12}
final,ets,4320 Crusellin peruskoulu,2017-12,2018-01,1,83.0,83.62439660716224,24.892857142857142,"{'specification': 'ETS(A,Ad,A), deterministic grid', 'sse': 34798.27425612622, 'alpha': 0.5, 'beta': 0.01, 'gamma': 0.4, 'phi': 0.9}"
final,ets,4320 Crusellin peruskoulu,2017-12,2018-02,2,75.0,88.8909991328005,24.892857142857142,"{'specification': 'ETS(A,Ad,A), deterministic grid', 'sse': 34798.27425612622, 'alpha': 0.5, 'beta': 0.01, 'gamma': 0.4, 'phi': 0.9}"
final,ets,4320 Crusellin peruskoulu,2017-12,2018-03,3,102.0,118.41293279831552,24.892857142857142,"{'specification': 'ETS(A,Ad,A), deterministic grid', 'sse': 34798.27425612622, 'alpha': 0.5, 'beta': 0.01, 'gamma': 0.4, 'phi': 0.9}"
final,ets,4320 Crusellin peruskoulu,2017-12,2018-04,4,96.0,103.6310514293533,24.892857142857142,"{'specification': 'ETS(A,Ad,A), deterministic grid', 'sse': 34798.27425612622, 'alpha': 0.5, 'beta': 0.01, 'gamma': 0.4, 'phi': 0.9}"
final,ets,4320 Crusellin peruskoulu,2017-12,2018-05,5,89.0,103.46608759052764,24.892857142857142,"{'specification': 'ETS(A,Ad,A), deterministic grid', 'sse': 34798.27425612622, 'alpha': 0.5, 'beta': 0.01, 'gamma': 0.4, 'phi': 0.9}"
final,ets,4320 Crusellin peruskoulu,2017-12,2018-06,6,13.0,45.13408263129345,24.892857142857142,"{'specification': 'ETS(A,Ad,A), deterministic grid', 'sse': 34798.27425612622, 'alpha': 0.5, 'beta': 0.01, 'gamma': 0.4, 'phi': 0.9}"
final,ets,4320 Crusellin peruskoulu,2017-12,2018-07,7,13.0,41.737198680399146,24.892857142857142,"{'specification': 'ETS(A,Ad,A), deterministic grid', 'sse': 34798.27425612622, 'alpha': 0.5, 'beta': 0.01, 'gamma': 0.4, 'phi': 0.9}"
final,ets,4320 Crusellin peruskoulu,2017-12,2018-08,8,75.0,69.37901570956154,24.892857142857142,"{'specification': 'ETS(A,Ad,A), deterministic grid', 'sse': 34798.27425612622, 'alpha': 0.5, 'beta': 0.01, 'gamma': 0.4, 'phi': 0.9}"
final,ets,4320 Crusellin peruskoulu,2017-12,2018-09,9,99.0,95.36907230009365,24.892857142857142,"{'specification': 'ETS(A,Ad,A), deterministic grid', 'sse': 34798.27425612622, 'alpha': 0.5, 'beta': 0.01, 'gamma': 0.4, 'phi': 0.9}"
final,ets,4320 Crusellin peruskoulu,2017-12,2018-10,10,93.0,90.46016859105342,24.892857142857142,"{'specification': 'ETS(A,Ad,A), deterministic grid', 'sse': 34798.27425612622, 'alpha': 0.5, 'beta': 0.01, 'gamma': 0.4, 'phi': 0.9}"
final,ets,4320 Crusellin peruskoulu,2017-12,2018-11,11,115.0,104.0203416320231,24.892857142857142,"{'specification': 'ETS(A,Ad,A), deterministic grid', 'sse': 34798.27425612622, 'alpha': 0.5, 'beta': 0.01, 'gamma': 0.4, 'phi': 0.9}"
final,ets,4320 Crusellin peruskoulu,2017-12,2018-12,12,104.0,75.9148877297766,24.892857142857142,"{'specification': 'ETS(A,Ad,A), deterministic grid', 'sse': 34798.27425612622, 'alpha': 0.5, 'beta': 0.01, 'gamma': 0.4, 'phi': 0.9}"
final,sarima_paper,4320 Crusellin peruskoulu,2017-12,2018-01,1,83.0,79.86272130931982,24.892857142857142,"{'aic': 610.687772148511, 'order': '(0, 1, 2)', 'seasonalOrder': '(0, 1, 1, 12)'}"
final,sarima_paper,4320 Crusellin peruskoulu,2017-12,2018-02,2,75.0,78.31771051852435,24.892857142857142,"{'aic': 610.687772148511, 'order': '(0, 1, 2)', 'seasonalOrder': '(0, 1, 1, 12)'}"
final,sarima_paper,4320 Crusellin peruskoulu,2017-12,2018-03,3,102.0,108.48227669728357,24.892857142857142,"{'aic': 610.687772148511, 'order': '(0, 1, 2)', 'seasonalOrder': '(0, 1, 1, 12)'}"
final,sarima_paper,4320 Crusellin peruskoulu,2017-12,2018-04,4,96.0,91.98274729160444,24.892857142857142,"{'aic': 610.687772148511, 'order': '(0, 1, 2)', 'seasonalOrder': '(0, 1, 1, 12)'}"
final,sarima_paper,4320 Crusellin peruskoulu,2017-12,2018-05,5,89.0,90.23210421471698,24.892857142857142,"{'aic': 610.687772148511, 'order': '(0, 1, 2)', 'seasonalOrder': '(0, 1, 1, 12)'}"
final,sarima_paper,4320 Crusellin peruskoulu,2017-12,2018-06,6,13.0,24.3588341004179,24.892857142857142,"{'aic': 610.687772148511, 'order': '(0, 1, 2)', 'seasonalOrder': '(0, 1, 1, 12)'}"
final,sarima_paper,4320 Crusellin peruskoulu,2017-12,2018-07,7,13.0,24.733619198520298,24.892857142857142,"{'aic': 610.687772148511, 'order': '(0, 1, 2)', 'seasonalOrder': '(0, 1, 1, 12)'}"
final,sarima_paper,4320 Crusellin peruskoulu,2017-12,2018-08,8,75.0,60.10783815523898,24.892857142857142,"{'aic': 610.687772148511, 'order': '(0, 1, 2)', 'seasonalOrder': '(0, 1, 1, 12)'}"
final,sarima_paper,4320 Crusellin peruskoulu,2017-12,2018-09,9,99.0,92.3573014808394,24.892857142857142,"{'aic': 610.687772148511, 'order': '(0, 1, 2)', 'seasonalOrder': '(0, 1, 1, 12)'}"
final,sarima_paper,4320 Crusellin peruskoulu,2017-12,2018-10,10,93.0,87.23282281508816,24.892857142857142,"{'aic': 610.687772148511, 'order': '(0, 1, 2)', 'seasonalOrder': '(0, 1, 1, 12)'}"
final,sarima_paper,4320 Crusellin peruskoulu,2017-12,2018-11,11,115.0,96.35718902069905,24.892857142857142,"{'aic': 610.687772148511, 'order': '(0, 1, 2)', 'seasonalOrder': '(0, 1, 1, 12)'}"
final,sarima_paper,4320 Crusellin peruskoulu,2017-12,2018-12,12,104.0,67.73234719381459,24.892857142857142,"{'aic': 610.687772148511, 'order': '(0, 1, 2)', 'seasonalOrder': '(0, 1, 1, 12)'}"
final,harmonic_ridge,4320 Crusellin peruskoulu,2017-12,2018-01,1,83.0,85.04819636904766,24.892857142857142,"{'alpha': 10.0, 'features': 8}"
final,harmonic_ridge,4320 Crusellin peruskoulu,2017-12,2018-02,2,75.0,87.41563409529414,24.892857142857142,"{'alpha': 10.0, 'features': 8}"
final,harmonic_ridge,4320 Crusellin peruskoulu,2017-12,2018-03,3,102.0,91.666536069743,24.892857142857142,"{'alpha': 10.0, 'features': 8}"
final,harmonic_ridge,4320 Crusellin peruskoulu,2017-12,2018-04,4,96.0,77.62145808691997,24.892857142857142,"{'alpha': 10.0, 'features': 8}"
final,harmonic_ridge,4320 Crusellin peruskoulu,2017-12,2018-05,5,89.0,68.915780247918,24.892857142857142,"{'alpha': 10.0, 'features': 8}"
final,harmonic_ridge,4320 Crusellin peruskoulu,2017-12,2018-06,6,13.0,56.0021155264856,24.892857142857142,"{'alpha': 10.0, 'features': 8}"
final,harmonic_ridge,4320 Crusellin peruskoulu,2017-12,2018-07,7,13.0,52.1765236864054,24.892857142857142,"{'alpha': 10.0, 'features': 8}"
final,harmonic_ridge,4320 Crusellin peruskoulu,2017-12,2018-08,8,75.0,61.17812948573399,24.892857142857142,"{'alpha': 10.0, 'features': 8}"
final,harmonic_ridge,4320 Crusellin peruskoulu,2017-12,2018-09,9,99.0,71.43618050290749,24.892857142857142,"{'alpha': 10.0, 'features': 8}"
final,harmonic_ridge,4320 Crusellin peruskoulu,2017-12,2018-10,10,93.0,79.9100343414207,24.892857142857142,"{'alpha': 10.0, 'features': 8}"
final,harmonic_ridge,4320 Crusellin peruskoulu,2017-12,2018-11,11,115.0,90.40689332477045,24.892857142857142,"{'alpha': 10.0, 'features': 8}"
final,harmonic_ridge,4320 Crusellin peruskoulu,2017-12,2018-12,12,104.0,91.68681503767878,24.892857142857142,"{'alpha': 10.0, 'features': 8}"
final,seasonal_naive,4513 Aurinkolahden peruskoulu,2017-12,2018-01,1,107.0,118.0,22.142857142857142,{'seasonalPeriod': 12}
final,seasonal_naive,4513 Aurinkolahden peruskoulu,2017-12,2018-02,2,105.0,106.0,22.142857142857142,{'seasonalPeriod': 12}
final,seasonal_naive,4513 Aurinkolahden peruskoulu,2017-12,2018-03,3,145.0,159.0,22.142857142857142,{'seasonalPeriod': 12}
final,seasonal_naive,4513 Aurinkolahden peruskoulu,2017-12,2018-04,4,139.0,137.0,22.142857142857142,{'seasonalPeriod': 12}
final,seasonal_naive,4513 Aurinkolahden peruskoulu,2017-12,2018-05,5,145.0,125.0,22.142857142857142,{'seasonalPeriod': 12}
final,seasonal_naive,4513 Aurinkolahden peruskoulu,2017-12,2018-06,6,30.0,35.0,22.142857142857142,{'seasonalPeriod': 12}
final,seasonal_naive,4513 Aurinkolahden peruskoulu,2017-12,2018-07,7,7.0,4.0,22.142857142857142,{'seasonalPeriod': 12}
final,seasonal_naive,4513 Aurinkolahden peruskoulu,2017-12,2018-08,8,113.0,101.0,22.142857142857142,{'seasonalPeriod': 12}
final,seasonal_naive,4513 Aurinkolahden peruskoulu,2017-12,2018-09,9,174.0,148.0,22.142857142857142,{'seasonalPeriod': 12}
final,seasonal_naive,4513 Aurinkolahden peruskoulu,2017-12,2018-10,10,125.0,111.0,22.142857142857142,{'seasonalPeriod': 12}
final,seasonal_naive,4513 Aurinkolahden peruskoulu,2017-12,2018-11,11,158.0,160.0,22.142857142857142,{'seasonalPeriod': 12}
final,seasonal_naive,4513 Aurinkolahden peruskoulu,2017-12,2018-12,12,105.0,103.0,22.142857142857142,{'seasonalPeriod': 12}
final,ets,4513 Aurinkolahden peruskoulu,2017-12,2018-01,1,107.0,118.48804758777277,22.142857142857142,"{'specification': 'ETS(A,Ad,A), deterministic grid', 'sse': 46333.61844531209, 'alpha': 0.1, 'beta': 0.01, 'gamma': 0.4, 'phi': 0.9}"
final,ets,4513 Aurinkolahden peruskoulu,2017-12,2018-02,2,105.0,115.41067041344961,22.142857142857142,"{'specification': 'ETS(A,Ad,A), deterministic grid', 'sse': 46333.61844531209, 'alpha': 0.1, 'beta': 0.01, 'gamma': 0.4, 'phi': 0.9}"
final,ets,4513 Aurinkolahden peruskoulu,2017-12,2018-03,3,145.0,175.56487447194712,22.142857142857142,"{'specification': 'ETS(A,Ad,A), deterministic grid', 'sse': 46333.61844531209, 'alpha': 0.1, 'beta': 0.01, 'gamma': 0.4, 'phi': 0.9}"
final,ets,4513 Aurinkolahden peruskoulu,2017-12,2018-04,4,139.0,131.15614913523038,22.142857142857142,"{'specification': 'ETS(A,Ad,A), deterministic grid', 'sse': 46333.61844531209, 'alpha': 0.1, 'beta': 0.01, 'gamma': 0.4, 'phi': 0.9}"
final,ets,4513 Aurinkolahden peruskoulu,2017-12,2018-05,5,145.0,123.02617660638779,22.142857142857142,"{'specification': 'ETS(A,Ad,A), deterministic grid', 'sse': 46333.61844531209, 'alpha': 0.1, 'beta': 0.01, 'gamma': 0.4, 'phi': 0.9}"
final,ets,4513 Aurinkolahden peruskoulu,2017-12,2018-06,6,30.0,26.070847390882122,22.142857142857142,"{'specification': 'ETS(A,Ad,A), deterministic grid', 'sse': 46333.61844531209, 'alpha': 0.1, 'beta': 0.01, 'gamma': 0.4, 'phi': 0.9}"
final,ets,4513 Aurinkolahden peruskoulu,2017-12,2018-07,7,7.0,9.835174752899704,22.142857142857142,"{'specification': 'ETS(A,Ad,A), deterministic grid', 'sse': 46333.61844531209, 'alpha': 0.1, 'beta': 0.01, 'gamma': 0.4, 'phi': 0.9}"
final,ets,4513 Aurinkolahden peruskoulu,2017-12,2018-08,8,113.0,96.68562254718978,22.142857142857142,"{'specification': 'ETS(A,Ad,A), deterministic grid', 'sse': 46333.61844531209, 'alpha': 0.1, 'beta': 0.01, 'gamma': 0.4, 'phi': 0.9}"
final,ets,4513 Aurinkolahden peruskoulu,2017-12,2018-09,9,174.0,153.5923862053632,22.142857142857142,"{'specification': 'ETS(A,Ad,A), deterministic grid', 'sse': 46333.61844531209, 'alpha': 0.1, 'beta': 0.01, 'gamma': 0.4, 'phi': 0.9}"
final,ets,4513 Aurinkolahden peruskoulu,2017-12,2018-10,10,125.0,118.74053289053165,22.142857142857142,"{'specification': 'ETS(A,Ad,A), deterministic grid', 'sse': 46333.61844531209, 'alpha': 0.1, 'beta': 0.01, 'gamma': 0.4, 'phi': 0.9}"
final,ets,4513 Aurinkolahden peruskoulu,2017-12,2018-11,11,158.0,149.76079090351027,22.142857142857142,"{'specification': 'ETS(A,Ad,A), deterministic grid', 'sse': 46333.61844531209, 'alpha': 0.1, 'beta': 0.01, 'gamma': 0.4, 'phi': 0.9}"
final,ets,4513 Aurinkolahden peruskoulu,2017-12,2018-12,12,105.0,107.56214475628985,22.142857142857142,"{'specification': 'ETS(A,Ad,A), deterministic grid', 'sse': 46333.61844531209, 'alpha': 0.1, 'beta': 0.01, 'gamma': 0.4, 'phi': 0.9}"
final,sarima_paper,4513 Aurinkolahden peruskoulu,2017-12,2018-01,1,107.0,120.30862661204272,22.142857142857142,"{'aic': 618.6076763416752, 'order': '(0, 1, 2)', 'seasonalOrder': '(0, 1, 1, 12)'}"
final,sarima_paper,4513 Aurinkolahden peruskoulu,2017-12,2018-02,2,105.0,111.43801974895965,22.142857142857142,"{'aic': 618.6076763416752, 'order': '(0, 1, 2)', 'seasonalOrder': '(0, 1, 1, 12)'}"
final,sarima_paper,4513 Aurinkolahden peruskoulu,2017-12,2018-03,3,145.0,173.19622484830842,22.142857142857142,"{'aic': 618.6076763416752, 'order': '(0, 1, 2)', 'seasonalOrder': '(0, 1, 1, 12)'}"
final,sarima_paper,4513 Aurinkolahden peruskoulu,2017-12,2018-04,4,139.0,126.8244913952544,22.142857142857142,"{'aic': 618.6076763416752, 'order': '(0, 1, 2)', 'seasonalOrder': '(0, 1, 1, 12)'}"
final,sarima_paper,4513 Aurinkolahden peruskoulu,2017-12,2018-05,5,145.0,125.69606393598737,22.142857142857142,"{'aic': 618.6076763416752, 'order': '(0, 1, 2)', 'seasonalOrder': '(0, 1, 1, 12)'}"
final,sarima_paper,4513 Aurinkolahden peruskoulu,2017-12,2018-06,6,30.0,20.57513697759525,22.142857142857142,"{'aic': 618.6076763416752, 'order': '(0, 1, 2)', 'seasonalOrder': '(0, 1, 1, 12)'}"
final,sarima_paper,4513 Aurinkolahden peruskoulu,2017-12,2018-07,7,7.0,13.199776402829695,22.142857142857142,"{'aic': 618.6076763416752, 'order': '(0, 1, 2)', 'seasonalOrder': '(0, 1, 1, 12)'}"
final,sarima_paper,4513 Aurinkolahden peruskoulu,2017-12,2018-08,8,113.0,93.82278715744997,22.142857142857142,"{'aic': 618.6076763416752, 'order': '(0, 1, 2)', 'seasonalOrder': '(0, 1, 1, 12)'}"
final,sarima_paper,4513 Aurinkolahden peruskoulu,2017-12,2018-09,9,174.0,148.1967485452621,22.142857142857142,"{'aic': 618.6076763416752, 'order': '(0, 1, 2)', 'seasonalOrder': '(0, 1, 1, 12)'}"
final,sarima_paper,4513 Aurinkolahden peruskoulu,2017-12,2018-10,10,125.0,122.82437737487741,22.142857142857142,"{'aic': 618.6076763416752, 'order': '(0, 1, 2)', 'seasonalOrder': '(0, 1, 1, 12)'}"
final,sarima_paper,4513 Aurinkolahden peruskoulu,2017-12,2018-11,11,158.0,143.32224664112545,22.142857142857142,"{'aic': 618.6076763416752, 'order': '(0, 1, 2)', 'seasonalOrder': '(0, 1, 1, 12)'}"
final,sarima_paper,4513 Aurinkolahden peruskoulu,2017-12,2018-12,12,105.0,104.07143119007148,22.142857142857142,"{'aic': 618.6076763416752, 'order': '(0, 1, 2)', 'seasonalOrder': '(0, 1, 1, 12)'}"
final,harmonic_ridge,4513 Aurinkolahden peruskoulu,2017-12,2018-01,1,107.0,123.48988968238814,22.142857142857142,"{'alpha': 10.0, 'features': 8}"
final,harmonic_ridge,4513 Aurinkolahden peruskoulu,2017-12,2018-02,2,105.0,118.45178596173366,22.142857142857142,"{'alpha': 10.0, 'features': 8}"
final,harmonic_ridge,4513 Aurinkolahden peruskoulu,2017-12,2018-03,3,145.0,149.25596731583514,22.142857142857142,"{'alpha': 10.0, 'features': 8}"
final,harmonic_ridge,4513 Aurinkolahden peruskoulu,2017-12,2018-04,4,139.0,132.53743044974186,22.142857142857142,"{'alpha': 10.0, 'features': 8}"
final,harmonic_ridge,4513 Aurinkolahden peruskoulu,2017-12,2018-05,5,145.0,115.38575611390681,22.142857142857142,"{'alpha': 10.0, 'features': 8}"
final,harmonic_ridge,4513 Aurinkolahden peruskoulu,2017-12,2018-06,6,30.0,52.994738311362624,22.142857142857142,"{'alpha': 10.0, 'features': 8}"
final,harmonic_ridge,4513 Aurinkolahden peruskoulu,2017-12,2018-07,7,7.0,27.653788754511382,22.142857142857142,"{'alpha': 10.0, 'features': 8}"
final,harmonic_ridge,4513 Aurinkolahden peruskoulu,2017-12,2018-08,8,113.0,91.15312391317576,22.142857142857142,"{'alpha': 10.0, 'features': 8}"
final,harmonic_ridge,4513 Aurinkolahden peruskoulu,2017-12,2018-09,9,174.0,137.17621117967104,22.142857142857142,"{'alpha': 10.0, 'features': 8}"
final,harmonic_ridge,4513 Aurinkolahden peruskoulu,2017-12,2018-10,10,125.0,121.50202774889716,22.142857142857142,"{'alpha': 10.0, 'features': 8}"
final,harmonic_ridge,4513 Aurinkolahden peruskoulu,2017-12,2018-11,11,158.0,146.45114666858373,22.142857142857142,"{'alpha': 10.0, 'features': 8}"
final,harmonic_ridge,4513 Aurinkolahden peruskoulu,2017-12,2018-12,12,105.0,116.79681877350566,22.142857142857142,"{'alpha': 10.0, 'features': 8}"
final,seasonal_naive,4521 Tammisalon korttelitalo/Lpk Tammisalo/koulu,2017-12,2018-01,1,115.0,43.0,21.964285714285715,{'seasonalPeriod': 12}
final,seasonal_naive,4521 Tammisalon korttelitalo/Lpk Tammisalo/koulu,2017-12,2018-02,2,71.0,55.0,21.964285714285715,{'seasonalPeriod': 12}
final,seasonal_naive,4521 Tammisalon korttelitalo/Lpk Tammisalo/koulu,2017-12,2018-03,3,78.0,64.0,21.964285714285715,{'seasonalPeriod': 12}
final,seasonal_naive,4521 Tammisalon korttelitalo/Lpk Tammisalo/koulu,2017-12,2018-04,4,76.0,55.0,21.964285714285715,{'seasonalPeriod': 12}
final,seasonal_naive,4521 Tammisalon korttelitalo/Lpk Tammisalo/koulu,2017-12,2018-05,5,78.0,60.0,21.964285714285715,{'seasonalPeriod': 12}
final,seasonal_naive,4521 Tammisalon korttelitalo/Lpk Tammisalo/koulu,2017-12,2018-06,6,76.0,58.0,21.964285714285715,{'seasonalPeriod': 12}
final,seasonal_naive,4521 Tammisalon korttelitalo/Lpk Tammisalo/koulu,2017-12,2018-07,7,78.0,12.0,21.964285714285715,{'seasonalPeriod': 12}
final,seasonal_naive,4521 Tammisalon korttelitalo/Lpk Tammisalo/koulu,2017-12,2018-08,8,78.0,44.0,21.964285714285715,{'seasonalPeriod': 12}
final,seasonal_naive,4521 Tammisalon korttelitalo/Lpk Tammisalo/koulu,2017-12,2018-09,9,76.0,94.0,21.964285714285715,{'seasonalPeriod': 12}
final,seasonal_naive,4521 Tammisalon korttelitalo/Lpk Tammisalo/koulu,2017-12,2018-10,10,78.0,93.0,21.964285714285715,{'seasonalPeriod': 12}
final,seasonal_naive,4521 Tammisalon korttelitalo/Lpk Tammisalo/koulu,2017-12,2018-11,11,76.0,71.0,21.964285714285715,{'seasonalPeriod': 12}
final,seasonal_naive,4521 Tammisalon korttelitalo/Lpk Tammisalo/koulu,2017-12,2018-12,12,103.0,117.0,21.964285714285715,{'seasonalPeriod': 12}
final,ets,4521 Tammisalon korttelitalo/Lpk Tammisalo/koulu,2017-12,2018-01,1,115.0,76.85974075929742,21.964285714285715,"{'specification': 'ETS(A,Ad,A), deterministic grid', 'sse': 67852.81969821102, 'alpha': 0.25, 'beta': 0.01, 'gamma': 0.2, 'phi': 0.9}"
final,ets,4521 Tammisalon korttelitalo/Lpk Tammisalo/koulu,2017-12,2018-02,2,71.0,80.23765206100856,21.964285714285715,"{'specification': 'ETS(A,Ad,A), deterministic grid', 'sse': 67852.81969821102, 'alpha': 0.25, 'beta': 0.01, 'gamma': 0.2, 'phi': 0.9}"
final,ets,4521 Tammisalon korttelitalo/Lpk Tammisalo/koulu,2017-12,2018-03,3,78.0,107.19020439408493,21.964285714285715,"{'specification': 'ETS(A,Ad,A), deterministic grid', 'sse': 67852.81969821102, 'alpha': 0.25, 'beta': 0.01, 'gamma': 0.2, 'phi': 0.9}"
final,ets,4521 Tammisalon korttelitalo/Lpk Tammisalo/koulu,2017-12,2018-04,4,76.0,98.67696335970392,21.964285714285715,"{'specification': 'ETS(A,Ad,A), deterministic grid', 'sse': 67852.81969821102, 'alpha': 0.25, 'beta': 0.01, 'gamma': 0.2, 'phi': 0.9}"
final,ets,4521 Tammisalon korttelitalo/Lpk Tammisalo/koulu,2017-12,2018-05,5,78.0,80.57248453372051,21.964285714285715,"{'specification': 'ETS(A,Ad,A), deterministic grid', 'sse': 67852.81969821102, 'alpha': 0.25, 'beta': 0.01, 'gamma': 0.2, 'phi': 0.9}"
final,ets,4521 Tammisalon korttelitalo/Lpk Tammisalo/koulu,2017-12,2018-06,6,76.0,52.74587448866557,21.964285714285715,"{'specification': 'ETS(A,Ad,A), deterministic grid', 'sse': 67852.81969821102, 'alpha': 0.25, 'beta': 0.01, 'gamma': 0.2, 'phi': 0.9}"
final,ets,4521 Tammisalon korttelitalo/Lpk Tammisalo/koulu,2017-12,2018-07,7,78.0,26.817080478445604,21.964285714285715,"{'specification': 'ETS(A,Ad,A), deterministic grid', 'sse': 67852.81969821102, 'alpha': 0.25, 'beta': 0.01, 'gamma': 0.2, 'phi': 0.9}"
final,ets,4521 Tammisalon korttelitalo/Lpk Tammisalo/koulu,2017-12,2018-08,8,78.0,71.42044037270007,21.964285714285715,"{'specification': 'ETS(A,Ad,A), deterministic grid', 'sse': 67852.81969821102, 'alpha': 0.25, 'beta': 0.01, 'gamma': 0.2, 'phi': 0.9}"
final,ets,4521 Tammisalon korttelitalo/Lpk Tammisalo/koulu,2017-12,2018-09,9,76.0,99.26509330792702,21.964285714285715,"{'specification': 'ETS(A,Ad,A), deterministic grid', 'sse': 67852.81969821102, 'alpha': 0.25, 'beta': 0.01, 'gamma': 0.2, 'phi': 0.9}"
final,ets,4521 Tammisalon korttelitalo/Lpk Tammisalo/koulu,2017-12,2018-10,10,78.0,100.09531592891264,21.964285714285715,"{'specification': 'ETS(A,Ad,A), deterministic grid', 'sse': 67852.81969821102, 'alpha': 0.25, 'beta': 0.01, 'gamma': 0.2, 'phi': 0.9}"
final,ets,4521 Tammisalon korttelitalo/Lpk Tammisalo/koulu,2017-12,2018-11,11,76.0,89.41883290218489,21.964285714285715,"{'specification': 'ETS(A,Ad,A), deterministic grid', 'sse': 67852.81969821102, 'alpha': 0.25, 'beta': 0.01, 'gamma': 0.2, 'phi': 0.9}"
final,ets,4521 Tammisalon korttelitalo/Lpk Tammisalo/koulu,2017-12,2018-12,12,103.0,84.26358451836856,21.964285714285715,"{'specification': 'ETS(A,Ad,A), deterministic grid', 'sse': 67852.81969821102, 'alpha': 0.25, 'beta': 0.01, 'gamma': 0.2, 'phi': 0.9}"
final,sarima_paper,4521 Tammisalon korttelitalo/Lpk Tammisalo/koulu,2017-12,2018-01,1,115.0,100.45722340136287,21.964285714285715,"{'aic': 658.0683219625133, 'order': '(0, 1, 2)', 'seasonalOrder': '(0, 1, 1, 12)'}"
final,sarima_paper,4521 Tammisalon korttelitalo/Lpk Tammisalo/koulu,2017-12,2018-02,2,71.0,75.65366758375758,21.964285714285715,"{'aic': 658.0683219625133, 'order': '(0, 1, 2)', 'seasonalOrder': '(0, 1, 1, 12)'}"
final,sarima_paper,4521 Tammisalon korttelitalo/Lpk Tammisalo/koulu,2017-12,2018-03,3,78.0,113.70701755929278,21.964285714285715,"{'aic': 658.0683219625133, 'order': '(0, 1, 2)', 'seasonalOrder': '(0, 1, 1, 12)'}"
final,sarima_paper,4521 Tammisalon korttelitalo/Lpk Tammisalo/koulu,2017-12,2018-04,4,76.0,98.08276713399881,21.964285714285715,"{'aic': 658.0683219625133, 'order': '(0, 1, 2)', 'seasonalOrder': '(0, 1, 1, 12)'}"
final,sarima_paper,4521 Tammisalon korttelitalo/Lpk Tammisalo/koulu,2017-12,2018-05,5,78.0,83.70772470883708,21.964285714285715,"{'aic': 658.0683219625133, 'order': '(0, 1, 2)', 'seasonalOrder': '(0, 1, 1, 12)'}"
final,sarima_paper,4521 Tammisalon korttelitalo/Lpk Tammisalo/koulu,2017-12,2018-06,6,76.0,53.08423400666467,21.964285714285715,"{'aic': 658.0683219625133, 'order': '(0, 1, 2)', 'seasonalOrder': '(0, 1, 1, 12)'}"
final,sarima_paper,4521 Tammisalon korttelitalo/Lpk Tammisalo/koulu,2017-12,2018-07,7,78.0,20.961327729310362,21.964285714285715,"{'aic': 658.0683219625133, 'order': '(0, 1, 2)', 'seasonalOrder': '(0, 1, 1, 12)'}"
final,sarima_paper,4521 Tammisalon korttelitalo/Lpk Tammisalo/koulu,2017-12,2018-08,8,78.0,69.33335642712255,21.964285714285715,"{'aic': 658.0683219625133, 'order': '(0, 1, 2)', 'seasonalOrder': '(0, 1, 1, 12)'}"
final,sarima_paper,4521 Tammisalon korttelitalo/Lpk Tammisalo/koulu,2017-12,2018-09,9,76.0,96.08200769396913,21.964285714285715,"{'aic': 658.0683219625133, 'order': '(0, 1, 2)', 'seasonalOrder': '(0, 1, 1, 12)'}"
final,sarima_paper,4521 Tammisalon korttelitalo/Lpk Tammisalo/koulu,2017-12,2018-10,10,78.0,102.3323628202992,21.964285714285715,"{'aic': 658.0683219625133, 'order': '(0, 1, 2)', 'seasonalOrder': '(0, 1, 1, 12)'}"
final,sarima_paper,4521 Tammisalon korttelitalo/Lpk Tammisalo/koulu,2017-12,2018-11,11,76.0,90.95794884674017,21.964285714285715,"{'aic': 658.0683219625133, 'order': '(0, 1, 2)', 'seasonalOrder': '(0, 1, 1, 12)'}"
final,sarima_paper,4521 Tammisalon korttelitalo/Lpk Tammisalo/koulu,2017-12,2018-12,12,103.0,79.95733896631208,21.964285714285715,"{'aic': 658.0683219625133, 'order': '(0, 1, 2)', 'seasonalOrder': '(0, 1, 1, 12)'}"
final,harmonic_ridge,4521 Tammisalon korttelitalo/Lpk Tammisalo/koulu,2017-12,2018-01,1,115.0,84.910061036323,21.964285714285715,"{'alpha': 10.0, 'features': 8}"
final,harmonic_ridge,4521 Tammisalon korttelitalo/Lpk Tammisalo/koulu,2017-12,2018-02,2,71.0,68.99516987258322,21.964285714285715,"{'alpha': 10.0, 'features': 8}"
final,harmonic_ridge,4521 Tammisalon korttelitalo/Lpk Tammisalo/koulu,2017-12,2018-03,3,78.0,66.77417113482821,21.964285714285715,"{'alpha': 10.0, 'features': 8}"
final,harmonic_ridge,4521 Tammisalon korttelitalo/Lpk Tammisalo/koulu,2017-12,2018-04,4,76.0,63.42164627079973,21.964285714285715,"{'alpha': 10.0, 'features': 8}"
final,harmonic_ridge,4521 Tammisalon korttelitalo/Lpk Tammisalo/koulu,2017-12,2018-05,5,78.0,60.49082765916726,21.964285714285715,"{'alpha': 10.0, 'features': 8}"
final,harmonic_ridge,4521 Tammisalon korttelitalo/Lpk Tammisalo/koulu,2017-12,2018-06,6,76.0,56.60278342462303,21.964285714285715,"{'alpha': 10.0, 'features': 8}"
final,harmonic_ridge,4521 Tammisalon korttelitalo/Lpk Tammisalo/koulu,2017-12,2018-07,7,78.0,42.79073577961775,21.964285714285715,"{'alpha': 10.0, 'features': 8}"
final,harmonic_ridge,4521 Tammisalon korttelitalo/Lpk Tammisalo/koulu,2017-12,2018-08,8,78.0,49.481431918862775,21.964285714285715,"{'alpha': 10.0, 'features': 8}"
final,harmonic_ridge,4521 Tammisalon korttelitalo/Lpk Tammisalo/koulu,2017-12,2018-09,9,76.0,71.2404865099031,21.964285714285715,"{'alpha': 10.0, 'features': 8}"
final,harmonic_ridge,4521 Tammisalon korttelitalo/Lpk Tammisalo/koulu,2017-12,2018-10,10,78.0,81.74456931623278,21.964285714285715,"{'alpha': 10.0, 'features': 8}"
final,harmonic_ridge,4521 Tammisalon korttelitalo/Lpk Tammisalo/koulu,2017-12,2018-11,11,76.0,79.34757299247661,21.964285714285715,"{'alpha': 10.0, 'features': 8}"
final,harmonic_ridge,4521 Tammisalon korttelitalo/Lpk Tammisalo/koulu,2017-12,2018-12,12,103.0,91.08241911244602,21.964285714285715,"{'alpha': 10.0, 'features': 8}"
final,seasonal_naive,PORTFOLIO_TOTAL,2017-12,2018-01,1,1137.0,948.0,115.9047619047619,{'seasonalPeriod': 12}
final,seasonal_naive,PORTFOLIO_TOTAL,2017-12,2018-02,2,1005.0,1018.0,115.9047619047619,{'seasonalPeriod': 12}
final,seasonal_naive,PORTFOLIO_TOTAL,2017-12,2018-03,3,1270.0,1427.0,115.9047619047619,{'seasonalPeriod': 12}
final,seasonal_naive,PORTFOLIO_TOTAL,2017-12,2018-04,4,1267.0,1288.0,115.9047619047619,{'seasonalPeriod': 12}
final,seasonal_naive,PORTFOLIO_TOTAL,2017-12,2018-05,5,1267.0,1137.0,115.9047619047619,{'seasonalPeriod': 12}
final,seasonal_naive,PORTFOLIO_TOTAL,2017-12,2018-06,6,538.0,505.0,115.9047619047619,{'seasonalPeriod': 12}
final,seasonal_naive,PORTFOLIO_TOTAL,2017-12,2018-07,7,379.0,356.0,115.9047619047619,{'seasonalPeriod': 12}
final,seasonal_naive,PORTFOLIO_TOTAL,2017-12,2018-08,8,971.0,1222.0,115.9047619047619,{'seasonalPeriod': 12}
final,seasonal_naive,PORTFOLIO_TOTAL,2017-12,2018-09,9,1293.0,1393.0,115.9047619047619,{'seasonalPeriod': 12}
final,seasonal_naive,PORTFOLIO_TOTAL,2017-12,2018-10,10,1145.0,1116.0,115.9047619047619,{'seasonalPeriod': 12}
final,seasonal_naive,PORTFOLIO_TOTAL,2017-12,2018-11,11,1371.0,1324.0,115.9047619047619,{'seasonalPeriod': 12}
final,seasonal_naive,PORTFOLIO_TOTAL,2017-12,2018-12,12,1020.0,991.0,115.9047619047619,{'seasonalPeriod': 12}
final,ets,PORTFOLIO_TOTAL,2017-12,2018-01,1,1137.0,1046.7109998181609,115.9047619047619,"{'specification': 'ETS(A,Ad,A), deterministic grid', 'sse': 1363719.2152719223, 'alpha': 0.25, 'beta': 0.01, 'gamma': 0.4, 'phi': 0.9}"
final,ets,PORTFOLIO_TOTAL,2017-12,2018-02,2,1005.0,1030.8348093612185,115.9047619047619,"{'specification': 'ETS(A,Ad,A), deterministic grid', 'sse': 1363719.2152719223, 'alpha': 0.25, 'beta': 0.01, 'gamma': 0.4, 'phi': 0.9}"
final,ets,PORTFOLIO_TOTAL,2017-12,2018-03,3,1270.0,1474.4967525859201,115.9047619047619,"{'specification': 'ETS(A,Ad,A), deterministic grid', 'sse': 1363719.2152719223, 'alpha': 0.25, 'beta': 0.01, 'gamma': 0.4, 'phi': 0.9}"
final,ets,PORTFOLIO_TOTAL,2017-12,2018-04,4,1267.0,1288.546068435459,115.9047619047619,"{'specification': 'ETS(A,Ad,A), deterministic grid', 'sse': 1363719.2152719223, 'alpha': 0.25, 'beta': 0.01, 'gamma': 0.4, 'phi': 0.9}"
final,ets,PORTFOLIO_TOTAL,2017-12,2018-05,5,1267.0,1159.9631072672987,115.9047619047619,"{'specification': 'ETS(A,Ad,A), deterministic grid', 'sse': 1363719.2152719223, 'alpha': 0.25, 'beta': 0.01, 'gamma': 0.4, 'phi': 0.9}"
final,ets,PORTFOLIO_TOTAL,2017-12,2018-06,6,538.0,532.0045408707851,115.9047619047619,"{'specification': 'ETS(A,Ad,A), deterministic grid', 'sse': 1363719.2152719223, 'alpha': 0.25, 'beta': 0.01, 'gamma': 0.4, 'phi': 0.9}"
final,ets,PORTFOLIO_TOTAL,2017-12,2018-07,7,379.0,436.6960969219838,115.9047619047619,"{'specification': 'ETS(A,Ad,A), deterministic grid', 'sse': 1363719.2152719223, 'alpha': 0.25, 'beta': 0.01, 'gamma': 0.4, 'phi': 0.9}"
final,ets,PORTFOLIO_TOTAL,2017-12,2018-08,8,971.0,1053.5895145007328,115.9047619047619,"{'specification': 'ETS(A,Ad,A), deterministic grid', 'sse': 1363719.2152719223, 'alpha': 0.25, 'beta': 0.01, 'gamma': 0.4, 'phi': 0.9}"
final,ets,PORTFOLIO_TOTAL,2017-12,2018-09,9,1293.0,1416.6713148456072,115.9047619047619,"{'specification': 'ETS(A,Ad,A), deterministic grid', 'sse': 1363719.2152719223, 'alpha': 0.25, 'beta': 0.01, 'gamma': 0.4, 'phi': 0.9}"
final,ets,PORTFOLIO_TOTAL,2017-12,2018-10,10,1145.0,1202.7470634892418,115.9047619047619,"{'specification': 'ETS(A,Ad,A), deterministic grid', 'sse': 1363719.2152719223, 'alpha': 0.25, 'beta': 0.01, 'gamma': 0.4, 'phi': 0.9}"
final,ets,PORTFOLIO_TOTAL,2017-12,2018-11,11,1371.0,1323.9705972105912,115.9047619047619,"{'specification': 'ETS(A,Ad,A), deterministic grid', 'sse': 1363719.2152719223, 'alpha': 0.25, 'beta': 0.01, 'gamma': 0.4, 'phi': 0.9}"
final,ets,PORTFOLIO_TOTAL,2017-12,2018-12,12,1020.0,967.0083770328212,115.9047619047619,"{'specification': 'ETS(A,Ad,A), deterministic grid', 'sse': 1363719.2152719223, 'alpha': 0.25, 'beta': 0.01, 'gamma': 0.4, 'phi': 0.9}"
final,sarima_paper,PORTFOLIO_TOTAL,2017-12,2018-01,1,1137.0,988.2630685613879,115.9047619047619,"{'aic': 857.0268136637035, 'order': '(0, 1, 2)', 'seasonalOrder': '(0, 1, 1, 12)'}"
final,sarima_paper,PORTFOLIO_TOTAL,2017-12,2018-02,2,1005.0,1005.9461052284516,115.9047619047619,"{'aic': 857.0268136637035, 'order': '(0, 1, 2)', 'seasonalOrder': '(0, 1, 1, 12)'}"
final,sarima_paper,PORTFOLIO_TOTAL,2017-12,2018-03,3,1270.0,1446.8351625416317,115.9047619047619,"{'aic': 857.0268136637035, 'order': '(0, 1, 2)', 'seasonalOrder': '(0, 1, 1, 12)'}"
final,sarima_paper,PORTFOLIO_TOTAL,2017-12,2018-04,4,1267.0,1266.826940021896,115.9047619047619,"{'aic': 857.0268136637035, 'order': '(0, 1, 2)', 'seasonalOrder': '(0, 1, 1, 12)'}"
final,sarima_paper,PORTFOLIO_TOTAL,2017-12,2018-05,5,1267.0,1109.4048603516499,115.9047619047619,"{'aic': 857.0268136637035, 'order': '(0, 1, 2)', 'seasonalOrder': '(0, 1, 1, 12)'}"
final,sarima_paper,PORTFOLIO_TOTAL,2017-12,2018-06,6,538.0,513.0341002796614,115.9047619047619,"{'aic': 857.0268136637035, 'order': '(0, 1, 2)', 'seasonalOrder': '(0, 1, 1, 12)'}"
final,sarima_paper,PORTFOLIO_TOTAL,2017-12,2018-07,7,379.0,422.44874290195384,115.9047619047619,"{'aic': 857.0268136637035, 'order': '(0, 1, 2)', 'seasonalOrder': '(0, 1, 1, 12)'}"
final,sarima_paper,PORTFOLIO_TOTAL,2017-12,2018-08,8,971.0,1102.2999098756213,115.9047619047619,"{'aic': 857.0268136637035, 'order': '(0, 1, 2)', 'seasonalOrder': '(0, 1, 1, 12)'}"
final,sarima_paper,PORTFOLIO_TOTAL,2017-12,2018-09,9,1293.0,1440.9612330741445,115.9047619047619,"{'aic': 857.0268136637035, 'order': '(0, 1, 2)', 'seasonalOrder': '(0, 1, 1, 12)'}"
final,sarima_paper,PORTFOLIO_TOTAL,2017-12,2018-10,10,1145.0,1160.3499782840581,115.9047619047619,"{'aic': 857.0268136637035, 'order': '(0, 1, 2)', 'seasonalOrder': '(0, 1, 1, 12)'}"
final,sarima_paper,PORTFOLIO_TOTAL,2017-12,2018-11,11,1371.0,1313.8273256064276,115.9047619047619,"{'aic': 857.0268136637035, 'order': '(0, 1, 2)', 'seasonalOrder': '(0, 1, 1, 12)'}"
final,sarima_paper,PORTFOLIO_TOTAL,2017-12,2018-12,12,1020.0,968.3613534362224,115.9047619047619,"{'aic': 857.0268136637035, 'order': '(0, 1, 2)', 'seasonalOrder': '(0, 1, 1, 12)'}"
final,harmonic_ridge,PORTFOLIO_TOTAL,2017-12,2018-01,1,1137.0,990.3311293340385,115.9047619047619,"{'alpha': 10.0, 'features': 8}"
final,harmonic_ridge,PORTFOLIO_TOTAL,2017-12,2018-02,2,1005.0,1045.9205521508509,115.9047619047619,"{'alpha': 10.0, 'features': 8}"
final,harmonic_ridge,PORTFOLIO_TOTAL,2017-12,2018-03,3,1270.0,1333.5097749922586,115.9047619047619,"{'alpha': 10.0, 'features': 8}"
final,harmonic_ridge,PORTFOLIO_TOTAL,2017-12,2018-04,4,1267.0,1231.6669548161533,115.9047619047619,"{'alpha': 10.0, 'features': 8}"
final,harmonic_ridge,PORTFOLIO_TOTAL,2017-12,2018-05,5,1267.0,1062.1634062804621,115.9047619047619,"{'alpha': 10.0, 'features': 8}"
final,harmonic_ridge,PORTFOLIO_TOTAL,2017-12,2018-06,6,538.0,582.3017371822219,115.9047619047619,"{'alpha': 10.0, 'features': 8}"
final,harmonic_ridge,PORTFOLIO_TOTAL,2017-12,2018-07,7,379.0,450.2636563603554,115.9047619047619,"{'alpha': 10.0, 'features': 8}"
final,harmonic_ridge,PORTFOLIO_TOTAL,2017-12,2018-08,8,971.0,1092.3815407660918,115.9047619047619,"{'alpha': 10.0, 'features': 8}"
final,harmonic_ridge,PORTFOLIO_TOTAL,2017-12,2018-09,9,1293.0,1330.494313072023,115.9047619047619,"{'alpha': 10.0, 'features': 8}"
final,harmonic_ridge,PORTFOLIO_TOTAL,2017-12,2018-10,10,1145.0,1141.1423529019519,115.9047619047619,"{'alpha': 10.0, 'features': 8}"
final,harmonic_ridge,PORTFOLIO_TOTAL,2017-12,2018-11,11,1371.0,1229.6641830302335,115.9047619047619,"{'alpha': 10.0, 'features': 8}"
final,harmonic_ridge,PORTFOLIO_TOTAL,2017-12,2018-12,12,1020.0,1029.0866713840055,115.9047619047619,"{'alpha': 10.0, 'features': 8}"
